"","Age","Year","Mean","SD","broodYear","peel","Convergence","Growth_Model","Sex","re_model","lwr_95","upr_95"
"1",2,1960,1.16767949366832,0.0367069944476493,1958,0,"Converged","weight","Male","3dar1",1.09573378455093,1.23962520278572
"2",3,1960,1.54610112695907,0.056709473606673,1957,0,"Converged","weight","Male","3dar1",1.43495055868999,1.65725169522815
"3",4,1960,1.85044337003916,0.0780794004660897,1956,0,"Converged","weight","Male","3dar1",1.69740774512562,2.0034789949527
"4",5,1960,2.082489361952,0.0952116877167022,1955,0,"Converged","weight","Male","3dar1",1.89587445402726,2.26910426987674
"5",6,1960,2.2536145953212,0.110043260315092,1954,0,"Converged","weight","Male","3dar1",2.03792980510362,2.46929938553878
"6",7,1960,2.3771232546744,0.123698170760757,1953,0,"Converged","weight","Male","3dar1",2.13467483998332,2.61957166936548
"7",8,1960,2.46500411413776,0.136205049224916,1952,0,"Converged","weight","Male","3dar1",2.19804221765692,2.73196601061859
"8",9,1960,2.52693994289521,0.147254613554959,1951,0,"Converged","weight","Male","3dar1",2.23832090032749,2.81555898546293
"9",10,1960,2.57030946115538,0.156637777662556,1950,0,"Converged","weight","Male","3dar1",2.26329941693677,2.87731950537399
"10",11,1960,2.60054569993684,0.16434099451572,1949,0,"Converged","weight","Male","3dar1",2.27843735068603,2.92265404918765
"11",12,1960,2.6215638328041,0.170498210376987,1948,0,"Converged","weight","Male","3dar1",2.28738734046521,2.955740325143
"12",13,1960,2.63614610247646,0.175319008464765,1947,0,"Converged","weight","Male","3dar1",2.29252084588552,2.9797713590674
"13",14,1960,2.64625142932514,0.179033747446235,1946,0,"Converged","weight","Male","3dar1",2.29534528433052,2.99715757431976
"14",15,1960,2.6532503648297,0.181861049680466,1945,0,"Converged","weight","Male","3dar1",2.29680270745599,3.00969802220341
"15",16,1960,2.65809767354127,0.183992286481924,1944,0,"Converged","weight","Male","3dar1",2.2974727920367,3.01872255504584
"16",17,1960,2.6614564456272,0.185586721324596,1943,0,"Converged","weight","Male","3dar1",2.29770647183099,3.02520641942341
"17",18,1960,2.66378618986046,0.186772459980601,1942,0,"Converged","weight","Male","3dar1",2.29771216829849,3.02986021142244
"18",19,1960,2.66540478904824,0.187650105474276,1941,0,"Converged","weight","Male","3dar1",2.29761058231866,3.03319899577782
"19",20,1960,2.66653185959229,0.188297287741288,1940,0,"Converged","weight","Male","3dar1",2.29746917561937,3.03559454356522
"20",21,1960,2.66731896778588,0.188773129645687,1939,0,"Converged","weight","Male","3dar1",2.29732363368033,3.03731430189143
"21",22,1960,2.66787064124283,0.189122209227501,1938,0,"Converged","weight","Male","3dar1",2.29719111115693,3.03855017132873
"22",23,1960,2.66825894032303,0.189377878518748,1937,0,"Converged","weight","Male","3dar1",2.29707829842628,3.03943958221977
"23",24,1960,2.66853356519341,0.189564932317718,1936,0,"Converged","weight","Male","3dar1",2.29698629785069,3.04008083253614
"24",25,1960,2.66872882146442,0.189701713502045,1935,0,"Converged","weight","Male","3dar1",2.29691346300041,3.04054417992843
"25",26,1960,2.66886843731477,0.189801734368813,1934,0,"Converged","weight","Male","3dar1",2.2968570379519,3.04087983667764
"26",27,1960,2.66896886230015,0.189874917031695,1933,0,"Converged","weight","Male","3dar1",2.29681402491803,3.04112369968227
"27",28,1960,2.66904153216449,0.18992853120024,1932,0,"Converged","weight","Male","3dar1",2.29678161101202,3.04130145331696
"28",29,1960,2.66909446663629,0.189967877647854,1931,0,"Converged","weight","Male","3dar1",2.2967574264465,3.04143150682609
"29",30,1960,2.66913328752886,0.189996825299533,1930,0,"Converged","weight","Male","3dar1",2.29673950994177,3.04152706511594
"30",31,1960,2.66916197665431,0.190018186505286,1929,0,"Converged","weight","Male","3dar1",2.29672633110395,3.04159762220467
"31",2,1961,1.16772330965183,0.0415359936193489,1959,0,"Converged","weight","Male","3dar1",1.08631276215791,1.24913385714575
"32",3,1961,1.5461860900346,0.0665739036984813,1958,0,"Converged","weight","Male","3dar1",1.41570123878557,1.67667094128362
"33",4,1961,1.85055044401817,0.0921097899416351,1957,0,"Converged","weight","Male","3dar1",1.67001525573257,2.03108563230377
"34",5,1961,2.08259497824902,0.11291344806308,1956,0,"Converged","weight","Male","3dar1",1.86128462004538,2.30390533645266
"35",6,1961,2.25369815153677,0.130560070888923,1955,0,"Converged","weight","Male","3dar1",1.99780041259448,2.50959589047905
"36",7,1961,2.37716902943699,0.146116735823002,1954,0,"Converged","weight","Male","3dar1",2.0907802272239,2.66355783165007
"37",8,1961,2.46500163139763,0.159805857651801,1953,0,"Converged","weight","Male","3dar1",2.1517821504001,2.77822111239516
"38",9,1961,2.52688388183659,0.171561756142385,1952,0,"Converged","weight","Male","3dar1",2.19062283979751,2.86314492387566
"39",10,1961,2.57019916364272,0.181366258486758,1951,0,"Converged","weight","Male","3dar1",2.21472129700867,2.92567703027676
"40",11,1961,2.60038425252516,0.189329439797852,1950,0,"Converged","weight","Male","3dar1",2.22929855052136,2.97146995452895
"41",12,1961,2.62135697040373,0.195658028065981,1949,0,"Converged","weight","Male","3dar1",2.23786723539441,3.00484670541306
"42",13,1961,2.63590123091009,0.20060215434885,1948,0,"Converged","weight","Male","3dar1",2.24272100838634,3.02908145343384
"43",14,1961,2.64597687172517,0.204413855325471,1947,0,"Converged","weight","Male","3dar1",2.24532571528725,3.0466280281631
"44",15,1961,2.65295470935063,0.207322892146764,1946,0,"Converged","weight","Male","3dar1",2.24660184074297,3.05930757795829
"45",16,1961,2.65778929257468,0.209526089860746,1945,0,"Converged","weight","Male","3dar1",2.24711815644762,3.06846042870174
"46",17,1961,2.66114314108711,0.211185222023406,1944,0,"Converged","weight","Male","3dar1",2.24722010592124,3.07506617625299
"47",18,1961,2.66347494622808,0.212429466740009,1943,0,"Converged","weight","Male","3dar1",2.24711319141766,3.07983670103849
"48",19,1961,2.66510158439266,0.213359874293593,1942,0,"Converged","weight","Male","3dar1",2.24691623077722,3.0832869380081
"49",20,1961,2.66624154987267,0.214054308066494,1941,0,"Converged","weight","Male","3dar1",2.24669510606234,3.085787993683
"50",21,1961,2.66704523751322,0.214572105228145,1940,0,"Converged","weight","Male","3dar1",2.24648391126606,3.08760656376039
"51",22,1961,2.66761602592647,0.214958113323993,1939,0,"Converged","weight","Male","3dar1",2.24629812381144,3.0889339280415
"52",23,1961,2.66802490587512,0.215246024959747,1938,0,"Converged","weight","Male","3dar1",2.24614269695401,3.08990711479622
"53",24,1961,2.66832065137844,0.215461028889132,1937,0,"Converged","weight","Male","3dar1",2.24601703475574,3.09062426800114
"54",25,1961,2.66853680589754,0.215621894060712,1936,0,"Converged","weight","Male","3dar1",2.24591789353855,3.09115571825654
"55",26,1961,2.66869651958836,0.215742565899852,1935,0,"Converged","weight","Male","3dar1",2.24584109042465,3.09155194875207
"56",27,1961,2.66881583187914,0.215833389439195,1934,0,"Converged","weight","Male","3dar1",2.24578238857832,3.09184927517997
"57",28,1961,2.66890590988866,0.215902036614017,1933,0,"Converged","weight","Male","3dar1",2.24573791812519,3.09207390165214
"58",29,1961,2.66897466787151,0.215954169005419,1932,0,"Converged","weight","Male","3dar1",2.24570449662089,3.09224483912214
"59",30,1961,2.66902770545085,0.215993982385908,1931,0,"Converged","weight","Male","3dar1",2.24567949997447,3.09237591092723
"60",31,1961,2.66906906865519,0.21602457363829,1930,0,"Converged","weight","Male","3dar1",2.24566090432414,3.09247723298624
"61",2,1962,1.16777542546927,0.0440033138789051,1960,0,"Converged","weight","Male","3dar1",1.08152893026661,1.25402192067192
"62",3,1962,1.54629388361349,0.071799222888173,1959,0,"Converged","weight","Male","3dar1",1.40556740675267,1.68702036047431
"63",4,1962,1.85069822760373,0.099897744776556,1958,0,"Converged","weight","Male","3dar1",1.65489864784168,2.04649780736578
"64",5,1962,2.08275935480338,0.123136688599819,1957,0,"Converged","weight","Male","3dar1",1.84141144514774,2.32410726445903
"65",6,1962,2.25385635507906,0.142861932584774,1956,0,"Converged","weight","Male","3dar1",1.9738469672129,2.53386574294521
"66",7,1962,2.37730160068882,0.160055358374637,1955,0,"Converged","weight","Male","3dar1",2.06359309827453,2.69101010310311
"67",8,1962,2.46509349827,0.174986666410018,1954,0,"Converged","weight","Male","3dar1",2.12211963210637,2.80806736443364
"68",9,1962,2.52692491409195,0.18768407868903,1953,0,"Converged","weight","Male","3dar1",2.15906411986145,2.89478570832245
"69",10,1962,2.57018418700035,0.198216560885568,1952,0,"Converged","weight","Male","3dar1",2.18167972766464,2.95868864633607
"70",11,1962,2.60031244779261,0.206758637814299,1951,0,"Converged","weight","Male","3dar1",2.19506551767658,3.00555937790863
"71",12,1962,2.62123092557551,0.213560316979829,1950,0,"Converged","weight","Male","3dar1",2.20265270429504,3.03980914685597
"72",13,1962,2.63572600879743,0.21889969145608,1949,0,"Converged","weight","Male","3dar1",2.20668261354351,3.06476940405134
"73",14,1962,2.64575924901786,0.223046771052404,1948,0,"Converged","weight","Male","3dar1",2.20858757775515,3.08293092028058
"74",15,1962,2.65270246408185,0.226243118182193,1947,0,"Converged","weight","Male","3dar1",2.20926595244475,3.09613897571894
"75",16,1962,2.65751064128136,0.228693640918055,1946,0,"Converged","weight","Male","3dar1",2.20927110508197,3.10575017748075
"76",17,1962,2.66084628840379,0.230565979969875,1945,0,"Converged","weight","Male","3dar1",2.20893696766283,3.11275560914474
"77",18,1962,2.66316773701963,0.231993850351876,1944,0,"Converged","weight","Male","3dar1",2.20845979032995,3.1178756837093
"78",19,1962,2.66479120555457,0.233082026168777,1943,0,"Converged","weight","Male","3dar1",2.20795043426377,3.12163197684538
"79",20,1962,2.66593430459225,0.233911567812971,1942,0,"Converged","weight","Male","3dar1",2.20746763167883,3.12440097750567
"80",21,1962,2.66674638908114,0.234544639833852,1941,0,"Converged","weight","Male","3dar1",2.20703889500679,3.1264538831555
"81",22,1962,2.66732972357851,0.235028628204714,1940,0,"Converged","weight","Male","3dar1",2.20667361229727,3.12798583485975
"82",23,1962,2.66775418100156,0.235399517297036,1939,0,"Converged","weight","Male","3dar1",2.20637112709937,3.12913723490375
"83",24,1962,2.66806749926466,0.235684557518273,1938,0,"Converged","weight","Male","3dar1",2.20612576652884,3.13000923200047
"84",25,1962,2.6683023057971,0.235904362773497,1937,0,"Converged","weight","Male","3dar1",2.20592975476104,3.13067485683315
"85",26,1962,2.66848099533522,0.236074514763802,1936,0,"Converged","weight","Male","3dar1",2.20577494639817,3.13118704427227
"86",27,1962,2.66861901005655,0.236206798272541,1935,0,"Converged","weight","Male","3dar1",2.20565368544237,3.13158433467073
"87",28,1962,2.66872706092626,0.236310144396148,1934,0,"Converged","weight","Male","3dar1",2.20555917790981,3.13189494394271
"88",29,1962,2.6688127886298,0.236391296095427,1933,0,"Converged","weight","Male","3dar1",2.20548584828277,3.13213972897684
"89",30,1962,2.66888161845504,0.236455378699433,1932,0,"Converged","weight","Male","3dar1",2.20542907620416,3.13233416070593
"90",31,1962,2.66893753324569,0.236506276383523,1931,0,"Converged","weight","Male","3dar1",2.20538523153398,3.13248983495739
"91",2,1963,1.16783753242711,0.0453199240142982,1961,0,"Converged","weight","Male","3dar1",1.07901048135908,1.25666458349513
"92",3,1963,1.54642769885939,0.0747278282929487,1960,0,"Converged","weight","Male","3dar1",1.39996115540521,1.69289424231357
"93",4,1963,1.85089101548651,0.104466396839857,1959,0,"Converged","weight","Male","3dar1",1.64613687768039,2.05564515329263
"94",5,1963,2.08298772665168,0.129373185718208,1958,0,"Converged","weight","Male","3dar1",1.82941628264399,2.33655917065937
"95",6,1963,2.25409557127416,0.15064273236187,1957,0,"Converged","weight","Male","3dar1",1.9588358158449,2.54935532670343
"96",7,1963,2.37752877890943,0.169177615686238,1956,0,"Converged","weight","Male","3dar1",2.04594065216441,2.70911690565446
"97",8,1963,2.46528923385704,0.185243967439029,1955,0,"Converged","weight","Male","3dar1",2.10221105767655,2.82836741003754
"98",9,1963,2.52707441640294,0.198901199256985,1954,0,"Converged","weight","Male","3dar1",2.13722806585925,2.91692076694663
"99",10,1963,2.57027779890605,0.21025453350309,1953,0,"Converged","weight","Male","3dar1",2.15817891323999,2.9823766845721
"100",11,1963,2.60034536785037,0.219508178833635,1952,0,"Converged","weight","Male","3dar1",2.17010933733645,3.0305813983643
"101",12,1963,2.62120241087955,0.226933533029952,1951,0,"Converged","weight","Male","3dar1",2.17641268614085,3.06599213561826
"102",13,1963,2.63563849983121,0.232823430485581,1950,0,"Converged","weight","Male","3dar1",2.17930457607947,3.09197242358295
"103",14,1963,2.64561762865445,0.237458076759855,1949,0,"Converged","weight","Male","3dar1",2.18019979820514,3.11103545910377
"104",15,1963,2.65251330824427,0.241086390460846,1948,0,"Converged","weight","Male","3dar1",2.17998398294101,3.12504263354753
"105",16,1963,2.65728160079152,0.243918952011729,1947,0,"Converged","weight","Male","3dar1",2.17920045484853,3.13536274673451
"106",17,1963,2.66058556835286,0.246128110426678,1946,0,"Converged","weight","Male","3dar1",2.17817447191657,3.14299666478915
"107",18,1963,2.66288367125084,0.247851737843568,1945,0,"Converged","weight","Male","3dar1",2.17709426507745,3.14867307742424
"108",19,1963,2.66449186457612,0.249198442292398,1944,0,"Converged","weight","Male","3dar1",2.17606291768302,3.15292081146922
"109",20,1963,2.66562716923469,0.250252900085568,1943,0,"Converged","weight","Male","3dar1",2.17513148506698,3.1561228534024
"110",21,1963,2.6664380908691,0.251080714511208,1942,0,"Converged","weight","Male","3dar1",2.17431989042713,3.15855629131107
"111",22,1963,2.66702587346329,0.251732536437341,1941,0,"Converged","weight","Male","3dar1",2.1736301020461,3.16042164488047
"112",23,1963,2.66745927816467,0.252247430640849,1940,0,"Converged","weight","Male","3dar1",2.1730543141086,3.16186424222073
"113",24,1963,2.6677849471532,0.252655522211342,1939,0,"Converged","weight","Male","3dar1",2.17258012361897,3.16298977068744
"114",25,1963,2.66803448215696,0.252980079946718,1938,0,"Converged","weight","Male","3dar1",2.1721935254614,3.16387543885253
"115",26,1963,2.668229383871,0.253239108532881,1937,0,"Converged","weight","Male","3dar1",2.17188073114656,3.16457803659545
"116",27,1963,2.66838434183669,0.253446581303785,1936,0,"Converged","weight","Male","3dar1",2.17162904248127,3.16513964119211
"117",28,1963,2.66850944619319,0.253613389797918,1935,0,"Converged","weight","Male","3dar1",2.17142720218927,3.16559169019711
"118",29,1963,2.66861191635234,0.253748005044754,1934,0,"Converged","weight","Male","3dar1",2.17126582646462,3.16595800624005
"119",30,1963,2.66869686329398,0.253857070225217,1933,0,"Converged","weight","Male","3dar1",2.17113700565255,3.1662567209354
"120",31,1963,2.66876808765051,0.253945785421908,1932,0,"Converged","weight","Male","3dar1",2.17103434822357,3.16650182707745
"121",2,1964,1.16791141515073,0.0460341917161698,1962,0,"Converged","weight","Male","3dar1",1.07768439938704,1.25813843091442
"122",3,1964,1.54659119088096,0.0764077619139739,1961,0,"Converged","weight","Male","3dar1",1.39683197752957,1.69635040423234
"123",4,1964,1.85113408142694,0.107204604447541,1960,0,"Converged","weight","Male","3dar1",1.64101305670976,2.06125510614413
"124",5,1964,2.08328680600155,0.133254173672496,1959,0,"Converged","weight","Male","3dar1",1.82210862560346,2.34446498639964
"125",6,1964,2.2544240475206,0.155657257888964,1958,0,"Converged","weight","Male","3dar1",1.94933582205823,2.55951227298297
"126",7,1964,2.37786053354312,0.175255852923066,1957,0,"Converged","weight","Male","3dar1",2.03435906181392,2.72136200527233
"127",8,1964,2.46560065341203,0.192297192065776,1956,0,"Converged","weight","Male","3dar1",2.0886981569631,2.84250314986095
"128",9,1964,2.52734606901031,0.206844397934229,1955,0,"Converged","weight","Male","3dar1",2.12193104905922,2.9327610889614
"129",10,1964,2.5704954777547,0.219012910523317,1954,0,"Converged","weight","Male","3dar1",2.141230173129,2.9997607823804
"130",11,1964,2.60050015201163,0.229016311503187,1953,0,"Converged","weight","Male","3dar1",2.15162818146538,3.04937212255787
"131",12,1964,2.62129001905761,0.237132677411617,1952,0,"Converged","weight","Male","3dar1",2.15650997133084,3.08607006678438
"132",13,1964,2.63565847678111,0.243659150170878,1951,0,"Converged","weight","Male","3dar1",2.15808654244619,3.11323041111603
"133",14,1964,2.64557264413734,0.248878699238789,1950,0,"Converged","weight","Male","3dar1",2.15777039362931,3.13337489464537
"134",15,1964,2.65240838536625,0.253042231025192,1949,0,"Converged","weight","Male","3dar1",2.15644561255687,3.14837115817562
"135",16,1964,2.65712346196394,0.256362066420448,1948,0,"Converged","weight","Male","3dar1",2.15465381177986,3.15959311214801
"136",17,1964,2.66038206447223,0.259012361298224,1947,0,"Converged","weight","Male","3dar1",2.15271783632771,3.16804629261675
"137",18,1964,2.66264329870454,0.261133009557415,1946,0,"Converged","weight","Male","3dar1",2.150822599972,3.17446399743707
"138",19,1964,2.66422329217202,0.262834908138121,1945,0,"Converged","weight","Male","3dar1",2.1490668722213,3.17937971212274
"139",20,1964,2.66533881889768,0.264205271494138,1944,0,"Converged","weight","Male","3dar1",2.14749648676917,3.18318115102619
"140",21,1964,2.666137776345,0.265312440538991,1943,0,"Converged","weight","Male","3dar1",2.14612539288858,3.18615015980143
"141",22,1964,2.66672053018121,0.266209935525412,1942,0,"Converged","weight","Male","3dar1",2.1449490565514,3.18849200381101
"142",23,1964,2.66715477933485,0.266939753523753,1941,0,"Converged","weight","Male","3dar1",2.14395286242829,3.19035669624141
"143",24,1964,2.66748605022881,0.267534943264074,1940,0,"Converged","weight","Male","3dar1",2.14311756143123,3.1918545390264
"144",25,1964,2.66774484335479,0.268021630750401,1939,0,"Converged","weight","Male","3dar1",2.14242244708401,3.19306723962558
"145",26,1964,2.66795165716155,0.268420560836814,1938,0,"Converged","weight","Male","3dar1",2.1418473579214,3.19405595640171
"146",27,1964,2.66812029844737,0.268748293940937,1937,0,"Converged","weight","Male","3dar1",2.14137364232313,3.1948669545716
"147",28,1964,2.66826008962691,0.269018134045789,1936,0,"Converged","weight","Male","3dar1",2.14098454689716,3.19553563235665
"148",29,1964,2.66837769975654,0.269240760582195,1935,0,"Converged","weight","Male","3dar1",2.14066580901544,3.19608959049765
"149",30,1964,2.66847779759437,0.269424823821263,1934,0,"Converged","weight","Male","3dar1",2.1404051429047,3.19655045228405
"150",31,1964,2.66856389310907,0.269577321874476,1933,0,"Converged","weight","Male","3dar1",2.1401923422351,3.19693544398305
"151",2,1965,1.16799897729701,0.046422790769435,1963,0,"Converged","weight","Male","3dar1",1.07701030738892,1.25898764720511
"152",3,1965,1.54678846826773,0.0773798656699688,1962,0,"Converged","weight","Male","3dar1",1.3951239315546,1.69845300498087
"153",4,1965,1.85143360071663,0.108853664119465,1961,0,"Converged","weight","Male","3dar1",1.63808041904248,2.06478678239078
"154",5,1965,2.08366465263951,0.135672422501893,1960,0,"Converged","weight","Male","3dar1",1.8177467045358,2.34958260074322
"155",6,1965,2.25485178701997,0.158886478649214,1959,0,"Converged","weight","Male","3dar1",1.94343428886751,2.56626928517243
"156",7,1965,2.37830893205971,0.179299310728616,1958,0,"Converged","weight","Male","3dar1",2.02688228303162,2.7297355810878
"157",8,1965,2.46604191828068,0.197139637747401,1957,0,"Converged","weight","Male","3dar1",2.07964822829578,2.85243560826559
"158",9,1965,2.52775603865974,0.212464254820287,1956,0,"Converged","weight","Male","3dar1",2.11132609921198,2.9441859781075
"159",10,1965,2.57085523061866,0.225386593791509,1955,0,"Converged","weight","Male","3dar1",2.1290975067873,3.01261295445002
"160",11,1965,2.60079643654912,0.236118638468902,1954,0,"Converged","weight","Male","3dar1",2.13800390515008,3.06358896794817
"161",12,1965,2.62151476062367,0.244936190729852,1953,0,"Converged","weight","Male","3dar1",2.14143982679316,3.10158969445418
"162",13,1965,2.63580802607431,0.25213355085668,1952,0,"Converged","weight","Male","3dar1",2.14162626639522,3.1299897857534
"163",14,1965,2.64564713342039,0.257990694038318,1951,0,"Converged","weight","Male","3dar1",2.13998537310529,3.1513088937355
"164",15,1965,2.65241094293676,0.262755793254908,1950,0,"Converged","weight","Male","3dar1",2.13740958815714,3.16741229771638
"165",16,1965,2.65705953678327,0.266638977298996,1949,0,"Converged","weight","Male","3dar1",2.13444714127724,3.17967193228931
"166",17,1965,2.66025882158588,0.269812903533645,1948,0,"Converged","weight","Male","3dar1",2.13142553065994,3.18909211251183
"167",18,1965,2.66246909736794,0.272416705778316,1947,0,"Converged","weight","Male","3dar1",2.12853235404244,3.19640584069344
"168",19,1965,2.6640071429124,0.274561244564452,1946,0,"Converged","weight","Male","3dar1",2.12586710356607,3.20214718225872
"169",20,1965,2.66508987714577,0.276334355545217,1945,0,"Converged","weight","Male","3dar1",2.12347454027714,3.2067052140144
"170",21,1965,2.66586487901132,0.277805570878444,1944,0,"Converged","weight","Male","3dar1",2.12136596008957,3.21036379793307
"171",22,1965,2.6664318226225,0.279030070277866,1943,0,"Converged","weight","Male","3dar1",2.11953288487788,3.21333076036711
"172",23,1965,2.66685743090736,0.280051876905611,1942,0,"Converged","weight","Male","3dar1",2.11795575217237,3.21575910964236
"173",24,1965,2.66718612611204,0.28090632672547,1941,0,"Converged","weight","Male","3dar1",2.11660972573012,3.21776252649396
"174",25,1965,2.66744725728863,0.281622002095386,1940,0,"Converged","weight","Male","3dar1",2.11546813318168,3.21942638139559
"175",26,1965,2.66766023464403,0.282222188136127,1939,0,"Converged","weight","Male","3dar1",2.11450474589722,3.22081572339084
"176",27,1965,2.66783787001399,0.282725999367871,1938,0,"Converged","weight","Male","3dar1",2.11369491125297,3.22198082877502
"177",28,1965,2.66798858173827,0.283149254719912,1937,0,"Converged","weight","Male","3dar1",2.11301604248724,3.22296112098929
"178",29,1965,2.66811837404807,0.283505048544098,1936,0,"Converged","weight","Male","3dar1",2.11244847890164,3.22378826919451
"179",30,1965,2.66823135464098,0.283804321673339,1935,0,"Converged","weight","Male","3dar1",2.11197488416123,3.22448782512072
"180",31,1965,2.66833064435426,0.284056205957299,1934,0,"Converged","weight","Male","3dar1",2.11158048067795,3.22508080803057
"181",2,1966,1.16810226570591,0.0466324788163528,1964,0,"Converged","weight","Male","3dar1",1.07670260722586,1.25950192418596
"182",3,1966,1.54702409260253,0.0779424869173979,1963,0,"Converged","weight","Male","3dar1",1.39425681824443,1.69979136696063
"183",4,1966,1.85179659154903,0.109839279167914,1962,0,"Converged","weight","Male","3dar1",1.63651160437991,2.06708157871814
"184",5,1966,2.08413055765934,0.137157482745636,1961,0,"Converged","weight","Male","3dar1",1.8153018914779,2.35295922384079
"185",6,1966,2.25539041839078,0.160928466563312,1960,0,"Converged","weight","Male","3dar1",1.93997062392668,2.57081021285487
"186",7,1966,2.37888805238421,0.18193794623937,1959,0,"Converged","weight","Male","3dar1",2.02228967775504,2.73548642701337
"187",8,1966,2.46662953721615,0.200403199429025,1958,0,"Converged","weight","Male","3dar1",2.07383926633526,2.85941980809704
"188",9,1966,2.52832309525561,0.216373649081906,1957,0,"Converged","weight","Male","3dar1",2.10423074305508,2.95241544745615
"189",10,1966,2.57137783415501,0.229956527019786,1956,0,"Converged","weight","Male","3dar1",2.12066304119623,3.02209262711379
"190",11,1966,2.60125671554998,0.241357390627873,1955,0,"Converged","weight","Male","3dar1",2.12819622991935,3.07431720118061
"191",12,1966,2.62190052995599,0.250845192699729,1954,0,"Converged","weight","Male","3dar1",2.13024395226452,3.11355710764746
"192",13,1966,2.63611209650798,0.258707253704637,1953,0,"Converged","weight","Male","3dar1",2.12904587924689,3.14317831376907
"193",14,1966,2.64586674353302,0.265216805709548,1952,0,"Converged","weight","Male","3dar1",2.12604180434231,3.16569168272373
"194",15,1966,2.65254696443479,0.270615848857289,1951,0,"Converged","weight","Male","3dar1",2.12213990067451,3.18295402819508
"195",16,1966,2.657115789714,0.275109136233372,1950,0,"Converged","weight","Male","3dar1",2.11790188269659,3.19632969673141
"196",17,1966,2.6602414507721,0.27886487516797,1949,0,"Converged","weight","Male","3dar1",2.11366629544288,3.20681660610132
"197",18,1966,2.66238603068768,0.282018716689182,1948,0,"Converged","weight","Male","3dar1",2.10962934597688,3.21514271539848
"198",19,1966,2.66386748905212,0.28467900044784,1947,0,"Converged","weight","Male","3dar1",2.10589664817435,3.22183832992989
"199",20,1966,2.66490333699935,0.286931949196349,1946,0,"Converged","weight","Male","3dar1",2.1025167165745,3.22728995742419
"200",21,1966,2.66564117739345,0.288846313997734,1945,0,"Converged","weight","Male","3dar1",2.09950240195789,3.231779952829
"201",22,1966,2.66618022549478,0.29047722997489,1944,0,"Converged","weight","Male","3dar1",2.09684485474399,3.23551559624556
"202",23,1966,2.66658634883085,0.291869311558845,1943,0,"Converged","weight","Male","3dar1",2.09452249817552,3.23865019948619
"203",24,1966,2.66690290409188,0.293059009890279,1942,0,"Converged","weight","Male","3dar1",2.09250724470694,3.24129856347683
"204",25,1966,2.66715805733515,0.294076441900238,1941,0,"Converged","weight","Male","3dar1",2.09076823121069,3.24354788345962
"205",26,1966,2.66737005963836,0.29494674349352,1940,0,"Converged","weight","Male","3dar1",2.08927444239106,3.24546567688566
"206",27,1966,2.66755062618586,0.29569110376902,1939,0,"Converged","weight","Male","3dar1",2.08799606279858,3.24710518957314
"207",28,1966,2.66770713683306,0.296327563340362,1938,0,"Converged","weight","Male","3dar1",2.08690511268596,3.24850916098017
"208",29,1966,2.6678448256853,0.296871497123369,1937,0,"Converged","weight","Male","3dar1",2.08597669132349,3.2497129600471
"209",30,1966,2.66796712435373,0.297336134580597,1936,0,"Converged","weight","Male","3dar1",2.08518830057575,3.2507459481317
"210",31,1966,2.6680766731749,0.297732845643881,1935,0,"Converged","weight","Male","3dar1",2.08452029571289,3.2516330506369
"211",2,1967,1.16822349561699,0.046743122665831,1965,0,"Converged","weight","Male","3dar1",1.07660697519196,1.25984001604202
"212",3,1967,1.54730308890361,0.0782661197569334,1964,0,"Converged","weight","Male","3dar1",1.39390149418002,1.7007046836272
"213",4,1967,1.8522308727183,0.110415949504109,1963,0,"Converged","weight","Male","3dar1",1.63581561169024,2.06864613374635
"214",5,1967,2.08469493456833,0.138038138360772,1962,0,"Converged","weight","Male","3dar1",1.81414018338122,2.35524968575545
"215",6,1967,2.25605305429855,0.162166925054656,1961,0,"Converged","weight","Male","3dar1",1.93820588119142,2.57390022740567
"216",7,1967,2.37961386344461,0.183587678466252,1960,0,"Converged","weight","Male","3dar1",2.01978201365076,2.73944571323847
"217",8,1967,2.46738231662011,0.202515399055214,1959,0,"Converged","weight","Male","3dar1",2.07045213447189,2.86431249876833
"218",9,1967,2.5290686621498,0.218995452504055,1958,0,"Converged","weight","Male","3dar1",2.09983757524185,2.95829974905775
"219",10,1967,2.57208699959274,0.233129220534375,1957,0,"Converged","weight","Male","3dar1",2.11515372734536,3.02902027184011
"220",11,1967,2.60190662365048,0.24511491823024,1956,0,"Converged","weight","Male","3dar1",2.12148138391921,3.08233186338175
"221",12,1967,2.62247449901443,0.255213215188095,1955,0,"Converged","weight","Male","3dar1",2.12225659724576,3.12269240078309
"222",13,1967,2.63659898860726,0.263702768194999,1954,0,"Converged","weight","Male","3dar1",2.11974156294506,3.15345641426946
"223",14,1967,2.64626049492026,0.270848210591688,1953,0,"Converged","weight","Male","3dar1",2.11539800216055,3.17712298767997
"224",15,1967,2.65284578428096,0.276883367492052,1952,0,"Converged","weight","Male","3dar1",2.11015438399654,3.19553718456538
"225",16,1967,2.65732147706065,0.282005495462074,1951,0,"Converged","weight","Male","3dar1",2.10459070595498,3.21005224816631
"226",17,1967,2.66035876701225,0.286376150704196,1950,0,"Converged","weight","Male","3dar1",2.09906151163202,3.22165602239247
"227",18,1967,2.66242215989255,0.290125266133721,1949,0,"Converged","weight","Male","3dar1",2.09377663827046,3.23106768151464
"228",19,1967,2.66383138815344,0.293356441949635,1948,0,"Converged","weight","Male","3dar1",2.08885276193215,3.23881001437472
"229",20,1967,2.66480506997842,0.296152135182707,1947,0,"Converged","weight","Male","3dar1",2.08434688502031,3.24526325493652
"230",21,1967,2.66549123757516,0.298578274173581,1946,0,"Converged","weight","Male","3dar1",2.08027782019494,3.25070465495538
"231",22,1967,2.6659889332296,0.300688057305829,1945,0,"Converged","weight","Male","3dar1",2.07664034091017,3.25533752554902
"232",23,1967,2.66636332660896,0.302524978122722,1944,0,"Converged","weight","Male","3dar1",2.07341436948842,3.25931228372949
"233",24,1967,2.66665677393773,0.304125091566126,1943,0,"Converged","weight","Male","3dar1",2.07057159446812,3.26274195340734
"234",25,1967,2.66689624145019,0.305518750208667,1942,0,"Converged","weight","Male","3dar1",2.0680794910412,3.26571299185917
"235",26,1967,2.66709876010014,0.306731857480037,1941,0,"Converged","weight","Male","3dar1",2.06590431943927,3.26829320076101
"236",27,1967,2.66727485074749,0.307786804561761,1940,0,"Converged","weight","Male","3dar1",2.06401271380644,3.27053698768854
"237",28,1967,2.66743071287312,0.308703182571441,1939,0,"Converged","weight","Male","3dar1",2.0623724750331,3.27248895071315
"238",29,1967,2.66757070815156,0.309498161250891,1938,0,"Converged","weight","Male","3dar1",2.06095431209982,3.27418710420331
"239",30,1967,2.66769747383048,0.310186938817155,1937,0,"Converged","weight","Male","3dar1",2.05973107374886,3.2756638739121
"240",31,1967,2.66781308071692,0.310782948302843,1936,0,"Converged","weight","Male","3dar1",2.05867850204335,3.27694765939049
"241",2,1968,1.1683650800913,0.0467988088617733,1966,0,"Converged","weight","Male","3dar1",1.07663941472222,1.26009074546038
"242",3,1968,1.54763097035438,0.0784502120146314,1965,0,"Converged","weight","Male","3dar1",1.3938685548057,1.70139338590305
"243",4,1968,1.8527450388254,0.110739499074277,1964,0,"Converged","weight","Male","3dar1",1.63569562063982,2.06979445701098
"244",5,1968,2.08536921507997,0.138524219209758,1963,0,"Converged","weight","Male","3dar1",1.81386174542884,2.35687668473109
"245",6,1968,2.25685413365684,0.162855851348197,1962,0,"Converged","weight","Male","3dar1",1.93765666501438,2.57605160229931
"246",7,1968,2.38050406784267,0.184532947640234,1961,0,"Converged","weight","Male","3dar1",2.01881949046781,2.74218864521753
"247",8,1968,2.46832125468829,0.203777150462472,1960,0,"Converged","weight","Male","3dar1",2.06891803978185,2.86772446959473
"248",9,1968,2.53001679625306,0.220634783116213,1959,0,"Converged","weight","Male","3dar1",2.09757262134529,2.96246097116084
"249",10,1968,2.57300945858448,0.23520405062718,1958,0,"Converged","weight","Male","3dar1",2.1120095193552,3.03400939781375
"250",11,1968,2.60277513720056,0.247677223521685,1957,0,"Converged","weight","Male","3dar1",2.11732777909806,3.08822249530306
"251",12,1968,2.62326743424718,0.258307343006983,1956,0,"Converged","weight","Male","3dar1",2.1169850419535,3.12954982654087
"252",13,1968,2.63730077862684,0.267364542337129,1955,0,"Converged","weight","Male","3dar1",2.11326627564607,3.16133528160761
"253",14,1968,2.64686129771256,0.275104570992908,1954,0,"Converged","weight","Male","3dar1",2.10765633856646,3.18606625685866
"254",15,1968,2.65334067622782,0.281752409310995,1953,0,"Converged","weight","Male","3dar1",2.10110595397827,3.20557539847737
"255",16,1968,2.65770978345446,0.287496806951428,1952,0,"Converged","weight","Male","3dar1",2.09421604182966,3.22120352507926
"256",17,1968,2.6606434476437,0.292491369482687,1951,0,"Converged","weight","Male","3dar1",2.08736036345763,3.23392653182977
"257",18,1968,2.66260929897913,0.296858781619878,1950,0,"Converged","weight","Male","3dar1",2.08076608700417,3.2444525109541
"258",19,1968,2.66392951206623,0.300696207232627,1949,0,"Converged","weight","Male","3dar1",2.07456494589028,3.25329407824217
"259",20,1968,2.664824411253,0.304080537605753,1948,0,"Converged","weight","Male","3dar1",2.06882655754572,3.26082226496027
"260",21,1968,2.66544294234177,0.307073037492964,1947,0,"Converged","weight","Male","3dar1",2.06357978885556,3.26730609582798
"261",22,1968,2.66588432684821,0.309723143971446,1946,0,"Converged","weight","Male","3dar1",2.05882696466418,3.27294168903224
"262",23,1968,2.66621323871949,0.312071472134135,1945,0,"Converged","weight","Male","3dar1",2.05455315333659,3.2778733241024
"263",24,1968,2.66647112916128,0.314152032228924,1944,0,"Converged","weight","Male","3dar1",2.05073314599259,3.28220911232997
"264",25,1968,2.66668376185274,0.315993905281189,1943,0,"Converged","weight","Male","3dar1",2.04733570750161,3.28603181620387
"265",26,1968,2.66686689386671,0.3176224196907,1942,0,"Converged","weight","Male","3dar1",2.04432695127293,3.28940683646048
"266",27,1968,2.66702975312127,0.319060003785616,1941,0,"Converged","weight","Male","3dar1",2.04167214570146,3.29238736054108
"267",28,1968,2.66717719950249,0.320326818542737,1940,0,"Converged","weight","Male","3dar1",2.03933663515873,3.29501776384626
"268",29,1968,2.66731261665683,0.321441031654193,1939,0,"Converged","weight","Male","3dar1",2.03728819461461,3.29733703869904
"269",30,1968,2.66743771741939,0.322419187551335,1938,0,"Converged","weight","Male","3dar1",2.03549610981878,3.29937932502001
"270",31,1968,2.66755391008536,0.323276323073819,1937,0,"Converged","weight","Male","3dar1",2.03393231686068,3.30117550331004
"271",2,1969,1.1685296675931,0.0468240949576366,1967,0,"Converged","weight","Male","3dar1",1.07675444147613,1.26030489371007
"272",3,1969,1.54801378356279,0.0785535660142532,1966,0,"Converged","weight","Male","3dar1",1.39404879417485,1.70197877295073
"273",4,1969,1.8533484586528,0.11090683815284,1965,0,"Converged","weight","Male","3dar1",1.63597105587323,2.07072586143236
"274",5,1969,2.08616575107723,0.13875202464234,1964,0,"Converged","weight","Male","3dar1",1.81421178277824,2.35811971937622
"275",6,1969,2.25780924449401,0.1631667649175,1963,0,"Converged","weight","Male","3dar1",1.93800238525571,2.57761610373231
"276",7,1969,2.38157790119119,0.184972679702458,1962,0,"Converged","weight","Male","3dar1",2.01903144897437,2.74412435340801
"277",8,1969,2.46946937320035,0.204405655241096,1961,0,"Converged","weight","Male","3dar1",2.0688342889278,2.8701044574729
"278",9,1969,2.53119409156518,0.221518188424696,1960,0,"Converged","weight","Male","3dar1",2.09701844225278,2.96536974087759
"279",10,1969,2.57417496325106,0.23640890146407,1959,0,"Converged","weight","Male","3dar1",2.11081351638148,3.03753641012064
"280",11,1969,2.60389468662312,0.249266702529092,1958,0,"Converged","weight","Male","3dar1",2.1153319496661,3.09245742358014
"281",12,1969,2.62431392865397,0.260338905465269,1957,0,"Converged","weight","Male","3dar1",2.11404967394205,3.1345781833659
"282",13,1969,2.63825366818276,0.269888489478689,1956,0,"Converged","weight","Male","3dar1",2.10927222880453,3.16723510756099
"283",14,1969,2.64770641000288,0.278163213720793,1955,0,"Converged","weight","Male","3dar1",2.10250651111012,3.19290630889563
"284",15,1969,2.6540694046,0.28537964480966,1954,0,"Converged","weight","Male","3dar1",2.09472530077307,3.21341350842694
"285",16,1969,2.65831844451904,0.291718019930942,1953,0,"Converged","weight","Male","3dar1",2.08655112545439,3.23008576358369
"286",17,1969,2.6611327005706,0.297323588246972,1952,0,"Converged","weight","Male","3dar1",2.07837846760653,3.24388693353466
"287",18,1969,2.66298370143618,0.302311027886473,1951,0,"Converged","weight","Male","3dar1",2.07045408677869,3.25551331609367
"288",19,1969,2.6641968266524,0.306770011474383,1950,0,"Converged","weight","Male","3dar1",2.06292760416261,3.26546604914219
"289",20,1969,2.66499481079326,0.310770573966693,1949,0,"Converged","weight","Male","3dar1",2.05588448581854,3.27410513576798
"290",21,1969,2.66552809755871,0.314367854527707,1948,0,"Converged","weight","Male","3dar1",2.04936710268441,3.28168909243302
"291",22,1969,2.6658965254305,0.317605959065958,1947,0,"Converged","weight","Male","3dar1",2.04338884566122,3.28840420519977
"292",23,1969,2.66616453239434,0.320521007087487,1946,0,"Converged","weight","Male","3dar1",2.03794335850286,3.29438570628581
"293",24,1969,2.66637279924998,0.323143355323089,1945,0,"Converged","weight","Male","3dar1",2.03301182281673,3.29973377568323
"294",25,1969,2.66654590162394,0.325499259367429,1944,0,"Converged","weight","Male","3dar1",2.02856735326377,3.3045244499841
"295",26,1969,2.6666982767411,0.327612013016822,1943,0,"Converged","weight","Male","3dar1",2.02457873122812,3.30881782225407
"296",27,1969,2.66683775729514,0.329502744526475,1942,0,"Converged","weight","Male","3dar1",2.02101237802325,3.31266313656703
"297",28,1969,2.666967676982,0.331190991120572,1941,0,"Converged","weight","Male","3dar1",2.01783333438568,3.31610201957832
"298",29,1969,2.66709032668934,0.332694884416929,1940,0,"Converged","weight","Male","3dar1",2.01500835323216,3.31917230014652
"299",30,1969,2.66720634325537,0.334031441515193,1939,0,"Converged","weight","Male","3dar1",2.0125047178856,3.32190796862515
"300",31,1969,2.66731636792843,0.335216591337921,1938,0,"Converged","weight","Male","3dar1",2.01029184890611,3.32434088695076
"301",2,1970,1.16872019283762,0.0468327668468592,1968,0,"Converged","weight","Male","3dar1",1.07692796981777,1.26051241585746
"302",3,1970,1.54845818418161,0.0786113564435868,1967,0,"Converged","weight","Male","3dar1",1.39437992555218,1.70253644281104
"303",4,1970,1.85405130797113,0.110978982785735,1966,0,"Converged","weight","Male","3dar1",1.63653250171109,2.07157011423117
"304",5,1970,2.08709772974732,0.138811229134171,1965,0,"Converged","weight","Male","3dar1",1.81502772064435,2.3591677388503
"305",6,1970,2.25893492857602,0.163217087788041,1964,0,"Converged","weight","Male","3dar1",1.93902943651146,2.57884042064058
"306",7,1970,2.38285588472785,0.185048085551984,1963,0,"Converged","weight","Male","3dar1",2.02016163704596,2.74555013240973
"307",8,1970,2.47085148098968,0.204560277299418,1962,0,"Converged","weight","Male","3dar1",2.06991333748282,2.87178962449654
"308",9,1970,2.53262949853036,0.221816965946087,1961,0,"Converged","weight","Male","3dar1",2.09786824527603,2.96739075178469
"309",10,1970,2.5756161914,0.236920853701065,1960,0,"Converged","weight","Male","3dar1",2.11125131814591,3.03998106465409
"310",11,1970,2.60530116964834,0.250060487063231,1959,0,"Converged","weight","Male","3dar1",2.11518261500441,3.09541972429228
"311",12,1970,2.62565253761694,0.261479962407202,1958,0,"Converged","weight","Male","3dar1",2.11315181129883,3.13815326393506
"312",13,1970,2.6394982472844,0.271437198073665,1957,0,"Converged","weight","Male","3dar1",2.10748133906002,3.17151515550878
"313",14,1970,2.64883782550017,0.280173652843333,1956,0,"Converged","weight","Male","3dar1",2.09969746592723,3.1979781850731
"314",15,1970,2.65507472587094,0.287898737067698,1955,0,"Converged","weight","Male","3dar1",2.09079320121825,3.21935625052363
"315",16,1970,2.65919034377662,0.294784994293447,1954,0,"Converged","weight","Male","3dar1",2.08141175496146,3.23696893259178
"316",17,1970,2.66186893111895,0.300969705247021,1953,0,"Converged","weight","Male","3dar1",2.07196830883479,3.25176955340311
"317",18,1970,2.66358676849996,0.306559522610433,1952,0,"Converged","weight","Male","3dar1",2.06273010418351,3.26444343281641
"318",19,1970,2.6646733129042,0.311636237407671,1951,0,"Converged","weight","Male","3dar1",2.05386628758516,3.27548033822323
"319",20,1970,2.66535454194017,0.316262312419692,1950,0,"Converged","weight","Male","3dar1",2.04548040959757,3.28522867428276
"320",21,1970,2.66578310792194,0.32048577473979,1949,0,"Converged","weight","Male","3dar1",2.03763098943195,3.29393522641193
"321",22,1970,2.66606001507594,0.324344201884158,1948,0,"Converged","weight","Male","3dar1",2.03034537938299,3.30177465076889
"322",23,1970,2.66624980148823,0.327867871147069,1947,0,"Converged","weight","Male","3dar1",2.02362877403998,3.30887082893649
"323",24,1970,2.66639256558712,0.331082051665733,1946,0,"Converged","weight","Male","3dar1",2.01747174432229,3.31531338685196
"324",25,1970,2.66651173408416,0.334008706558155,1945,0,"Converged","weight","Male","3dar1",2.01185466923017,3.32116879893814
"325",26,1970,2.66662039063161,0.336667645584254,1944,0,"Converged","weight","Male","3dar1",2.00675180528647,3.32648897597675
"326",27,1970,2.66672486700798,0.339077303933182,1943,0,"Converged","weight","Male","3dar1",2.00213335129895,3.33131638271702
"327",28,1970,2.66682674660795,0.341255290873022,1942,0,"Converged","weight","Male","3dar1",1.99796637649683,3.33568711671907
"328",29,1970,2.66692709886265,0.343218518814755,1941,0,"Converged","weight","Male","3dar1",1.99421880198573,3.33963539573957
"329",30,1970,2.66702530057793,0.344983424455137,1940,0,"Converged","weight","Male","3dar1",1.99085778864586,3.34319281251
"330",31,1970,2.66712110109119,0.346565920524197,1939,0,"Converged","weight","Male","3dar1",1.98785189686377,3.34639030531862
"331",2,1971,1.16893994754727,0.0468326390876333,1969,0,"Converged","weight","Male","3dar1",1.0771479749355,1.26073192015903
"332",3,1971,1.54897155726338,0.0786449101150969,1968,0,"Converged","weight","Male","3dar1",1.39482753343779,1.70311558108897
"333",4,1971,1.85486465522835,0.11099483638128,1967,0,"Converged","weight","Male","3dar1",1.63731477592104,2.07241453453566
"334",5,1971,2.08817911626971,0.13876150557558,1966,0,"Converged","weight","Male","3dar1",1.81620656534157,2.36015166719784
"335",6,1971,2.26024847479391,0.163088102479904,1965,0,"Converged","weight","Male","3dar1",1.94059579393329,2.57990115565452
"336",7,1971,2.38435953180328,0.184860545871084,1964,0,"Converged","weight","Male","3dar1",2.02203286189595,2.7466862017106
"337",8,1971,2.47249386530831,0.204359325223886,1963,0,"Converged","weight","Male","3dar1",2.07194958786949,2.87303814274713
"338",9,1971,2.53435405217289,0.221662248946059,1962,0,"Converged","weight","Male","3dar1",2.09989604423862,2.96881206010717
"339",10,1971,2.57736854699415,0.236879352511716,1961,0,"Converged","weight","Male","3dar1",2.11308501607118,3.04165207791711
"340",11,1971,2.60703385305124,0.250201750281188,1960,0,"Converged","weight","Male","3dar1",2.11663842250011,3.09742928360237
"341",12,1971,2.62732580432904,0.261872986132616,1959,0,"Converged","weight","Male","3dar1",2.11405475150912,3.14059685714897
"342",13,1971,2.64107965543381,0.272148336295855,1958,0,"Converged","weight","Male","3dar1",2.10766891629394,3.17449039457369
"343",14,1971,2.65030257493839,0.281265113542965,1957,0,"Converged","weight","Male","3dar1",2.09902295239418,3.2015821974826
"344",15,1971,2.65640482557896,0.289427388960869,1956,0,"Converged","weight","Male","3dar1",2.08912714321565,3.22368250794226
"345",16,1971,2.66037407016315,0.296801452660306,1955,0,"Converged","weight","Male","3dar1",2.07864322294895,3.24210491737735
"346",17,1971,2.66290039563696,0.303517655649961,1954,0,"Converged","weight","Male","3dar1",2.06800579056304,3.25779500071088
"347",18,1971,2.66446576881923,0.309675258285313,1953,0,"Converged","weight","Male","3dar1",2.05750226258002,3.27142927505845
"348",19,1971,2.66540472090017,0.315348404834714,1952,0,"Converged","weight","Male","3dar1",2.04732184742412,3.2834875943762
"349",20,1971,2.66594746007693,0.32059184611934,1951,0,"Converged","weight","Male","3dar1",2.03758744168302,3.29430747847083
"350",21,1971,2.66624971567014,0.325446020260979,1950,0,"Converged","weight","Male","3dar1",2.02837551595862,3.30412391538166
"351",22,1971,2.66641434964329,0.329941211164765,1949,0,"Converged","weight","Male","3dar1",2.01972957576035,3.31309912352623
"352",23,1971,2.66650643728439,0.334100855189076,1948,0,"Converged","weight","Male","3dar1",2.0116687611138,3.32134411345498
"353",24,1971,2.66656575644471,0.337943964461297,1947,0,"Converged","weight","Male","3dar1",2.00419558610056,3.32893592678885
"354",25,1971,2.66661466091353,0.341486926159492,1946,0,"Converged","weight","Male","3dar1",1.99730028564092,3.33592903618613
"355",26,1971,2.66666486845218,0.344744726064059,1945,0,"Converged","weight","Male","3dar1",1.99096520536662,3.34236453153773
"356",27,1971,2.66672110494279,0.347731755076458,1944,0,"Converged","weight","Male","3dar1",1.98516686499293,3.34827534489265
"357",28,1971,2.66678293160364,0.350462371153656,1943,0,"Converged","weight","Male","3dar1",1.97987668414248,3.35368917906481
"358",29,1971,2.66685005054428,0.352951020452245,1942,0,"Converged","weight","Male","3dar1",1.97506605045788,3.35863405063068
"359",30,1971,2.66692034996435,0.355212401751329,1941,0,"Converged","weight","Male","3dar1",1.97070404253175,3.36313665739696
"360",31,1971,2.66699253217388,0.357261372014359,1940,0,"Converged","weight","Male","3dar1",1.96676024302573,3.36722482132202
"361",2,1972,1.16919267973288,0.0468282105521708,1970,0,"Converged","weight","Male","3dar1",1.07740938705062,1.26097597241513
"362",3,1972,1.54956220249947,0.0786674105363869,1969,0,"Converged","weight","Male","3dar1",1.39537407784815,1.70375032715079
"363",4,1972,1.8558006278963,0.110979604639249,1968,0,"Converged","weight","Male","3dar1",1.63828060280337,2.07332065298923
"364",5,1972,2.08942464833784,0.138643061933084,1967,0,"Converged","weight","Male","3dar1",1.817684246949,2.36116504972669
"365",6,1972,2.26176771679017,0.162836696962712,1966,0,"Converged","weight","Male","3dar1",1.94260779074325,2.58092764283708
"366",7,1972,2.38611101531645,0.184483613765502,1965,0,"Converged","weight","Male","3dar1",2.02452313233606,2.74769889829683
"367",8,1972,2.47442391189242,0.203891535791013,1964,0,"Converged","weight","Male","3dar1",2.07479650174204,2.87405132204281
"368",9,1972,2.53640050476077,0.221155444611784,1963,0,"Converged","weight","Male","3dar1",2.10293583332167,2.96986517619986
"369",10,1972,2.57946984697011,0.236395317349146,1962,0,"Converged","weight","Male","3dar1",2.11613502496578,3.04280466897444
"370",11,1972,2.60913514996134,0.249807406221397,1961,0,"Converged","weight","Male","3dar1",2.1195126337674,3.09875766615528
"371",12,1972,2.62938015886747,0.261637219909336,1960,0,"Converged","weight","Male","3dar1",2.11657120784517,3.14218910988977
"372",13,1972,2.64304762285064,0.27213984289979,1959,0,"Converged","weight","Male","3dar1",2.10965353076705,3.17644171493423
"373",14,1972,2.65215292268155,0.281550794408928,1958,0,"Converged","weight","Male","3dar1",2.10031336564005,3.20399247972305
"374",15,1972,2.65811367282467,0.290070949868222,1957,0,"Converged","weight","Male","3dar1",2.08957461108295,3.22665273456638
"375",16,1972,2.66192442036601,0.297862213555222,1956,0,"Converged","weight","Male","3dar1",2.07811448179778,3.24573435893425
"376",17,1972,2.66428182864266,0.305049543501605,1955,0,"Converged","weight","Male","3dar1",2.06638472337951,3.26217893390581
"377",18,1972,2.66567455903694,0.311725982372815,1954,0,"Converged","weight","Male","3dar1",2.05469163358622,3.27665748448766
"378",19,1972,2.66644334850657,0.317958816216116,1953,0,"Converged","weight","Male","3dar1",2.04324406872298,3.28964262829016
"379",20,1972,2.66682380518,0.323795483453808,1952,0,"Converged","weight","Male","3dar1",2.03218465761053,3.30146295274946
"380",21,1972,2.66697579732459,0.329268858555958,1951,0,"Converged","weight","Male","3dar1",2.02160883455491,3.31234276009426
"381",22,1972,2.66700491915564,0.334401615352993,1950,0,"Converged","weight","Male","3dar1",2.01157775306377,3.3224320852475
"382",23,1972,2.66697735256465,0.339209733622689,1949,0,"Converged","weight","Male","3dar1",2.00212627466419,3.33182843046512
"383",24,1972,2.66693291759217,0.343705113755274,1948,0,"Converged","weight","Male","3dar1",1.99327089463183,3.34059494055251
"384",25,1972,2.66689302564879,0.347897527504227,1947,0,"Converged","weight","Male","3dar1",1.9850138717405,3.34877217955707
"385",26,1972,2.66686805257688,0.351795974049128,1946,0,"Converged","weight","Male","3dar1",1.97734794344059,3.35638816171317
"386",27,1972,2.66686102320049,0.355409561988805,1945,0,"Converged","weight","Male","3dar1",1.97025828170243,3.36346376469855
"387",28,1972,2.66686914645889,0.358748125993614,1944,0,"Converged","weight","Male","3dar1",1.96372281951141,3.37001547340637
"388",29,1972,2.6668905933167,0.361822405745705,1943,0,"Converged","weight","Male","3dar1",1.95771867805511,3.37606250857828
"389",30,1972,2.66692147688789,0.364644166120735,1942,0,"Converged","weight","Male","3dar1",1.95221891129124,3.38162404248453
"390",31,1972,2.66695925596868,0.36722609919949,1941,0,"Converged","weight","Male","3dar1",1.94719610153768,3.38672241039968
"391",2,1973,1.16948273258546,0.0468221407880409,1971,0,"Converged","weight","Male","3dar1",1.0777113366409,1.26125412853002
"392",3,1973,1.55023961181905,0.0786872518133626,1970,0,"Converged","weight","Male","3dar1",1.39601259826486,1.70446662537324
"393",4,1973,1.85687269937624,0.110949985226285,1969,0,"Converged","weight","Male","3dar1",1.63941072833272,2.07433467041976
"394",5,1973,2.09084992002312,0.138483404335461,1968,0,"Converged","weight","Male","3dar1",1.81942244752561,2.36227739252062
"395",6,1973,2.26351086211768,0.162503178275614,1967,0,"Converged","weight","Male","3dar1",1.94500463269748,2.58201709153789
"396",7,1973,2.38813281289213,0.183971262411676,1966,0,"Converged","weight","Male","3dar1",2.02754913856525,2.74871648721901
"397",8,1973,2.47666966227,0.203224192624758,1965,0,"Converged","weight","Male","3dar1",2.07835024472548,2.87498907981453
"398",9,1973,2.53880286449888,0.220375789309527,1964,0,"Converged","weight","Male","3dar1",2.10686631745221,2.97073941154556
"399",10,1973,2.58195988914231,0.235557847005237,1963,0,"Converged","weight","Male","3dar1",2.12026650901204,3.04365326927257
"400",11,1973,2.61165026138012,0.248973815257103,1962,0,"Converged","weight","Male","3dar1",2.1236615834762,3.09963893928404
"401",12,1973,2.63186567474872,0.260873348804428,1961,0,"Converged","weight","Male","3dar1",2.12055391109204,3.1431774384054
"402",13,1973,2.64545637225942,0.271513616615752,1960,0,"Converged","weight","Male","3dar1",2.11328968369254,3.17762306082629
"403",14,1973,2.65444643748785,0.281130693483754,1959,0,"Converged","weight","Male","3dar1",2.10343027825969,3.20546259671601
"404",15,1973,2.6602612718923,0.289924539736294,1958,0,"Converged","weight","Male","3dar1",2.09200917400916,3.22851336977543
"405",16,1973,2.66390282786564,0.298054799859096,1957,0,"Converged","weight","Male","3dar1",2.07971542014181,3.24809023558947
"406",17,1973,2.66607502875191,0.305642931000983,1956,0,"Converged","weight","Male","3dar1",2.06701488398998,3.26513517351384
"407",18,1973,2.66727429418073,0.312777362781711,1955,0,"Converged","weight","Male","3dar1",2.05423066312858,3.28031792523288
"408",19,1973,2.6678488370592,0.31951978396288,1954,0,"Converged","weight","Male","3dar1",2.04159006049195,3.29410761362644
"409",20,1973,2.66804104313824,0.325911206388405,1953,0,"Converged","weight","Male","3dar1",2.02925507861696,3.30682700765951
"410",21,1973,2.66801621517067,0.331977439482862,1952,0,"Converged","weight","Male","3dar1",2.01734043378427,3.31869199655708
"411",22,1973,2.66788378368931,0.337733670617027,1951,0,"Converged","weight","Male","3dar1",2.00592578927994,3.32984177809868
"412",23,1973,2.66771177722329,0.343188197181009,1950,0,"Converged","weight","Male","3dar1",1.99506291074852,3.34036064369807
"413",24,1973,2.66754055679913,0.34834528811646,1949,0,"Converged","weight","Male","3dar1",1.98478379209087,3.35029732150739
"414",25,1973,2.66739080049733,0.353207334701565,1948,0,"Converged","weight","Male","3dar1",1.97510442448226,3.3596771765124
"415",26,1973,2.66727162438844,0.357776403395931,1947,0,"Converged","weight","Male","3dar1",1.96602987373242,3.36851337504446
"416",27,1973,2.66718428250286,0.362055240563351,1946,0,"Converged","weight","Male","3dar1",1.95755601099869,3.37681255400702
"417",28,1973,2.6671232322911,0.366047982934063,1945,0,"Converged","weight","Male","3dar1",1.94966918574034,3.38457727884186
"418",29,1973,2.66708493444524,0.369760480693122,1944,0,"Converged","weight","Male","3dar1",1.94235439228672,3.39181547660376
"419",30,1973,2.66706336779025,0.373200379173676,1943,0,"Converged","weight","Male","3dar1",1.93559062460985,3.39853611097066
"420",31,1973,2.6670544973406,0.376377075831541,1942,0,"Converged","weight","Male","3dar1",1.92935542871078,3.40475356597042
"421",2,1974,1.16981523707932,0.046816073418126,1972,0,"Converged","weight","Male","3dar1",1.0780557331798,1.26157474097885
"422",3,1974,1.55101487605993,0.0787100185596029,1971,0,"Converged","weight","Male","3dar1",1.3967432396831,1.70528651243675
"423",4,1974,1.85809615209569,0.110917378313846,1970,0,"Converged","weight","Male","3dar1",1.64069809060055,2.07549421359083
"424",5,1974,2.09247161005405,0.138301683824157,1969,0,"Converged","weight","Male","3dar1",1.8214003097587,2.3635429103494
"425",6,1974,2.26549639642009,0.162116482022451,1968,0,"Converged","weight","Male","3dar1",1.94774809165608,2.58324470118409
"426",7,1974,2.39044736055533,0.183363583786537,1967,0,"Converged","weight","Male","3dar1",2.03105473633371,2.74983998477694
"427",8,1974,2.4792593287132,0.202408930407613,1966,0,"Converged","weight","Male","3dar1",2.08253782511428,2.87598083231212
"428",9,1974,2.54159585144322,0.219385926057604,1965,0,"Converged","weight","Male","3dar1",2.11159943637031,2.97159226651612
"429",10,1974,2.58487990311572,0.234439317897436,1964,0,"Converged","weight","Male","3dar1",2.12537884003675,3.0443809661947
"430",11,1974,2.61462667510421,0.247781236581357,1963,0,"Converged","weight","Male","3dar1",2.12897545140475,3.10027789880367
"431",12,1974,2.63483566893696,0.259667218667457,1962,0,"Converged","weight","Male","3dar1",2.12588792034875,3.14378341752518
"432",13,1974,2.64836436169919,0.27035848020685,1961,0,"Converged","weight","Male","3dar1",2.11846174049377,3.17826698290462
"433",14,1974,2.65724591491634,0.280093850196568,1960,0,"Converged","weight","Male","3dar1",2.10826196853107,3.20622986130162
"434",15,1974,2.66291378832996,0.289074642769509,1959,0,"Converged","weight","Male","3dar1",2.09632748850173,3.2295000881582
"435",16,1974,2.66637769840402,0.297460487278487,1958,0,"Converged","weight","Male","3dar1",2.08335514333819,3.24940025346986
"436",17,1974,2.66834938708212,0.305371463538634,1957,0,"Converged","weight","Male","3dar1",2.0698213185464,3.26687745561784
"437",18,1974,2.66933411617018,0.312893322512124,1956,0,"Converged","weight","Male","3dar1",2.05606320404642,3.28260502829395
"438",19,1974,2.66968897670675,0.320083812673451,1955,0,"Converged","weight","Male","3dar1",2.04232470386679,3.29705324954672
"439",20,1974,2.66966474209381,0.326978838119172,1954,0,"Converged","weight","Male","3dar1",2.02878621938023,3.31054326480738
"440",21,1974,2.66943372224694,0.333598081195406,1953,0,"Converged","weight","Male","3dar1",2.01558148310394,3.32328596138993
"441",22,1974,2.66911057304745,0.33994978840338,1952,0,"Converged","weight","Male","3dar1",2.00280898777682,3.33541215831807
"442",23,1974,2.66876612632818,0.346034731492779,1951,0,"Converged","weight","Male","3dar1",1.99053805260234,3.34699420005403
"443",24,1974,2.66844196301004,0.351849366195036,1950,0,"Converged","weight","Male","3dar1",1.97881720526777,3.35806672075231
"444",25,1974,2.66815834652189,0.357388222934966,1949,0,"Converged","weight","Male","3dar1",1.96767742956935,3.36863926347442
"445",26,1974,2.66792330400442,0.362645723463006,1948,0,"Converged","weight","Male","3dar1",1.95713768601693,3.37870892199191
"446",27,1974,2.6677362985191,0.367617352744105,1947,0,"Converged","weight","Male","3dar1",1.94720628714066,3.38826630989755
"447",28,1974,2.66758855610967,0.372300494850956,1946,0,"Converged","weight","Male","3dar1",1.9378795862018,3.39729752601755
"448",29,1974,2.66747464029804,0.376695013683867,1945,0,"Converged","weight","Male","3dar1",1.92915241347766,3.40579686711842
"449",30,1974,2.66738594722254,0.380803287892106,1944,0,"Converged","weight","Male","3dar1",1.92101150295402,3.41376039149107
"450",31,1974,2.66731663025195,0.384630300637457,1943,0,"Converged","weight","Male","3dar1",1.91344124100254,3.42119201950137
"451",2,1975,1.17019637598956,0.04681109779587,1973,0,"Converged","weight","Male","3dar1",1.07844662430965,1.26194612766946
"452",3,1975,1.55190126897307,0.0787396597840257,1972,0,"Converged","weight","Male","3dar1",1.39757153579638,1.70623100214976
"453",4,1975,1.85948879273947,0.110889871381813,1971,0,"Converged","weight","Male","3dar1",1.64214464483111,2.07683294064782
"454",5,1975,2.09430793272824,0.13811146381162,1970,0,"Converged","weight","Male","3dar1",1.82360946365746,2.36500640179902
"455",6,1975,2.26774312797164,0.161697598374852,1969,0,"Converged","weight","Male","3dar1",1.95081583515693,2.58467042078635
"456",7,1975,2.39307676511354,0.18269067143475,1968,0,"Converged","weight","Male","3dar1",2.03500304910143,2.75115048112565
"457",8,1975,2.48222080449635,0.201485835601363,1967,0,"Converged","weight","Male","3dar1",2.08730856671768,2.87713304227502
"458",9,1975,2.54481429673973,0.218235991488304,1966,0,"Converged","weight","Male","3dar1",2.11707175342266,2.97255684005681
"459",10,1975,2.58827189812676,0.23309926058184,1965,0,"Converged","weight","Male","3dar1",2.13139734738635,3.04514644886716
"460",11,1975,2.61811352398608,0.246297344968763,1964,0,"Converged","weight","Male","3dar1",2.1353707278473,3.10085632012486
"461",12,1975,2.63834613681502,0.25809289218577,1963,0,"Converged","weight","Male","3dar1",2.13248406813091,3.14420820549913
"462",13,1975,2.65183385137852,0.268752718143321,1962,0,"Converged","weight","Male","3dar1",2.12507852381761,3.17858917893943
"463",14,1975,2.6606191291006,0.278520345542628,1961,0,"Converged","weight","Male","3dar1",2.11471925183704,3.20651900636415
"464",15,1975,2.66614352567714,0.28760058253569,1960,0,"Converged","weight","Male","3dar1",2.10244638390718,3.22984066744709
"465",16,1975,2.66942463007628,0.296155291543493,1959,0,"Converged","weight","Male","3dar1",2.08896025865103,3.24988900150152
"466",17,1975,2.67118234070814,0.304305424777958,1958,0,"Converged","weight","Male","3dar1",2.07474370814335,3.26762097327294
"467",18,1975,2.67193180854448,0.312136233545987,1957,0,"Converged","weight","Male","3dar1",2.06014479079435,3.28371882629462
"468",19,1975,2.67204051499957,0.319703515083898,1956,0,"Converged","weight","Male","3dar1",2.04542162543513,3.29865940456401
"469",20,1975,2.67176948200948,0.327039774519987,1955,0,"Converged","weight","Male","3dar1",2.0307715239503,3.31276744006865
"470",21,1975,2.67129992238805,0.334159917908997,1954,0,"Converged","weight","Male","3dar1",2.01634648328642,3.32625336148969
"471",22,1975,2.67075345587094,0.341066204401507,1953,0,"Converged","weight","Male","3dar1",2.00226369524399,3.3392432164979
"472",23,1975,2.67020494514339,0.347752411430643,1952,0,"Converged","weight","Male","3dar1",1.98861021873933,3.35179967154745
"473",24,1975,2.66969810452978,0.354207335898976,1951,0,"Converged","weight","Male","3dar1",1.97545172616779,3.36394448289177
"474",25,1975,2.66925325043938,0.360417452877587,1950,0,"Converged","weight","Male","3dar1",1.96283504279931,3.37567145807945
"475",26,1975,2.66887762184776,0.366369067167425,1949,0,"Converged","weight","Male","3dar1",1.95079425019961,3.38696099349592
"476",27,1975,2.66856895564042,0.37204969201026,1948,0,"Converged","weight","Male","3dar1",1.93935155930031,3.39778635198053
"477",28,1975,2.66831467306224,0.377449028127924,1947,0,"Converged","weight","Male","3dar1",1.92851457793151,3.40811476819297
"478",29,1975,2.6681072602304,0.382559953254382,1946,0,"Converged","weight","Male","3dar1",1.91828975185181,3.41792476860899
"479",30,1975,2.66793497469422,0.387378478538034,1945,0,"Converged","weight","Male","3dar1",1.90867315675968,3.42719679262877
"480",31,1975,2.66778975744172,0.391904074048822,1944,0,"Converged","weight","Male","3dar1",1.89965777230603,3.43592174257741
"481",2,1976,1.17063374122921,0.0468080118093336,1974,0,"Converged","weight","Male","3dar1",1.07889003808292,1.26237744437551
"482",3,1976,1.55291507113512,0.078779194372935,1973,0,"Converged","weight","Male","3dar1",1.39850785016417,1.70732229210607
"483",4,1976,1.86107202163317,0.110873469351297,1972,0,"Converged","weight","Male","3dar1",1.64376002170463,2.07838402156171
"484",5,1976,2.09637941993203,0.137922447024767,1971,0,"Converged","weight","Male","3dar1",1.82605142376348,2.36670741610057
"485",6,1976,2.27027046699888,0.161261749967169,1970,0,"Converged","weight","Male","3dar1",1.95419743706323,2.58634349693453
"486",7,1976,2.39604265198074,0.181975163316232,1969,0,"Converged","weight","Male","3dar1",2.03937133188093,2.75271397208056
"487",8,1976,2.48558123138912,0.200486226967189,1968,0,"Converged","weight","Male","3dar1",2.09262822653343,2.87853423624481
"488",9,1976,2.54849253309394,0.216966492234109,1967,0,"Converged","weight","Male","3dar1",2.12323820831508,2.97374685787279
"489",10,1976,2.59217794019483,0.23158719936622,1966,0,"Converged","weight","Male","3dar1",2.13826702943704,3.04608885095262
"490",11,1976,2.62216081994335,0.244579923042669,1965,0,"Converged","weight","Male","3dar1",2.14278417077972,3.10153746910699
"491",12,1976,2.64245502399657,0.256215108393981,1964,0,"Converged","weight","Male","3dar1",2.14027341154436,3.14463663644877
"492",13,1976,2.65593028392332,0.266766240754949,1963,0,"Converged","weight","Male","3dar1",2.13306845204362,3.17879211580302
"493",14,1976,2.66463839456435,0.276483129996263,1962,0,"Converged","weight","Male","3dar1",2.12273145977168,3.20654532935703
"494",15,1976,2.67002872971746,0.285575990859721,1961,0,"Converged","weight","Male","3dar1",2.11029978763241,3.22975767180252
"495",16,1976,2.67312649596072,0.294211070127166,1960,0,"Converged","weight","Male","3dar1",2.09647279851148,3.24978019340997
"496",17,1976,2.6746597335567,0.302512474641037,1959,0,"Converged","weight","Male","3dar1",2.08173528326027,3.26758418385314
"497",18,1976,2.67515440615078,0.310567306298678,1958,0,"Converged","weight","Male","3dar1",2.06644248580537,3.28386632649619
"498",19,1976,2.67498996410519,0.318431680956503,1957,0,"Converged","weight","Male","3dar1",2.05086386943045,3.29911605877994
"499",20,1976,2.67443979864219,0.326136775006931,1956,0,"Converged","weight","Male","3dar1",2.03521171962861,3.31366787765578
"500",21,1976,2.67369629081735,0.333694470352904,1955,0,"Converged","weight","Male","3dar1",2.01965512892566,3.32773745270905
"501",22,1976,2.67289018650385,0.341102400490569,1954,0,"Converged","weight","Male","3dar1",2.00432948154234,3.34145089146537
"502",23,1976,2.67210194066058,0.348348257142402,1953,0,"Converged","weight","Male","3dar1",1.98933935666147,3.35486452465968
"503",24,1976,2.6713786156113,0.355413674288823,1952,0,"Converged","weight","Male","3dar1",1.97476781400521,3.3679894172174
"504",25,1976,2.67074124595125,0.36227716666103,1951,0,"Converged","weight","Male","3dar1",1.96067799929564,3.38080449260687
"505",26,1976,2.67019676771641,0.368916694029471,1950,0,"Converged","weight","Male","3dar1",1.94712004741865,3.39327348801417
"506",27,1976,2.66974139176764,0.375311279529856,1949,0,"Converged","weight","Male","3dar1",1.93413128388912,3.40535149964616
"507",28,1976,2.66935805310704,0.381442126670717,1948,0,"Converged","weight","Male","3dar1",1.92173148483244,3.41698462138165
"508",29,1976,2.66903701105121,0.387294222351598,1947,0,"Converged","weight","Male","3dar1",1.90994033524208,3.42813368686034
"509",30,1976,2.66876270088603,0.392856146701119,1946,0,"Converged","weight","Male","3dar1",1.89876465335183,3.43876074842022
"510",31,1976,2.66852435096073,0.398120771198802,1945,0,"Converged","weight","Male","3dar1",1.88820763941108,3.44884106251038
"511",2,1977,1.17113681118282,0.0468074777331759,1975,0,"Converged","weight","Male","3dar1",1.0793941548258,1.26287946753985
"512",3,1977,1.55407671391218,0.0788311535295616,1974,0,"Converged","weight","Male","3dar1",1.39956765299424,1.70858577483012
"513",4,1977,1.86287239159448,0.110872875987907,1973,0,"Converged","weight","Male","3dar1",1.64556155465818,2.08018322853078
"514",5,1977,2.0987101820046,0.137741524367403,1972,0,"Converged","weight","Male","3dar1",1.82873679424449,2.36868356976471
"515",6,1977,2.27309907246338,0.160819689508783,1971,0,"Converged","weight","Male","3dar1",1.95789248102617,2.5883056639006
"516",7,1977,2.39936626069542,0.181233774832704,1970,0,"Converged","weight","Male","3dar1",2.04414806202332,2.75458445936752
"517",8,1977,2.48936671960246,0.199434377386949,1969,0,"Converged","weight","Male","3dar1",2.09847533992404,2.88025809928088
"518",9,1977,2.55266385518526,0.21561014729258,1968,0,"Converged","weight","Male","3dar1",2.1300679664918,2.97525974387872
"519",10,1977,2.59663941804559,0.229944544940863,1967,0,"Converged","weight","Male","3dar1",2.1459481099615,3.04733072612968
"520",11,1977,2.62681860242968,0.242678742984513,1966,0,"Converged","weight","Male","3dar1",2.15116826618004,3.10246893867933
"521",12,1977,2.64722135397792,0.254091103041221,1965,0,"Converged","weight","Male","3dar1",2.14920279201713,3.14523991593871
"522",13,1977,2.66072147911186,0.264462300339548,1964,0,"Converged","weight","Male","3dar1",2.14237537044634,3.17906758777737
"523",14,1977,2.66937992577042,0.27404959923335,1963,0,"Converged","weight","Male","3dar1",2.13224271127306,3.20651714026779
"524",15,1977,2.67465320072537,0.283070210789028,1962,0,"Converged","weight","Male","3dar1",2.11983558757887,3.22947081387186
"525",16,1977,2.67757336900488,0.291696721388991,1961,0,"Converged","weight","Male","3dar1",2.10584779508246,3.2492989429273
"526",17,1977,2.67887606855181,0.300058613086088,1960,0,"Converged","weight","Male","3dar1",2.09076118690307,3.26699095020054
"527",18,1977,2.6790987506177,0.30824728864258,1959,0,"Converged","weight","Male","3dar1",2.07493406487824,3.28326343635716
"528",19,1977,2.67863440530724,0.316321688600901,1958,0,"Converged","weight","Male","3dar1",2.05864389564947,3.29862491496501
"529",20,1977,2.67777116768006,0.324314076676762,1957,0,"Converged","weight","Male","3dar1",2.04211557739361,3.31342675796651
"530",21,1977,2.67671526648447,0.332235470306102,1956,0,"Converged","weight","Male","3dar1",2.02553374468451,3.32789678828443
"531",22,1977,2.67560924449829,0.340080668209024,1955,0,"Converged","weight","Male","3dar1",2.00905113480861,3.34216735418798
"532",23,1977,2.67454111624116,0.347832584463664,1954,0,"Converged","weight","Male","3dar1",1.99278925069238,3.35629298178994
"533",24,1977,2.67356288797272,0.355466550689259,1953,0,"Converged","weight","Male","3dar1",1.97684844862178,3.37027732732367
"534",25,1977,2.67269723424693,0.362953522906049,1952,0,"Converged","weight","Male","3dar1",1.96130832935107,3.38408613914278
"535",26,1977,2.67195152892212,0.370263146477913,1951,0,"Converged","weight","Male","3dar1",1.94623576182541,3.39766729601883
"536",27,1977,2.67132086270439,0.377365637173107,1950,0,"Converged","weight","Male","3dar1",1.9316842138451,3.41095751156368
"537",28,1977,2.67078287750234,0.384232994767505,1949,0,"Converged","weight","Male","3dar1",1.91768620775803,3.42387954724665
"538",29,1977,2.67032552518565,0.390841500302233,1948,0,"Converged","weight","Male","3dar1",1.90427618459327,3.43637486577803
"539",30,1977,2.66992858513785,0.397171256907182,1947,0,"Converged","weight","Male","3dar1",1.89147292159978,3.44838424867593
"540",31,1977,2.66957795562228,0.403207443763541,1946,0,"Converged","weight","Male","3dar1",1.87929136584574,3.45986454539882
"541",2,1978,1.17171757995156,0.0468101229420553,1976,0,"Converged","weight","Male","3dar1",1.07996973898513,1.26346542091799
"542",3,1978,1.55541234498448,0.0788978882107935,1975,0,"Converged","weight","Male","3dar1",1.40077248409132,1.71005220587763
"543",4,1978,1.86492383389368,0.110892035549518,1974,0,"Converged","weight","Male","3dar1",1.64757544421663,2.08227222357074
"544",5,1978,2.10132984579523,0.137573403381753,1973,0,"Converged","weight","Male","3dar1",1.83168597516699,2.37097371642346
"545",6,1978,2.27625204877927,0.160378385017934,1972,0,"Converged","weight","Male","3dar1",1.96191041414412,2.59059368341442
"546",7,1978,2.40306894723402,0.180478067612747,1971,0,"Converged","weight","Male","3dar1",2.04933193471303,2.756805959755
"547",8,1978,2.49360236017121,0.19834837322312,1970,0,"Converged","weight","Male","3dar1",2.10483954865389,2.88236517168853
"548",9,1978,2.55736017119738,0.214192823703631,1969,0,"Converged","weight","Male","3dar1",2.13754223673826,2.9771781056565
"549",10,1978,2.60169639569882,0.228205589236442,1968,0,"Converged","weight","Male","3dar1",2.15441344079539,3.04897935060224
"550",11,1978,2.6321360729089,0.240636610474079,1967,0,"Converged","weight","Male","3dar1",2.1604883163797,3.10378382943809
"551",12,1978,2.65270425704651,0.251771697261589,1966,0,"Converged","weight","Male","3dar1",2.1592317304138,3.14617678367922
"552",13,1978,2.66627666360557,0.26189861943283,1965,0,"Converged","weight","Male","3dar1",2.15295536951722,3.17959795769391
"553",14,1978,2.67492299503407,0.271282753283686,1964,0,"Converged","weight","Male","3dar1",2.14320879859805,3.2066371914701
"554",15,1978,2.68010570213357,0.280149469144483,1963,0,"Converged","weight","Male","3dar1",2.13101274261039,3.22919866165676
"555",16,1978,2.6828622739216,0.288679340315516,1962,0,"Converged","weight","Male","3dar1",2.11705076690319,3.24867378094002
"556",17,1978,2.68393463879947,0.297009273130832,1961,0,"Converged","weight","Male","3dar1",2.10179646346304,3.26607281413591
"557",18,1978,2.68387198678635,0.305237437666391,1960,0,"Converged","weight","Male","3dar1",2.08560660896022,3.28213736461248
"558",19,1978,2.68308229496161,0.313428290999296,1959,0,"Converged","weight","Male","3dar1",2.06876284460299,3.29740174532023
"559",20,1978,2.68187104173984,0.321617935218259,1958,0,"Converged","weight","Male","3dar1",2.05149988871206,3.31224219476763
"560",21,1978,2.68046143556324,0.329819111273067,1957,0,"Converged","weight","Male","3dar1",2.03401597746803,3.32690689365845
"561",22,1978,2.67901109090117,0.338026046996017,1956,0,"Converged","weight","Male","3dar1",2.01648003878898,3.34154214301337
"562",23,1978,2.67761803584319,0.346218633604343,1955,0,"Converged","weight","Male","3dar1",1.99902951397868,3.3562065577077
"563",24,1978,2.67634129379077,0.354367175145457,1954,0,"Converged","weight","Male","3dar1",1.98178163050567,3.37090095707586
"564",25,1978,2.67520642787255,0.362435817848677,1953,0,"Converged","weight","Male","3dar1",1.96483222488914,3.38558063085596
"565",26,1978,2.67422233763075,0.37038621816955,1952,0,"Converged","weight","Male","3dar1",1.94826535001843,3.40017932524307
"566",27,1978,2.67338370222349,0.378179695773366,1951,0,"Converged","weight","Male","3dar1",1.93215149850769,3.41461590593929
"567",28,1978,2.67266191661045,0.385778446121796,1950,0,"Converged","weight","Male","3dar1",1.91653616221173,3.42878767100917
"568",29,1978,2.67204267053694,0.39314932038099,1949,0,"Converged","weight","Male","3dar1",1.9014700025902,3.44261533848368
"569",30,1978,2.67150008005388,0.40026289442325,1948,0,"Converged","weight","Male","3dar1",1.88698480698431,3.45601535312345
"570",31,1978,2.67101596086337,0.407095525171839,1947,0,"Converged","weight","Male","3dar1",1.87310873152657,3.46892319020018
"571",2,1979,1.17239137592104,0.0468166133617552,1977,0,"Converged","weight","Male","3dar1",1.080630813732,1.26415193811008
"572",3,1979,1.55695594269713,0.0789818219855951,1976,0,"Converged","weight","Male","3dar1",1.40215157160536,1.7117603137889
"573",4,1979,1.8672707826155,0.1109345861883,1975,0,"Converged","weight","Male","3dar1",1.64983899368643,2.08470257154457
"574",5,1979,2.10427643317217,0.137421012948975,1974,0,"Converged","weight","Male","3dar1",1.83493124779218,2.37362161855216
"575",6,1979,2.27975693915473,0.159941302305626,1973,0,"Converged","weight","Male","3dar1",1.9662719866357,2.59324189167375
"576",7,1979,2.40717331319463,0.179714652162171,1972,0,"Converged","weight","Male","3dar1",2.05493259495678,2.75941403143249
"577",8,1979,2.49831272895632,0.197240275351283,1971,0,"Converged","weight","Male","3dar1",2.11172178926781,2.88490366864484
"578",9,1979,2.56261202398127,0.212733674741597,1970,0,"Converged","weight","Male","3dar1",2.14565402148774,2.9795700264748
"579",10,1979,2.60738720283649,0.22639764175703,1969,0,"Converged","weight","Male","3dar1",2.16364782499271,3.05112658068027
"580",11,1979,2.63816083370081,0.238489534123137,1968,0,"Converged","weight","Male","3dar1",2.17072134681947,3.10560032058216
"581",12,1979,2.65896198492644,0.249301545042407,1967,0,"Converged","weight","Male","3dar1",2.17033095664332,3.14759301320956
"582",13,1979,2.67266538627413,0.259127760408153,1966,0,"Converged","weight","Male","3dar1",2.16477497587415,3.18055579667411
"583",14,1979,2.68134891082425,0.268241725306012,1965,0,"Converged","weight","Male","3dar1",2.15559512922447,3.20710269242403
"584",15,1979,2.68647916839486,0.276877584736889,1964,0,"Converged","weight","Male","3dar1",2.14379910231056,3.22915923447916
"585",16,1979,2.68909676070946,0.285225101672809,1963,0,"Converged","weight","Male","3dar1",2.13005556143075,3.24813795998816
"586",17,1979,2.68994753340514,0.293430342636758,1962,0,"Converged","weight","Male","3dar1",2.1148240618371,3.26507100497319
"587",18,1979,2.68959200298321,0.301600612435283,1961,0,"Converged","weight","Male","3dar1",2.09845480261006,3.28072920335637
"588",19,1979,2.6884542848692,0.309808687527029,1960,0,"Converged","weight","Male","3dar1",2.08122925731623,3.29567931242218
"589",20,1979,2.68685996322954,0.318097573407822,1959,0,"Converged","weight","Male","3dar1",2.0633887193502,3.31033120710887
"590",21,1979,2.6850528372732,0.326484776372329,1958,0,"Converged","weight","Male","3dar1",2.04514267558343,3.32496299896296
"591",22,1979,2.68320957844268,0.334966753607899,1957,0,"Converged","weight","Male","3dar1",2.02667474137119,3.33974441551416
"592",23,1979,2.68144125804805,0.3435226488815,1956,0,"Converged","weight","Male","3dar1",2.00813686624031,3.35474564985579
"593",24,1979,2.67981658068392,0.352119509967586,1955,0,"Converged","weight","Male","3dar1",1.98966234114745,3.36997082022039
"594",25,1979,2.67836565557098,0.360715842489629,1954,0,"Converged","weight","Male","3dar1",1.97136260429131,3.38536870685065
"595",26,1979,2.67710045971663,0.369266003537274,1953,0,"Converged","weight","Male","3dar1",1.95333909278357,3.40086182664969
"596",27,1979,2.67601640470003,0.377722615279925,1952,0,"Converged","weight","Male","3dar1",1.93568007875137,3.41635273064868
"597",28,1979,2.67507750957584,0.386037592591115,1951,0,"Converged","weight","Male","3dar1",1.91844382809725,3.43171119105442
"598",29,1979,2.67426745752321,0.394167745404088,1950,0,"Converged","weight","Male","3dar1",1.9016986765312,3.44683623851523
"599",30,1979,2.67355349527703,0.402073055460267,1949,0,"Converged","weight","Male","3dar1",1.8854903065749,3.46161668397915
"600",31,1979,2.67291245208736,0.409719867617748,1948,0,"Converged","weight","Male","3dar1",1.86986151155657,3.47596339261814
"601",2,1980,1.17317791244911,0.0468277109851708,1978,0,"Converged","weight","Male","3dar1",1.08139559891817,1.26496022598004
"602",3,1980,1.5587521373133,0.0790856951791407,1977,0,"Converged","weight","Male","3dar1",1.40374417476218,1.71376009986442
"603",4,1980,1.86997249669765,0.111004338821581,1976,0,"Converged","weight","Male","3dar1",1.65240399260735,2.08754100078795
"604",5,1980,2.10760052624043,0.137285845194013,1975,0,"Converged","weight","Male","3dar1",1.83852026966016,2.37668078282069
"605",6,1980,2.28364884443215,0.15950846203415,1974,0,"Converged","weight","Male","3dar1",1.97101225884522,2.59628543001909
"606",7,1980,2.41170526034448,0.178944998600665,1973,0,"Converged","weight","Male","3dar1",2.06097306308718,2.76243745760178
"607",8,1980,2.5035231585836,0.19611573522153,1972,0,"Converged","weight","Male","3dar1",2.1191363175494,2.8879099996178
"608",9,1980,2.56844923650694,0.211244592010842,1971,0,"Converged","weight","Male","3dar1",2.15440983616569,2.98248863684819
"609",10,1980,2.61374848631497,0.224540357131178,1970,0,"Converged","weight","Male","3dar1",2.17364938633786,3.05384758629208
"610",11,1980,2.64493841477433,0.236265995424667,1969,0,"Converged","weight","Male","3dar1",2.18185706374198,3.10801976580667
"611",12,1980,2.66605105167947,0.246718435153625,1968,0,"Converged","weight","Male","3dar1",2.18248291877836,3.14961918458057
"612",13,1980,2.67995641445762,0.256196556731781,1967,0,"Converged","weight","Male","3dar1",2.17781116326333,3.18210166565191
"613",14,1980,2.68873987173352,0.264981438019937,1966,0,"Converged","weight","Male","3dar1",2.16937625321444,3.20810349025259
"614",15,1980,2.69386973830879,0.273315928285976,1965,0,"Converged","weight","Male","3dar1",2.15817051886828,3.2295689577493
"615",16,1980,2.69638631128226,0.281399570007631,1964,0,"Converged","weight","Male","3dar1",2.14484315406731,3.24792946849722
"616",17,1980,2.6970355269067,0.289388825227873,1963,0,"Converged","weight","Male","3dar1",2.12983342946007,3.26423762435333
"617",18,1980,2.69638783058987,0.29740223463321,1962,0,"Converged","weight","Male","3dar1",2.11347945070878,3.27929621047097
"618",19,1980,2.69488408344569,0.305523684767871,1961,0,"Converged","weight","Male","3dar1",2.09605766130067,3.29371050559072
"619",20,1980,2.69287279108736,0.31380640995185,1960,0,"Converged","weight","Male","3dar1",2.07781222758173,3.30793335459298
"620",21,1980,2.69062243979554,0.322276190020859,1959,0,"Converged","weight","Male","3dar1",2.05896110735465,3.32228377223642
"621",22,1980,2.68833357080159,0.330935120711889,1958,0,"Converged","weight","Male","3dar1",2.03970073420629,3.33696640739689
"622",23,1980,2.68613399909857,0.339764491064914,1957,0,"Converged","weight","Male","3dar1",2.02019559661134,3.3520724015858
"623",24,1980,2.68410549851752,0.348730478274238,1956,0,"Converged","weight","Male","3dar1",2.00059376110002,3.36761723593503
"624",25,1980,2.68228488435659,0.35778764870511,1955,0,"Converged","weight","Male","3dar1",1.98102109289458,3.38354867581861
"625",26,1980,2.68068937454121,0.36688422680913,1954,0,"Converged","weight","Male","3dar1",1.96159628999532,3.39978245908711
"626",27,1980,2.67931687259435,0.375964727745268,1953,0,"Converged","weight","Male","3dar1",1.94242600621363,3.41620773897508
"627",28,1980,2.67812267952996,0.384970485085535,1952,0,"Converged","weight","Male","3dar1",1.92358052876231,3.4326648302976
"628",29,1980,2.67708905976007,0.393847827250271,1951,0,"Converged","weight","Male","3dar1",1.90514731834954,3.4490308011706
"629",30,1980,2.67617496179164,0.402545070746342,1950,0,"Converged","weight","Male","3dar1",1.88718662312881,3.46516330045447
"630",31,1980,2.67535116103838,0.411017295425998,1949,0,"Converged","weight","Male","3dar1",1.86975726200342,3.48094506007333
"631",2,1981,1.17410261815343,0.0468443119202095,1979,0,"Converged","weight","Male","3dar1",1.08228776678982,1.26591746951704
"632",3,1981,1.56085993389905,0.079212811404603,1978,0,"Converged","weight","Male","3dar1",1.40560282354603,1.71611704425207
"633",4,1981,1.87310896534325,0.11110585914375,1977,0,"Converged","weight","Male","3dar1",1.6553414814215,2.090876449265
"634",5,1981,2.11137117166145,0.137168368923329,1976,0,"Converged","weight","Male","3dar1",1.84252116857173,2.38022117475118
"635",6,1981,2.28797510092145,0.159076429437479,1975,0,"Converged","weight","Male","3dar1",1.97618529922399,2.5997649026189
"636",7,1981,2.41669736884358,0.178165019257266,1974,0,"Converged","weight","Male","3dar1",2.06749393109934,2.76590080658782
"637",8,1981,2.50926215380134,0.194973221797705,1973,0,"Converged","weight","Male","3dar1",2.12711463907783,2.89140966852484
"638",9,1981,2.57490253582374,0.20972909899829,1972,0,"Converged","weight","Male","3dar1",2.16383350178709,2.98597156986039
"639",10,1981,2.62081604259254,0.222644329646982,1971,0,"Converged","weight","Male","3dar1",2.18443315648446,3.05719892870062
"640",11,1981,2.65251236109521,0.233985323455611,1970,0,"Converged","weight","Male","3dar1",2.19390112712221,3.1111235950682
"641",12,1981,2.67402571991614,0.244051567390982,1969,0,"Converged","weight","Male","3dar1",2.19568464782982,3.15236679200247
"642",13,1981,2.68821677111213,0.25314443649541,1968,0,"Converged","weight","Male","3dar1",2.19205367558113,3.18437986664313
"643",14,1981,2.69717780107755,0.261551135112987,1967,0,"Converged","weight","Male","3dar1",2.18453757625609,3.209818025899
"644",15,1981,2.70237567648564,0.269522313860789,1966,0,"Converged","weight","Male","3dar1",2.1741119413185,3.23063941165279
"645",16,1981,2.70484561757532,0.277267073304932,1965,0,"Converged","weight","Male","3dar1",2.16140215389765,3.24828908125298
"646",17,1981,2.70532788268938,0.284952764942472,1964,0,"Converged","weight","Male","3dar1",2.14682046340214,3.26383530197663
"647",18,1981,2.70440003782759,0.292710761561409,1963,0,"Converged","weight","Male","3dar1",2.13068694516723,3.27811313048795
"648",19,1981,2.70251940397036,0.300638639029521,1962,0,"Converged","weight","Male","3dar1",2.1132676714725,3.29177113646822
"649",20,1981,2.70006010088795,0.308803330012361,1961,0,"Converged","weight","Male","3dar1",2.09480557406373,3.30531462771218
"650",21,1981,2.69731985727801,0.317242834178668,1960,0,"Converged","weight","Male","3dar1",2.07552390228782,3.3191158122682
"651",22,1981,2.69452885104167,0.325968966159242,1959,0,"Converged","weight","Male","3dar1",2.05562967736955,3.33342802471378
"652",23,1981,2.69183611023468,0.334968778066977,1958,0,"Converged","weight","Male","3dar1",2.0352973052234,3.34837491524595
"653",24,1981,2.68934074439185,0.34421072794729,1957,0,"Converged","weight","Male","3dar1",2.01468771761516,3.36399377116854
"654",25,1981,2.68708904081942,0.35364783047342,1956,0,"Converged","weight","Male","3dar1",1.99393929309151,3.38023878854732
"655",26,1981,2.68510641880763,0.363223988468359,1955,0,"Converged","weight","Male","3dar1",1.97318740140965,3.39702543620561
"656",27,1981,2.68339589264551,0.372876758186956,1954,0,"Converged","weight","Male","3dar1",1.95255744659907,3.41423433869194
"657",28,1981,2.68190243654227,0.382536865560196,1953,0,"Converged","weight","Male","3dar1",1.93213018004428,3.43167469304025
"658",29,1981,2.6806079906366,0.392140004019725,1952,0,"Converged","weight","Male","3dar1",1.91201358275793,3.44920239851526
"659",30,1981,2.67946153161486,0.40162180687591,1951,0,"Converged","weight","Male","3dar1",1.89228279013807,3.46664027309164
"660",31,1981,2.67842654716811,0.410924812902756,1950,0,"Converged","weight","Male","3dar1",1.8730139138787,3.48383918045751
"661",2,1982,1.17519829734147,0.0468674441561338,1980,0,"Converged","weight","Male","3dar1",1.08333810679545,1.2670584878875
"662",3,1982,1.56335757507258,0.0793672496766946,1979,0,"Converged","weight","Male","3dar1",1.40779776570626,1.7189173844389
"663",4,1982,1.87678889324411,0.1112451749118,1978,0,"Converged","weight","Male","3dar1",1.65874835041699,2.09482943607124
"664",5,1982,2.11568411278076,0.13706861102741,1977,0,"Converged","weight","Male","3dar1",1.84702963516703,2.38433859039448
"665",6,1982,2.29280208361382,0.158638372803515,1976,0,"Converged","weight","Male","3dar1",1.98187087291893,2.60373329430871
"666",7,1982,2.42219412347955,0.177364577686808,1975,0,"Converged","weight","Male","3dar1",2.0745595512134,2.76982869574569
"667",8,1982,2.51556545173398,0.193803021381812,1974,0,"Converged","weight","Male","3dar1",2.13571152982563,2.89541937364234
"668",9,1982,2.58200663816938,0.208180836463725,1973,0,"Converged","weight","Male","3dar1",2.17397219870048,2.99004107763828
"669",10,1982,2.62862687753342,0.2207090670281,1972,0,"Converged","weight","Male","3dar1",2.19603710615834,3.0612166489085
"670",11,1982,2.66092527263848,0.231655222476577,1971,0,"Converged","weight","Male","3dar1",2.20688103658439,3.11496950869257
"671",12,1982,2.68293815933692,0.241318765693157,1970,0,"Converged","weight","Male","3dar1",2.20995337857833,3.15592294009551
"672",13,1982,2.69751116394738,0.250000499548689,1969,0,"Converged","weight","Male","3dar1",2.20751018483194,3.18751214306281
"673",14,1982,2.70674333919696,0.257991543861681,1968,0,"Converged","weight","Male","3dar1",2.20107991322806,3.21240676516585
"674",15,1982,2.71209629997029,0.265548481075811,1967,0,"Converged","weight","Male","3dar1",2.1916212770617,3.23257132287888
"675",16,1982,2.71459381047553,0.272888722954716,1966,0,"Converged","weight","Male","3dar1",2.17973191348428,3.24945570746677
"676",17,1982,2.71496213342047,0.280189972917027,1965,0,"Converged","weight","Male","3dar1",2.1657897865031,3.26413448033784
"677",18,1982,2.71378118180022,0.287597204178139,1964,0,"Converged","weight","Male","3dar1",2.15009066161107,3.27747170198937
"678",19,1982,2.71152307506536,0.29522374623312,1963,0,"Converged","weight","Male","3dar1",2.13288453244844,3.29016161768227
"679",20,1982,2.70858984813043,0.303153628254202,1962,0,"Converged","weight","Male","3dar1",2.1144087367522,3.30277095950867
"680",21,1982,2.70531341109709,0.31144134574885,1961,0,"Converged","weight","Male","3dar1",2.09488837342935,3.31573844876484
"681",22,1982,2.70196043345861,0.320113203216661,1960,0,"Converged","weight","Male","3dar1",2.07453855515396,3.32938231176327
"682",23,1982,2.69870649017506,0.329166454284067,1959,0,"Converged","weight","Male","3dar1",2.05354023977829,3.34387274057183
"683",24,1982,2.69567334836925,0.338575929733639,1958,0,"Converged","weight","Male","3dar1",2.03206452609132,3.35928217064719
"684",25,1982,2.69292024888346,0.34829635992009,1957,0,"Converged","weight","Male","3dar1",2.01025938344009,3.37558111432684
"685",26,1982,2.69048480032185,0.358270010103652,1956,0,"Converged","weight","Male","3dar1",1.9882755805187,3.39269402012501
"686",27,1982,2.68837893456413,0.368429426791733,1955,0,"Converged","weight","Male","3dar1",1.96625725805233,3.41050061107593
"687",28,1982,2.68653534650516,0.378695138952769,1954,0,"Converged","weight","Male","3dar1",1.94429287415774,3.42877781885259
"688",29,1982,2.68493750027526,0.388992537266232,1953,0,"Converged","weight","Male","3dar1",1.92251212723344,3.44736287331707
"689",30,1982,2.68352246689679,0.399243736676639,1952,0,"Converged","weight","Male","3dar1",1.90100474301058,3.466040190783
"690",31,1982,2.68224505966491,0.409377552565241,1951,0,"Converged","weight","Male","3dar1",1.87986505663704,3.48462506269278
"691",2,1983,1.17650717119118,0.0468981815114973,1981,0,"Converged","weight","Male","3dar1",1.08458673542864,1.26842760695371
"692",3,1983,1.56634883361988,0.0795539299714337,1980,0,"Converged","weight","Male","3dar1",1.41042313087587,1.72227453636389
"693",4,1983,1.88116040592046,0.111430526300392,1979,0,"Converged","weight","Male","3dar1",1.6627565743717,2.09956423746923
"694",5,1983,2.12067311508838,0.136986922526268,1978,0,"Converged","weight","Male","3dar1",1.8521787469369,2.38916748323987
"695",6,1983,2.29822487039776,0.158184277259417,1977,0,"Converged","weight","Male","3dar1",1.9881836869693,2.60826605382622
"696",7,1983,2.42825967056464,0.176527050898092,1976,0,"Converged","weight","Male","3dar1",2.08226665080438,2.7742526903249
"697",8,1983,2.52248238705166,0.192586165699829,1975,0,"Converged","weight","Male","3dar1",2.14501350227999,2.89995127182332
"698",9,1983,2.58980544152598,0.20658180593828,1974,0,"Converged","weight","Male","3dar1",2.18490510188695,2.99470578116501
"699",10,1983,2.6372231042576,0.218720492123042,1973,0,"Converged","weight","Male","3dar1",2.20853093969644,3.06591526881876
"700",11,1983,2.67022134714373,0.229268552045338,1972,0,"Converged","weight","Male","3dar1",2.22085498513487,3.1195877091526
"701",12,1983,2.69283975057782,0.238522648690249,1971,0,"Converged","weight","Male","3dar1",2.22533535914493,3.16034414201071
"702",13,1983,2.70790218388175,0.246779261297923,1970,0,"Converged","weight","Male","3dar1",2.22421483173782,3.19158953602568
"703",14,1983,2.71751527288829,0.254330457875604,1969,0,"Converged","weight","Male","3dar1",2.21902757545211,3.21600297032447
"704",15,1983,2.72313110604864,0.261435828669951,1968,0,"Converged","weight","Male","3dar1",2.21071688185554,3.23554533024174
"705",16,1983,2.72575377951634,0.268318623299662,1967,0,"Converged","weight","Male","3dar1",2.19984927784901,3.25165828118368
"706",17,1983,2.72608394998511,0.275165011064951,1966,0,"Converged","weight","Male","3dar1",2.18676052829781,3.26540737167241
"707",18,1983,2.7246964253955,0.282133099915253,1965,0,"Converged","weight","Male","3dar1",2.17171554956161,3.2776773012294
"708",19,1983,2.7220744297589,0.28935309368619,1964,0,"Converged","weight","Male","3dar1",2.15494236613397,3.28920649338383
"709",20,1983,2.71864942687703,0.296929091676708,1963,0,"Converged","weight","Male","3dar1",2.13666840719068,3.30063044656338
"710",21,1983,2.7147926827814,0.304936451378625,1962,0,"Converged","weight","Male","3dar1",2.11711723807929,3.3124681274835
"711",22,1983,2.71081543958751,0.31342135692871,1961,0,"Converged","weight","Male","3dar1",2.09650958000723,3.32512129916778
"712",23,1983,2.70692610183834,0.322396565633539,1960,0,"Converged","weight","Male","3dar1",2.07502883319661,3.33882337048008
"713",24,1983,2.70327567162154,0.331848488606229,1959,0,"Converged","weight","Male","3dar1",2.05285263395333,3.35369870928975
"714",25,1983,2.69994064920056,0.341737939166185,1958,0,"Converged","weight","Male","3dar1",2.03013428843484,3.36974700996629
"715",26,1983,2.6969761321592,0.352009395350346,1957,0,"Converged","weight","Male","3dar1",2.00703771727252,3.38691454704588
"716",27,1983,2.69440840718154,0.362593481842977,1956,0,"Converged","weight","Male","3dar1",1.98372518276931,3.40509163159377
"717",28,1983,2.69215548008181,0.373401622216142,1955,0,"Converged","weight","Male","3dar1",1.96028830053817,3.42402265962545
"718",29,1983,2.69020528832011,0.384350037232302,1954,0,"Converged","weight","Male","3dar1",1.9368792153448,3.44353136129542
"719",30,1983,2.68848079921341,0.395346910094628,1953,0,"Converged","weight","Male","3dar1",1.91360085542794,3.46336074299888
"720",31,1983,2.6869266546467,0.406306487556607,1952,0,"Converged","weight","Male","3dar1",1.89056593903575,3.48328737025765
"721",2,1984,1.17808334532296,0.046937400472621,1982,0,"Converged","weight","Male","3dar1",1.08608604039663,1.2700806502493
"722",3,1984,1.56997108715478,0.0797783017913871,1981,0,"Converged","weight","Male","3dar1",1.41360561564366,1.7263365586659
"723",4,1984,1.88642530622775,0.111672882629283,1980,0,"Converged","weight","Male","3dar1",1.66754645627436,2.10530415618114
"724",5,1984,2.12652538378775,0.136924776022011,1979,0,"Converged","weight","Male","3dar1",1.85815282278461,2.39489794479089
"725",6,1984,2.30438072036565,0.157701281524854,1978,0,"Converged","weight","Male","3dar1",1.99528620857694,2.61347523215437
"726",7,1984,2.43498898703951,0.175628990435166,1977,0,"Converged","weight","Male","3dar1",2.09075616578658,2.77922180829243
"727",8,1984,2.53008542034501,0.191293393791286,1976,0,"Converged","weight","Male","3dar1",2.15515036851409,2.90502047217593
"728",9,1984,2.59836017849926,0.204900519692689,1975,0,"Converged","weight","Male","3dar1",2.19675515990159,2.99996519709693
"729",10,1984,2.64665850002413,0.216648134561968,1974,0,"Converged","weight","Male","3dar1",2.22202815628267,3.07128884376559
"730",11,1984,2.68045118167025,0.226799499854378,1973,0,"Converged","weight","Male","3dar1",2.23592416195567,3.12497820138483
"731",12,1984,2.70378420171482,0.235645838520495,1972,0,"Converged","weight","Male","3dar1",2.24191835821465,3.16565004521499
"732",13,1984,2.71945182202153,0.243475042057115,1971,0,"Converged","weight","Male","3dar1",2.24224073958958,3.19666290445347
"733",14,1984,2.72957082398903,0.250576584909926,1970,0,"Converged","weight","Male","3dar1",2.23844071756557,3.22070093041249
"734",15,1984,2.73557940968988,0.257209089297399,1969,0,"Converged","weight","Male","3dar1",2.23144959466698,3.23970922471278
"735",16,1984,2.73845181085315,0.263597799330088,1968,0,"Converged","weight","Male","3dar1",2.22180012416618,3.25510349754013
"736",17,1984,2.73884728068016,0.26993381758369,1967,0,"Converged","weight","Male","3dar1",2.20977699821613,3.26791756314419
"737",18,1984,2.73732448674474,0.276386221917684,1966,0,"Converged","weight","Male","3dar1",2.19560749178608,3.2790414817034
"738",19,1984,2.73437114757779,0.283101710940122,1965,0,"Converged","weight","Male","3dar1",2.17949179413515,3.28925050102043
"739",20,1984,2.7304483145909,0.290206481776767,1964,0,"Converged","weight","Male","3dar1",2.16164361030844,3.29925301887336
"740",21,1984,2.7259717664754,0.297800780579064,1963,0,"Converged","weight","Male","3dar1",2.14228223654044,3.30966129641037
"741",22,1984,2.7213067621946,0.305956449445813,1962,0,"Converged","weight","Male","3dar1",2.12163212128081,3.3209814031084
"742",23,1984,2.71670182759332,0.314707841870433,1961,0,"Converged","weight","Male","3dar1",2.09987445752727,3.33352919765937
"743",24,1984,2.71234525509628,0.324059405614716,1960,0,"Converged","weight","Male","3dar1",2.07718882009144,3.34750169010112
"744",25,1984,2.70833603036012,0.333983719402418,1959,0,"Converged","weight","Male","3dar1",2.05372794033138,3.36294412038886
"745",26,1984,2.70475369846789,0.344432840745194,1958,0,"Converged","weight","Male","3dar1",2.02966533060731,3.37984206632847
"746",27,1984,2.7016465632826,0.355340145518514,1957,0,"Converged","weight","Male","3dar1",2.00517987806632,3.39811324849889
"747",28,1984,2.69891490519984,0.366610066268956,1956,0,"Converged","weight","Male","3dar1",1.98035917531269,3.41747063508699
"748",29,1984,2.69655567065702,0.378152059613973,1955,0,"Converged","weight","Male","3dar1",1.95537763381363,3.43773370750041
"749",30,1984,2.69447527678525,0.389860784297946,1954,0,"Converged","weight","Male","3dar1",1.93034813956128,3.45860241400923
"750",31,1984,2.69260667639059,0.401635853496992,1953,0,"Converged","weight","Male","3dar1",1.90540040353649,3.47981294924469
"751",2,1985,1.17999573639877,0.0469852709408044,1983,0,"Converged","weight","Male","3dar1",1.0879046053548,1.27208686744275
"752",3,1985,1.57440560296404,0.0800452498350261,1982,0,"Converged","weight","Male","3dar1",1.41751691328739,1.73129429264069
"753",4,1985,1.89285797279223,0.111985609070133,1981,0,"Converged","weight","Male","3dar1",1.67336617901476,2.11234976656969
"754",5,1985,2.13350238750105,0.136885107266989,1980,0,"Converged","weight","Male","3dar1",1.86520757725775,2.40179719774435
"755",6,1985,2.311467603633,0.15717384792864,1979,0,"Converged","weight","Male","3dar1",2.00340686169287,2.61952834557313
"756",7,1985,2.44252359507075,0.17463973282864,1978,0,"Converged","weight","Male","3dar1",2.10022971872661,2.78481747141488
"757",8,1985,2.53848393580945,0.189884105089644,1977,0,"Converged","weight","Male","3dar1",2.16631108983374,2.91065678178515
"758",9,1985,2.60776164172875,0.203090102973186,1976,0,"Converged","weight","Male","3dar1",2.20970503990131,3.0058182435562
"759",10,1985,2.65700881009,0.21444211887563,1975,0,"Converged","weight","Male","3dar1",2.23670225709377,3.07731536308624
"760",11,1985,2.69167985448461,0.224199277037329,1974,0,"Converged","weight","Male","3dar1",2.25224927149144,3.13111043747777
"761",12,1985,2.71583340024625,0.232645317995682,1973,0,"Converged","weight","Male","3dar1",2.25984857697471,3.17181822351779
"762",13,1985,2.732225085008,0.240055035315214,1972,0,"Converged","weight","Male","3dar1",2.26171721579018,3.20273295422581
"763",14,1985,2.74298741460532,0.246711568329309,1971,0,"Converged","weight","Male","3dar1",2.25943274067987,3.22654208853076
"764",15,1985,2.74954095628643,0.252867687662907,1970,0,"Converged","weight","Male","3dar1",2.25392028846713,3.24516162410573
"765",16,1985,2.75281789532092,0.258745386787148,1969,0,"Converged","weight","Male","3dar1",2.24567693721811,3.25995885342373
"766",17,1985,2.75341504265666,0.26453531498063,1968,0,"Converged","weight","Male","3dar1",2.23492582529463,3.2719042600187
"767",18,1985,2.75185917549946,0.270413186519171,1967,0,"Converged","weight","Male","3dar1",2.22184932992188,3.28186902107703
"768",19,1985,2.7486318052736,0.276539660117187,1966,0,"Converged","weight","Male","3dar1",2.20661407144392,3.29064953910329
"769",20,1985,2.74422157484571,0.283063418502784,1965,0,"Converged","weight","Male","3dar1",2.18941727458026,3.29902587511117
"770",21,1985,2.73909351117734,0.290112609635149,1964,0,"Converged","weight","Male","3dar1",2.17047279629245,3.30771422606223
"771",22,1985,2.73367782637582,0.297790429381866,1963,0,"Converged","weight","Male","3dar1",2.15000858478737,3.31734706796428
"772",23,1985,2.72827148522482,0.306159426786027,1962,0,"Converged","weight","Male","3dar1",2.12819900872421,3.32834396172544
"773",24,1985,2.72310984639347,0.315249810189852,1961,0,"Converged","weight","Male","3dar1",2.10522021842136,3.34099947436559
"774",25,1985,2.71832058995521,0.325053068973837,1960,0,"Converged","weight","Male","3dar1",2.08121657476649,3.35542460514393
"775",26,1985,2.71401674542081,0.335536102106857,1959,0,"Converged","weight","Male","3dar1",2.05636598529137,3.37166750555025
"776",27,1985,2.71027932092414,0.346641856190789,1958,0,"Converged","weight","Male","3dar1",2.0308612827902,3.38969735905809
"777",28,1985,2.70698695395646,0.358271361704009,1957,0,"Converged","weight","Male","3dar1",2.0047750850166,3.40919882289631
"778",29,1985,2.70415239654125,0.370331671263003,1956,0,"Converged","weight","Male","3dar1",1.97830232086577,3.43000247221674
"779",30,1985,2.70166286792665,0.382705774388453,1955,0,"Converged","weight","Male","3dar1",1.95155955012528,3.45176618572801
"780",31,1985,2.69943825860539,0.395280118316903,1954,0,"Converged","weight","Male","3dar1",1.92468922670427,3.47418729050652
"781",2,1986,1.18233146489183,0.0470403361995673,1984,0,"Converged","weight","Male","3dar1",1.09013240594067,1.27453052384298
"782",3,1986,1.57989055631294,0.0803565717981948,1983,0,"Converged","weight","Male","3dar1",1.42239167558848,1.73738943703741
"783",4,1986,1.9008303560295,0.112382117399209,1982,0,"Converged","weight","Male","3dar1",1.68056140592705,2.12109930613195
"784",5,1986,2.14196784168993,0.136871109593327,1981,0,"Converged","weight","Male","3dar1",1.87370046688701,2.41023521649285
"785",6,1986,2.31976940193037,0.156582970547676,1980,0,"Converged","weight","Male","3dar1",2.01286677965692,2.62667202420381
"786",7,1986,2.45107327971482,0.173520398999936,1979,0,"Converged","weight","Male","3dar1",2.11097329767495,2.7911732617547
"787",8,1986,2.54784372660381,0.188304918108903,1978,0,"Converged","weight","Male","3dar1",2.17876608711036,2.91692136609726
"788",9,1986,2.61814791998885,0.201086114860899,1977,0,"Converged","weight","Male","3dar1",2.22401913486149,3.01227670511621
"789",10,1986,2.6683872239076,0.212029844884244,1976,0,"Converged","weight","Male","3dar1",2.25280872793448,3.08396571988072
"790",11,1986,2.70399964813684,0.221391325314125,1975,0,"Converged","weight","Male","3dar1",2.27007265052115,3.13792664575252
"791",12,1986,2.72906725547777,0.229445974118691,1974,0,"Converged","weight","Male","3dar1",2.27935314620514,3.17878136475041
"792",13,1986,2.74629679407776,0.23645107050393,1973,0,"Converged","weight","Male","3dar1",2.28285269589005,3.20974089226546
"793",14,1986,2.75784679056143,0.242680113033551,1972,0,"Converged","weight","Male","3dar1",2.28219376901567,3.23349981210719
"794",15,1986,2.76511819181962,0.248374566014064,1971,0,"Converged","weight","Male","3dar1",2.27830404243206,3.25193234120719
"795",16,1986,2.76898723207722,0.253746659474619,1970,0,"Converged","weight","Male","3dar1",2.27164377950697,3.26633068464747
"796",17,1986,2.7699607886068,0.258979325257002,1969,0,"Converged","weight","Male","3dar1",2.26236131110308,3.27756026611053
"797",18,1986,2.76851189151593,0.264248022802921,1968,0,"Converged","weight","Male","3dar1",2.2505857668222,3.28643801620965
"798",19,1986,2.76509950439406,0.269722003876749,1967,0,"Converged","weight","Male","3dar1",2.23644437679563,3.29375463199249
"799",20,1986,2.76023460046823,0.275570365374919,1966,0,"Converged","weight","Male","3dar1",2.22011668433339,3.30035251660307
"800",21,1986,2.75443515489954,0.28195021292263,1965,0,"Converged","weight","Male","3dar1",2.20181273757119,3.3070575722279
"801",22,1986,2.74820887211279,0.289000914769652,1964,0,"Converged","weight","Male","3dar1",2.18176707916427,3.3146506650613
"802",23,1986,2.74191044522734,0.296819705236612,1963,0,"Converged","weight","Male","3dar1",2.16014382296358,3.3236770674911
"803",24,1986,2.7358340533311,0.305471340460459,1962,0,"Converged","weight","Male","3dar1",2.1371102260286,3.3345578806336
"804",25,1986,2.73014326219393,0.314974795300047,1961,0,"Converged","weight","Male","3dar1",2.11279266340584,3.34749386098203
"805",26,1986,2.72499620209326,0.325321309021214,1960,0,"Converged","weight","Male","3dar1",2.08736643641168,3.36262596777484
"806",27,1986,2.72052137297345,0.336473028787479,1959,0,"Converged","weight","Male","3dar1",2.06103423655,3.38000850939691
"807",28,1986,2.71657058645061,0.348333204785979,1958,0,"Converged","weight","Male","3dar1",2.03383750507009,3.39930366783113
"808",29,1986,2.71318239207864,0.360813752616414,1957,0,"Converged","weight","Male","3dar1",2.00598743695046,3.42037734720681
"809",30,1986,2.71022205780924,0.373790243415083,1956,0,"Converged","weight","Male","3dar1",1.97759318071568,3.4428509349028
"810",31,1986,2.70759546594555,0.387140182689416,1955,0,"Converged","weight","Male","3dar1",1.9488007078743,3.46639022401681
"811",2,1987,1.1851996765181,0.0470980150628293,1985,0,"Converged","weight","Male","3dar1",1.09288756699495,1.27751178604124
"812",3,1987,1.58673742825993,0.0807060919697241,1984,0,"Converged","weight","Male","3dar1",1.42855348799927,1.74492136852059
"813",4,1987,1.91084505756474,0.112869514852715,1983,0,"Converged","weight","Male","3dar1",1.68962080845342,2.13206930667606
"814",5,1987,2.15242524053192,0.13688137900151,1982,0,"Converged","weight","Male","3dar1",1.88413773768896,2.42071274337488
"815",6,1987,2.32968993055346,0.155902708786625,1981,0,"Converged","weight","Male","3dar1",2.02412062133168,2.63525923977525
"816",7,1987,2.46094569749615,0.172220930737592,1980,0,"Converged","weight","Male","3dar1",2.12339267325047,2.79849872174183
"817",8,1987,2.55841398772118,0.186486747535692,1979,0,"Converged","weight","Male","3dar1",2.19289996255122,2.92392801289113
"818",9,1987,2.62972949753029,0.198803235307627,1978,0,"Converged","weight","Male","3dar1",2.24007515632734,3.01938383873324
"819",10,1987,2.68096687706218,0.209311733817558,1977,0,"Converged","weight","Male","3dar1",2.27071587877977,3.0912178753446
"820",11,1987,2.71754920709747,0.218265607798912,1976,0,"Converged","weight","Male","3dar1",2.2897486158116,3.14534979838334
"821",12,1987,2.74359921491828,0.225933056530574,1975,0,"Converged","weight","Male","3dar1",2.30077042411836,3.18642800571821
"822",13,1987,2.76176305366525,0.23254987096797,1974,0,"Converged","weight","Male","3dar1",2.30596530656803,3.21756080076247
"823",14,1987,2.77424273701746,0.238378015962503,1973,0,"Converged","weight","Male","3dar1",2.30702182573095,3.24146364830396
"824",15,1987,2.78242116661523,0.243642199083612,1972,0,"Converged","weight","Male","3dar1",2.30488245641135,3.25995987681911
"825",16,1987,2.78710369288776,0.248537444754387,1971,0,"Converged","weight","Male","3dar1",2.29997030116916,3.27423708460636
"826",17,1987,2.78867196776087,0.253230090124776,1970,0,"Converged","weight","Male","3dar1",2.29234099111631,3.28500294440544
"827",18,1987,2.78751563017429,0.257885682498361,1969,0,"Converged","weight","Male","3dar1",2.2820596924775,3.29297156787108
"828",19,1987,2.78404709937157,0.262673290036256,1968,0,"Converged","weight","Male","3dar1",2.26920745090051,3.29888674784263
"829",20,1987,2.77878963148347,0.267777074695359,1967,0,"Converged","weight","Male","3dar1",2.25394656508057,3.30363269788637
"830",21,1987,2.77231590493,0.273381026590479,1966,0,"Converged","weight","Male","3dar1",2.23648909281266,3.30814271704734
"831",22,1987,2.76522533841366,0.279663461290215,1965,0,"Converged","weight","Male","3dar1",2.21708495428483,3.31336572254248
"832",23,1987,2.75794044979348,0.286761593805531,1964,0,"Converged","weight","Male","3dar1",2.19588772593464,3.31999317365232
"833",24,1987,2.75082823574591,0.294784006977649,1963,0,"Converged","weight","Male","3dar1",2.17305158206972,3.3286048894221
"834",25,1987,2.7440962091315,0.303786763880692,1962,0,"Converged","weight","Male","3dar1",2.14867415192535,3.33951826633766
"835",26,1987,2.73796238652556,0.313797351465409,1961,0,"Converged","weight","Male","3dar1",2.12291957765336,3.35300519539776
"836",27,1987,2.73262309757208,0.324810270018308,1960,0,"Converged","weight","Male","3dar1",2.09599496833619,3.36925122680796
"837",28,1987,2.72789629848393,0.336739268111277,1959,0,"Converged","weight","Male","3dar1",2.06788733298582,3.38790526398203
"838",29,1987,2.72386081387718,0.349512589979907,1958,0,"Converged","weight","Male","3dar1",2.03881613751656,3.4089054902378
"839",30,1987,2.720357268773,0.36300642295348,1957,0,"Converged","weight","Male","3dar1",2.00886467978418,3.43184985776182
"840",31,1987,2.71727748299025,0.377098249425642,1956,0,"Converged","weight","Male","3dar1",1.978164914116,3.45639005186451
"841",2,1988,1.18873568082481,0.0471483727776622,1986,0,"Converged","weight","Male","3dar1",1.09632487018059,1.28114649146902
"842",3,1988,1.59535159233515,0.0810711695597062,1985,0,"Converged","weight","Male","3dar1",1.43645209999813,1.75425108467218
"843",4,1988,1.92357927476138,0.113435139092847,1984,0,"Converged","weight","Male","3dar1",1.7012464021394,2.14591214738336
"844",5,1988,2.1655682784521,0.13689773196938,1983,0,"Converged","weight","Male","3dar1",1.89724872379212,2.43388783311209
"845",6,1988,2.34179870278166,0.15509077126882,1982,0,"Converged","weight","Male","3dar1",2.03782079109478,2.64577661446855
"846",7,1988,2.47258635857484,0.170672381343882,1981,0,"Converged","weight","Male","3dar1",2.13806849114083,2.80710422600884
"847",8,1988,2.57056417044295,0.184337979062826,1980,0,"Converged","weight","Male","3dar1",2.20926173147981,2.93186660940609
"848",9,1988,2.6428241094646,0.196128724887394,1979,0,"Converged","weight","Male","3dar1",2.25841180868531,3.02723641024389
"849",10,1988,2.69501278372681,0.206154297681519,1978,0,"Converged","weight","Male","3dar1",2.29095036027103,3.09907520718258
"850",11,1988,2.73254147803997,0.214670588183395,1977,0,"Converged","weight","Male","3dar1",2.31178712520052,3.15329583087943
"851",12,1988,2.75959969121168,0.221942475694829,1976,0,"Converged","weight","Male","3dar1",2.32459243884982,3.19460694357355
"852",13,1988,2.7787593971205,0.228180953891411,1975,0,"Converged","weight","Male","3dar1",2.33152472749333,3.22599406674766
"853",14,1988,2.79229408576183,0.23363739170286,1974,0,"Converged","weight","Male","3dar1",2.33436479802423,3.25022337349944
"854",15,1988,2.80157644365824,0.238515148347326,1973,0,"Converged","weight","Male","3dar1",2.33408675289748,3.269066134419
"855",16,1988,2.80732633871031,0.242984219950228,1972,0,"Converged","weight","Male","3dar1",2.33107726760787,3.28357540981276
"856",17,1988,2.80975567023579,0.24718451767185,1971,0,"Converged","weight","Male","3dar1",2.32527401559896,3.29423732487261
"857",18,1988,2.80913127135692,0.251259307530211,1970,0,"Converged","weight","Male","3dar1",2.31666302859771,3.30159951411614
"858",19,1988,2.80578476371294,0.255364955824906,1969,0,"Converged","weight","Male","3dar1",2.30526945029613,3.30630007712976
"859",20,1988,2.80023478997884,0.259691462556302,1968,0,"Converged","weight","Male","3dar1",2.29123952336849,3.30923005658919
"860",21,1988,2.7931072252137,0.264443249813374,1967,0,"Converged","weight","Male","3dar1",2.27479845557948,3.31141599484791
"861",22,1988,2.78510914033215,0.269836817494167,1966,0,"Converged","weight","Male","3dar1",2.25622897804358,3.31398930262072
"862",23,1988,2.77674145009214,0.27605180969741,1965,0,"Converged","weight","Male","3dar1",2.23567990308522,3.31780299709906
"863",24,1988,2.76846046801056,0.28324932103235,1964,0,"Converged","weight","Male","3dar1",2.21329179878715,3.32362913723397
"864",25,1988,2.76052629010397,0.291532083454703,1963,0,"Converged","weight","Male","3dar1",2.18912340653276,3.33192917367519
"865",26,1988,2.75323545620821,0.300977912507974,1962,0,"Converged","weight","Male","3dar1",2.16331874769258,3.34315216472384
"866",27,1988,2.74687997371562,0.311630966515361,1961,0,"Converged","weight","Male","3dar1",2.13608327934551,3.35767666808573
"867",28,1988,2.74123418903182,0.323426995436833,1960,0,"Converged","weight","Male","3dar1",2.10731727797562,3.37515110008801
"868",29,1988,2.73643794295875,0.336327928664129,1959,0,"Converged","weight","Male","3dar1",2.07723520277706,3.39564068314044
"869",30,1988,2.73230486029108,0.350224365928461,1958,0,"Converged","weight","Male","3dar1",2.0458651030713,3.41874461751086
"870",31,1988,2.72871427559132,0.365010391999398,1957,0,"Converged","weight","Male","3dar1",2.0132939072725,3.44413464391014
"871",2,1989,1.19310517626642,0.0471730868907237,1987,0,"Converged","weight","Male","3dar1",1.1006459259606,1.28556442657224
"872",3,1989,1.60625812202848,0.081399107484074,1986,0,"Converged","weight","Male","3dar1",1.4467158713597,1.76580037269727
"873",4,1989,1.93994362253251,0.114021428553881,1985,0,"Converged","weight","Male","3dar1",1.7164616225669,2.16342562249812
"874",5,1989,2.18234898161221,0.136859704976668,1984,0,"Converged","weight","Male","3dar1",1.91410395985794,2.45059400336648
"875",6,1989,2.35689252367439,0.154067339899724,1983,0,"Converged","weight","Male","3dar1",2.05492053747093,2.65886450987785
"876",7,1989,2.48663232820565,0.168769196461289,1982,0,"Converged","weight","Male","3dar1",2.15584470314152,2.81741995326977
"877",8,1989,2.58483379785497,0.181728895132672,1981,0,"Converged","weight","Male","3dar1",2.22864516339494,2.94102243231501
"878",9,1989,2.65790447948326,0.192908201446262,1980,0,"Converged","weight","Male","3dar1",2.27980440464859,3.03600455431793
"879",10,1989,2.71092633663405,0.202376562724218,1979,0,"Converged","weight","Male","3dar1",2.31426827369459,3.10758439957352
"880",11,1989,2.74930350603915,0.210399471031885,1978,0,"Converged","weight","Male","3dar1",2.33692054281665,3.16168646926164
"881",12,1989,2.77733035583414,0.217246071199841,1977,0,"Converged","weight","Male","3dar1",2.35152805628246,3.20313265538583
"882",13,1989,2.7974882972725,0.223099751827629,1976,0,"Converged","weight","Male","3dar1",2.36021278369034,3.23476381085465
"883",14,1989,2.81216532549758,0.22820704591444,1975,0,"Converged","weight","Male","3dar1",2.36487951550527,3.25945113548988
"884",15,1989,2.82274190796529,0.232747398918281,1974,0,"Converged","weight","Male","3dar1",2.36655700608546,3.27892680984512
"885",16,1989,2.8298405213942,0.236858292315606,1973,0,"Converged","weight","Male","3dar1",2.36559826845561,3.29408277433278
"886",17,1989,2.83344811260266,0.240643600142696,1972,0,"Converged","weight","Male","3dar1",2.36178665632298,3.30510956888235
"887",18,1989,2.83365724890387,0.24420955692055,1971,0,"Converged","weight","Male","3dar1",2.35500651733959,3.31230798046815
"888",19,1989,2.83067092578401,0.247683588764481,1970,0,"Converged","weight","Male","3dar1",2.34521109180563,3.3161307597624
"889",20,1989,2.8249766587397,0.251248332274285,1969,0,"Converged","weight","Male","3dar1",2.33252992748211,3.3174233899973
"890",21,1989,2.81724687429555,0.255116753271855,1968,0,"Converged","weight","Male","3dar1",2.31721803788271,3.31727571070838
"891",22,1989,2.80831391783443,0.259537614649619,1967,0,"Converged","weight","Male","3dar1",2.29962019312118,3.31700764254768
"892",23,1989,2.7987675727733,0.264730391458736,1966,0,"Converged","weight","Male","3dar1",2.27989600551418,3.31763914003242
"893",24,1989,2.78917270590902,0.270915126717049,1965,0,"Converged","weight","Male","3dar1",2.25817905754361,3.32016635427444
"894",25,1989,2.77985062061854,0.2782487219023,1964,0,"Converged","weight","Male","3dar1",2.23448312569003,3.32521811554705
"895",26,1989,2.77119964005053,0.28687455796336,1963,0,"Converged","weight","Male","3dar1",2.20892550644234,3.33347377365871
"896",27,1989,2.76364546725825,0.296908194036394,1962,0,"Converged","weight","Male","3dar1",2.18170540694691,3.34558552756958
"897",28,1989,2.75690503339512,0.308322329264323,1961,0,"Converged","weight","Male","3dar1",2.15259326803704,3.36121679875319
"898",29,1989,2.75120864760185,0.321137936671929,1960,0,"Converged","weight","Male","3dar1",2.12177829172487,3.38063900347883
"899",30,1989,2.74634133476667,0.335282320588222,1959,0,"Converged","weight","Male","3dar1",2.08918798641376,3.40349468311959
"900",31,1989,2.74217430855184,0.350695125554453,1958,0,"Converged","weight","Male","3dar1",2.05481186246512,3.42953675463857
"901",2,1990,1.19850814174175,0.0471417078659637,1988,0,"Converged","weight","Male","3dar1",1.10611039432446,1.29090588915904
"902",3,1990,1.62013415840952,0.0815868233336895,1987,0,"Converged","weight","Male","3dar1",1.46022398467549,1.78004433214355
"903",4,1990,1.96116179527125,0.114482758661869,1986,0,"Converged","weight","Male","3dar1",1.73677558829399,2.18554800224852
"904",5,1990,2.20407073833516,0.136616424189837,1985,0,"Converged","weight","Male","3dar1",1.93630254692308,2.47183892974724
"905",6,1990,2.37607883383857,0.152672284162234,1984,0,"Converged","weight","Male","3dar1",2.07684115688059,2.67531651079655
"906",7,1990,2.50398430786106,0.166331973509176,1983,0,"Converged","weight","Male","3dar1",2.17797363978308,2.82999497593905
"907",8,1990,2.60199943903026,0.178458148845696,1982,0,"Converged","weight","Male","3dar1",2.25222146729269,2.95177741076782
"908",9,1990,2.67566311615599,0.188914857941932,1981,0,"Converged","weight","Male","3dar1",2.30538999458981,3.04593623772218
"909",10,1990,2.7293065298585,0.197721537056231,1980,0,"Converged","weight","Male","3dar1",2.34177231722829,3.11684074248872
"910",11,1990,2.76833214201509,0.205163146434596,1979,0,"Converged","weight","Male","3dar1",2.36621237500329,3.1704519090269
"911",12,1990,2.79719321444782,0.211525177207308,1978,0,"Converged","weight","Male","3dar1",2.3826038671215,3.21178256177414
"912",13,1990,2.81825962625211,0.216960066675813,1977,0,"Converged","weight","Male","3dar1",2.39301789556752,3.2435013569367
"913",14,1990,2.83409793192296,0.221722841646093,1976,0,"Converged","weight","Male","3dar1",2.39952116229662,3.2686747015493
"914",15,1990,2.84613007027793,0.22596999064219,1975,0,"Converged","weight","Male","3dar1",2.40322888861924,3.28903125193663
"915",16,1990,2.85487569566715,0.229800091703919,1974,0,"Converged","weight","Male","3dar1",2.40446751592746,3.30528387540683
"916",17,1990,2.8600296237648,0.233273476708633,1973,0,"Converged","weight","Male","3dar1",2.40281360941588,3.31724563811372
"917",18,1990,2.86144413551153,0.23644272002629,1972,0,"Converged","weight","Male","3dar1",2.39801640426,3.32487186676306
"918",19,1990,2.85912800981607,0.239386707100163,1971,0,"Converged","weight","Male","3dar1",2.38993006389975,3.32832595573239
"919",20,1990,2.85349782226577,0.242264226428488,1970,0,"Converged","weight","Male","3dar1",2.37865993846593,3.32833570606561
"920",21,1990,2.84525812520857,0.245278943625191,1969,0,"Converged","weight","Male","3dar1",2.3645113957032,3.32600485471395
"921",22,1990,2.83538573034104,0.248699441802602,1968,0,"Converged","weight","Male","3dar1",2.34793482440794,3.32283663627414
"922",23,1990,2.82456873069421,0.252774878160661,1967,0,"Converged","weight","Male","3dar1",2.32912996949932,3.32000749188911
"923",24,1990,2.81350270570177,0.257786435602973,1966,0,"Converged","weight","Male","3dar1",2.30824129191994,3.31876411948359
"924",25,1990,2.80257774014633,0.263947188526372,1965,0,"Converged","weight","Male","3dar1",2.28524125063464,3.31991422965802
"925",26,1990,2.79232267021843,0.271480171824964,1964,0,"Converged","weight","Male","3dar1",2.2602215334415,3.32442380699536
"926",27,1990,2.78334871112902,0.280598030400439,1963,0,"Converged","weight","Male","3dar1",2.23337657154416,3.33332085071388
"927",28,1990,2.77529552269288,0.291328067088216,1962,0,"Converged","weight","Male","3dar1",2.20429251119998,3.34629853418579
"928",29,1990,2.76852541438033,0.30378608810856,1961,0,"Converged","weight","Male","3dar1",2.17310468168755,3.36394614707311
"929",30,1990,2.76279460563617,0.317970520278941,1960,0,"Converged","weight","Male","3dar1",2.13957238588944,3.38601682538289
"930",31,1990,2.75797511897933,0.333914899181362,1959,0,"Converged","weight","Male","3dar1",2.10350191658386,3.4124483213748
"931",2,1991,1.20518167495709,0.0470075843551321,1989,0,"Converged","weight","Male","3dar1",1.11304680962103,1.29731654029315
"932",3,1991,1.63784960050496,0.0814520740281094,1988,0,"Converged","weight","Male","3dar1",1.47820353540986,1.79749566560005
"933",4,1991,1.98888018996775,0.114515201814212,1987,0,"Converged","weight","Male","3dar1",1.76443039441189,2.2133299855236
"934",5,1991,2.23251731105222,0.135841387096446,1986,0,"Converged","weight","Male","3dar1",1.96626819234318,2.49876642976125
"935",6,1991,2.40088970349548,0.150584146351116,1985,0,"Converged","weight","Male","3dar1",2.1057447766473,2.69603463034367
"936",7,1991,2.52590384626964,0.163033608405249,1984,0,"Converged","weight","Male","3dar1",2.20635797379535,2.84544971874393
"937",8,1991,2.62316474405597,0.174183997072687,1983,0,"Converged","weight","Male","3dar1",2.2817641097935,2.96456537831843
"938",9,1991,2.697099935359,0.183784758549413,1982,0,"Converged","weight","Male","3dar1",2.33688180860215,3.05731806211585
"939",10,1991,2.75103355868402,0.191795775321492,1981,0,"Converged","weight","Male","3dar1",2.37511383905389,3.12695327831414
"940",11,1991,2.79037111571361,0.198533761039207,1980,0,"Converged","weight","Male","3dar1",2.40124494407676,3.17949728735046
"941",12,1991,2.81979970708117,0.204317691684878,1979,0,"Converged","weight","Male","3dar1",2.41933703137881,3.22026238278353
"942",13,1991,2.84154886190381,0.209262312227388,1978,0,"Converged","weight","Male","3dar1",2.43139472993813,3.25170299386949
"943",14,1991,2.85845660848611,0.213655833507146,1977,0,"Converged","weight","Male","3dar1",2.43969117481211,3.27722204216012
"944",15,1991,2.87204338537073,0.217638034188971,1976,0,"Converged","weight","Male","3dar1",2.44547283836035,3.29861393238112
"945",16,1991,2.88273286127074,0.221263790905221,1975,0,"Converged","weight","Male","3dar1",2.4490558310965,3.31640989144497
"946",17,1991,2.88984757041412,0.224547518827411,1974,0,"Converged","weight","Male","3dar1",2.44973443351239,3.32996070731585
"947",18,1991,2.89291627869557,0.22747002351399,1973,0,"Converged","weight","Male","3dar1",2.44707503260815,3.33875752478299
"948",19,1991,2.89166497549426,0.230039138395229,1972,0,"Converged","weight","Male","3dar1",2.44078826423961,3.34254168674891
"949",20,1991,2.8863813313578,0.232371708358875,1971,0,"Converged","weight","Male","3dar1",2.43093278297441,3.3418298797412
"950",21,1991,2.87777613626562,0.234638573690303,1970,0,"Converged","weight","Male","3dar1",2.41788453183262,3.33766774069861
"951",22,1991,2.86699121837754,0.237108536472227,1969,0,"Converged","weight","Male","3dar1",2.40225848689197,3.3317239498631
"952",23,1991,2.85481995387536,0.24004041629771,1968,0,"Converged","weight","Male","3dar1",2.38434073793185,3.32529916981887
"953",24,1991,2.84211381974003,0.243772944402236,1967,0,"Converged","weight","Male","3dar1",2.36431884871165,3.31990879076842
"954",25,1991,2.82933647663317,0.248566958493351,1966,0,"Converged","weight","Male","3dar1",2.3421452379862,3.31652771528014
"955",26,1991,2.81718236140248,0.254734011728729,1965,0,"Converged","weight","Male","3dar1",2.31790369841417,3.31646102439078
"956",27,1991,2.80651880064263,0.262611617632592,1964,0,"Converged","weight","Male","3dar1",2.29180003008275,3.32123757120251
"957",28,1991,2.79687926467109,0.27229916827078,1963,0,"Converged","weight","Male","3dar1",2.26317289486036,3.33058563448182
"958",29,1991,2.78881631783543,0.284055907823387,1962,0,"Converged","weight","Male","3dar1",2.23206673850159,3.34556589716926
"959",30,1991,2.78205949764415,0.298002441506283,1961,0,"Converged","weight","Male","3dar1",2.19797471229184,3.36614428299647
"960",31,1991,2.77649783761394,0.314344576139162,1960,0,"Converged","weight","Male","3dar1",2.16038246838118,3.3926132068467
"961",2,1992,1.21340058362053,0.0467041201908332,1990,0,"Converged","weight","Male","3dar1",1.1218605080465,1.30494065919456
"962",3,1992,1.66051845065014,0.0806942440066538,1989,0,"Converged","weight","Male","3dar1",1.5023577323971,1.81867916890318
"963",4,1992,2.02532181964643,0.113544839027267,1988,0,"Converged","weight","Male","3dar1",1.80277393515299,2.24786970413987
"964",5,1992,2.27013545857791,0.133885725492184,1987,0,"Converged","weight","Male","3dar1",2.00771943661323,2.53255148054259
"965",6,1992,2.43344034794782,0.147170912979848,1986,0,"Converged","weight","Male","3dar1",2.14498535850732,2.72189533738832
"966",7,1992,2.55414586531111,0.15825632205322,1985,0,"Converged","weight","Male","3dar1",2.2439634740868,2.86432825653542
"967",8,1992,2.64988220408525,0.168286270046778,1984,0,"Converged","weight","Male","3dar1",2.32004111479356,2.97972329337693
"968",9,1992,2.72364101579026,0.176882984309048,1983,0,"Converged","weight","Male","3dar1",2.37695036654452,3.07033166503599
"969",10,1992,2.77738278887708,0.183941476712973,1982,0,"Converged","weight","Male","3dar1",2.41685749451965,3.1379080832345
"970",11,1992,2.81651704311842,0.189823948739758,1981,0,"Converged","weight","Male","3dar1",2.44446210358849,3.18857198264835
"971",12,1992,2.84606701811687,0.194905368530989,1980,0,"Converged","weight","Male","3dar1",2.46405249579613,3.22808154043761
"972",13,1992,2.86807954921438,0.199246086118428,1979,0,"Converged","weight","Male","3dar1",2.47755722042227,3.2586018780065
"973",14,1992,2.88579610066507,0.203209025673037,1978,0,"Converged","weight","Male","3dar1",2.48750641034592,3.28408579098422
"974",15,1992,2.90092635665721,0.206930561816244,1977,0,"Converged","weight","Male","3dar1",2.49534245549738,3.30651025781705
"975",16,1992,2.91382562861962,0.210418033297794,1976,0,"Converged","weight","Male","3dar1",2.50140628335595,3.3262449738833
"976",17,1992,2.9233505882478,0.213647840371723,1975,0,"Converged","weight","Male","3dar1",2.50460082111923,3.34210035537638
"977",18,1992,2.92860345100927,0.216509143680992,1974,0,"Converged","weight","Male","3dar1",2.50424552939453,3.35296137262402
"978",19,1992,2.92890942492471,0.218913248724415,1973,0,"Converged","weight","Male","3dar1",2.49983945742485,3.35797939242456
"979",20,1992,2.92434481146463,0.220918082229925,1972,0,"Converged","weight","Male","3dar1",2.49134537029398,3.35734425263528
"980",21,1992,2.91558419554899,0.222633451604619,1971,0,"Converged","weight","Male","3dar1",2.47922263040393,3.35194576069404
"981",22,1992,2.90395602346189,0.224301973725874,1970,0,"Converged","weight","Male","3dar1",2.46432415495918,3.34358789196461
"982",23,1992,2.89036130698865,0.22616062261389,1969,0,"Converged","weight","Male","3dar1",2.44708648666543,3.33363612731188
"983",24,1992,2.87583560782007,0.228596946378389,1968,0,"Converged","weight","Male","3dar1",2.42778559291842,3.32388562272171
"984",25,1992,2.86091539919298,0.231894646471325,1967,0,"Converged","weight","Male","3dar1",2.40640189210919,3.31542890627678
"985",26,1992,2.84650303021302,0.236451528676178,1966,0,"Converged","weight","Male","3dar1",2.38305803400771,3.30994802641833
"986",27,1992,2.83381822357563,0.242756332564417,1965,0,"Converged","weight","Male","3dar1",2.35801581174938,3.30962063540189
"987",28,1992,2.82224574727595,0.250990759203741,1964,0,"Converged","weight","Male","3dar1",2.33030385923661,3.31418763531528
"988",29,1992,2.81260981349092,0.261620430705512,1963,0,"Converged","weight","Male","3dar1",2.29983376930812,3.32538585767372
"989",30,1992,2.80461907911128,0.274960769196217,1962,0,"Converged","weight","Male","3dar1",2.2656959714867,3.34354218673587
"990",31,1992,2.79820715192712,0.291514501612689,1961,0,"Converged","weight","Male","3dar1",2.22683872876625,3.36957557508799
"991",2,1993,1.22347378278358,0.0461421151357122,1991,0,"Converged","weight","Male","3dar1",1.13303523711759,1.31391232844958
"992",3,1993,1.68956387362484,0.0788413718434185,1990,0,"Converged","weight","Male","3dar1",1.53503478481174,1.84409296243794
"993",4,1993,2.07350758502819,0.110546613996042,1989,0,"Converged","weight","Male","3dar1",1.85683622159594,2.29017894846043
"994",5,1993,2.32030003591895,0.129519849406292,1988,0,"Converged","weight","Male","3dar1",2.06644113108262,2.57415894075528
"995",6,1993,2.47665450976426,0.141208313046395,1987,0,"Converged","weight","Male","3dar1",2.19988621619332,2.75342280333519
"996",7,1993,2.59114247100686,0.150807708589014,1986,0,"Converged","weight","Male","3dar1",2.29555936217239,2.88672557984133
"997",8,1993,2.6843199177122,0.159582704879818,1985,0,"Converged","weight","Male","3dar1",2.37153781614776,2.99710201927665
"998",9,1993,2.75730101169455,0.167020373665242,1984,0,"Converged","weight","Male","3dar1",2.42994107931068,3.08466094407843
"999",10,1993,2.81018091908536,0.172958378500043,1983,0,"Converged","weight","Male","3dar1",2.47118249722527,3.14917934094544
"1000",11,1993,2.8483653225028,0.177818248579418,1982,0,"Converged","weight","Male","3dar1",2.49984155528714,3.19688908971846
"1001",12,1993,2.87735179515019,0.182059875709973,1981,0,"Converged","weight","Male","3dar1",2.52051443875864,3.23418915154174
"1002",13,1993,2.89893907636269,0.185647971520137,1980,0,"Converged","weight","Male","3dar1",2.53506905218322,3.26280910054216
"1003",14,1993,2.91695635317437,0.189087907855852,1979,0,"Converged","weight","Male","3dar1",2.5463440537769,3.28756865257184
"1004",15,1993,2.93344093711018,0.192534034530912,1978,0,"Converged","weight","Male","3dar1",2.55607422942959,3.31080764479077
"1005",16,1993,2.9487403772703,0.195938999160387,1977,0,"Converged","weight","Male","3dar1",2.56469993891594,3.33278081562466
"1006",17,1993,2.96113876354205,0.199268963313009,1976,0,"Converged","weight","Male","3dar1",2.57057159544855,3.35170593163554
"1007",18,1993,2.96918663040164,0.202297327917586,1975,0,"Converged","weight","Male","3dar1",2.57268386768318,3.36568939312011
"1008",19,1993,2.97165313697419,0.204808522704121,1974,0,"Converged","weight","Male","3dar1",2.57022843247412,3.37307784147427
"1009",20,1993,2.96828801150359,0.206789630685345,1973,0,"Converged","weight","Male","3dar1",2.56298033536032,3.37359568764687
"1010",21,1993,2.95966363523776,0.20825755974567,1972,0,"Converged","weight","Male","3dar1",2.55147881813625,3.36784845233928
"1011",22,1993,2.94731735720331,0.209396467503562,1971,0,"Converged","weight","Male","3dar1",2.53690028089633,3.35773443351029
"1012",23,1993,2.93225239260836,0.210377461822033,1970,0,"Converged","weight","Male","3dar1",2.51991256743718,3.34459221777955
"1013",24,1993,2.91571937645473,0.21162893675547,1969,0,"Converged","weight","Male","3dar1",2.50092666041401,3.33051209249545
"1014",25,1993,2.89831690820286,0.213409624237599,1968,0,"Converged","weight","Male","3dar1",2.48003404469716,3.31659977170855
"1015",26,1993,2.8812055158784,0.216183538543248,1967,0,"Converged","weight","Male","3dar1",2.45748578033364,3.30492525142317
"1016",27,1993,2.86608894428432,0.22061148449154,1966,0,"Converged","weight","Male","3dar1",2.43369043468091,3.29848745388774
"1017",28,1993,2.85214032678833,0.226945726780734,1965,0,"Converged","weight","Male","3dar1",2.40732670229809,3.29695395127857
"1018",29,1993,2.84056896140744,0.23593493022343,1964,0,"Converged","weight","Male","3dar1",2.37813649816952,3.30300142464537
"1019",30,1993,2.83107402290454,0.248187502619881,1963,0,"Converged","weight","Male","3dar1",2.34462651776958,3.31752152803951
"1020",31,1993,2.82367876117403,0.264699172849453,1962,0,"Converged","weight","Male","3dar1",2.30486838238911,3.34248913995896
"1021",2,1994,1.2357333564297,0.0452081737091118,1992,0,"Converged","weight","Male","3dar1",1.14712533595984,1.32434137689956
"1022",3,1994,1.72680085642298,0.0751752621356548,1991,0,"Converged","weight","Male","3dar1",1.5794573426371,1.87414437020887
"1023",4,1994,2.13758290286574,0.103724446283337,1990,0,"Converged","weight","Male","3dar1",1.93428298815039,2.34088281758108
"1024",5,1994,2.38771014929402,0.12042809634921,1989,0,"Converged","weight","Male","3dar1",2.15167108044957,2.62374921813847
"1025",6,1994,2.53459379006316,0.130283969969266,1988,0,"Converged","weight","Male","3dar1",2.2792372089234,2.78995037120292
"1026",7,1994,2.64026394973872,0.138290073047967,1987,0,"Converged","weight","Male","3dar1",2.3692154065647,2.91131249291273
"1027",8,1994,2.72949453087068,0.145681496109243,1986,0,"Converged","weight","Male","3dar1",2.44395879849657,3.0150302632448
"1028",9,1994,2.80090894719235,0.151791850837711,1985,0,"Converged","weight","Male","3dar1",2.50339691955044,3.09842097483427
"1029",10,1994,2.85202267225479,0.15643795348792,1984,0,"Converged","weight","Male","3dar1",2.54540428341847,3.15864106109111
"1030",11,1994,2.8882125534158,0.16011425654921,1983,0,"Converged","weight","Male","3dar1",2.57438861057935,3.20203649625225
"1031",12,1994,2.9156364224865,0.163408241208369,1982,0,"Converged","weight","Male","3dar1",2.5953562697181,3.23591657525491
"1032",13,1994,2.93574086390464,0.166087823183989,1981,0,"Converged","weight","Male","3dar1",2.61020873046402,3.26127299734526
"1033",14,1994,2.95319696661297,0.168917722393324,1980,0,"Converged","weight","Male","3dar1",2.62211823072206,3.28427570250389
"1034",15,1994,2.97057425856024,0.172098390968791,1979,0,"Converged","weight","Male","3dar1",2.63326141226141,3.30788710485907
"1035",16,1994,2.98832306831612,0.175501003890237,1978,0,"Converged","weight","Male","3dar1",2.64434110069125,3.33230503594098
"1036",17,1994,3.0040362116373,0.179149621767712,1977,0,"Converged","weight","Male","3dar1",2.65290295297258,3.35516947030201
"1037",18,1994,3.01556366137681,0.182663447771948,1976,0,"Converged","weight","Male","3dar1",2.65754330374379,3.37358401900983
"1038",19,1994,3.02091645145042,0.185657037806533,1975,0,"Converged","weight","Male","3dar1",2.65702865734962,3.38480424555122
"1039",20,1994,3.01935914436425,0.188045746574416,1974,0,"Converged","weight","Male","3dar1",2.65078948107839,3.3879288076501
"1040",21,1994,3.0112627688205,0.189717216710745,1973,0,"Converged","weight","Male","3dar1",2.63941702406744,3.38310851357356
"1041",22,1994,2.99839621287653,0.190758757476952,1972,0,"Converged","weight","Male","3dar1",2.62450904822171,3.37228337753136
"1042",23,1994,2.98184709657719,0.191216527633733,1971,0,"Converged","weight","Male","3dar1",2.60706270241507,3.3566314907393
"1043",24,1994,2.96311448268361,0.191569618118223,1970,0,"Converged","weight","Male","3dar1",2.58763803117189,3.33859093419532
"1044",25,1994,2.9428317162686,0.191974170539862,1969,0,"Converged","weight","Male","3dar1",2.56656234201047,3.31910109052673
"1045",26,1994,2.92247612874525,0.192918191387979,1968,0,"Converged","weight","Male","3dar1",2.54435647362481,3.30059578386569
"1046",27,1994,2.90441612146217,0.195250980278071,1967,0,"Converged","weight","Male","3dar1",2.52172420011715,3.28710804280719
"1047",28,1994,2.88751954704854,0.199233882823036,1966,0,"Converged","weight","Male","3dar1",2.49702113671538,3.27801795738169
"1048",29,1994,2.87353872075651,0.205986081154676,1965,0,"Converged","weight","Male","3dar1",2.46980600169334,3.27727143981968
"1049",30,1994,2.86218303465475,0.216532695439324,1964,0,"Converged","weight","Male","3dar1",2.43777895159368,3.28658711771583
"1050",31,1994,2.8536371562586,0.2326723366914,1963,0,"Converged","weight","Male","3dar1",2.39759937634346,3.30967493617374
"1051",2,1995,1.25051125025475,0.0437609230021855,1993,0,"Converged","weight","Male","3dar1",1.16473984117047,1.33628265933904
"1052",3,1995,1.77454105624544,0.0686087358823182,1992,0,"Converged","weight","Male","3dar1",1.64006793391609,1.90901417857478
"1053",4,1995,2.22331371886615,0.0898191681765561,1991,0,"Converged","weight","Male","3dar1",2.0472681492401,2.3993592884922
"1054",5,1995,2.47900034222422,0.101925179299085,1990,0,"Converged","weight","Male","3dar1",2.27922699079801,2.67877369365043
"1055",6,1995,2.61295417681215,0.109127138478227,1989,0,"Converged","weight","Male","3dar1",2.39906498539483,2.82684336822948
"1056",7,1995,2.70620018224756,0.115254691777681,1988,0,"Converged","weight","Male","3dar1",2.4803009863633,2.93209937813181
"1057",8,1995,2.78960520404066,0.121057086039464,1987,0,"Converged","weight","Male","3dar1",2.55233331540331,3.02687709267801
"1058",9,1995,2.85842964828555,0.125583543048705,1986,0,"Converged","weight","Male","3dar1",2.61228590391009,3.10457339266101
"1059",10,1995,2.90657770216009,0.128723277196162,1985,0,"Converged","weight","Male","3dar1",2.65428007885561,3.15887532546456
"1060",11,1995,2.9393419717392,0.131064803576719,1984,0,"Converged","weight","Male","3dar1",2.68245495672883,3.19622898674957
"1061",12,1995,2.96379148215722,0.133424339110851,1983,0,"Converged","weight","Male","3dar1",2.70227977749996,3.22530318681449
"1062",13,1995,2.98085281811367,0.135093978863325,1982,0,"Converged","weight","Male","3dar1",2.71606861954156,3.24563701668579
"1063",14,1995,2.99638702599764,0.137357641454912,1981,0,"Converged","weight","Male","3dar1",2.72716604874601,3.26560800324927
"1064",15,1995,3.01379158442919,0.140490164027783,1980,0,"Converged","weight","Male","3dar1",2.73843086293474,3.28915230592364
"1065",16,1995,3.03380336607178,0.144167957779496,1979,0,"Converged","weight","Male","3dar1",2.75123416882397,3.31637256331959
"1066",17,1995,3.05319512161238,0.14863857115578,1978,0,"Converged","weight","Male","3dar1",2.76186352214706,3.34452672107771
"1067",18,1995,3.06894292645888,0.153267324370448,1977,0,"Converged","weight","Male","3dar1",2.7685389706928,3.36934688222496
"1068",19,1995,3.07803921458346,0.157411196257932,1976,0,"Converged","weight","Male","3dar1",2.76951326991791,3.38656515924901
"1069",20,1995,3.07904766452956,0.160937157095568,1975,0,"Converged","weight","Male","3dar1",2.76361083662225,3.39448449243688
"1070",21,1995,3.07199251153401,0.163554766175548,1974,0,"Converged","weight","Male","3dar1",2.75142516982994,3.39255985323809
"1071",22,1995,3.05889709793554,0.165204605566803,1973,0,"Converged","weight","Male","3dar1",2.7350960710246,3.38269812484647
"1072",23,1995,3.04089670976425,0.165722462384624,1972,0,"Converged","weight","Male","3dar1",2.71608068349038,3.36571273603811
"1073",24,1995,3.01977383298941,0.165712088903257,1971,0,"Converged","weight","Male","3dar1",2.69497813873903,3.3445695272398
"1074",25,1995,2.996142042356,0.165105786466308,1970,0,"Converged","weight","Male","3dar1",2.67253470088203,3.31974938382996
"1075",26,1995,2.97186220185972,0.164354265049152,1969,0,"Converged","weight","Male","3dar1",2.64972784236338,3.29399656135606
"1076",27,1995,2.9502166243778,0.164534037458657,1968,0,"Converged","weight","Male","3dar1",2.62772991095883,3.27270333779677
"1077",28,1995,2.92962793928439,0.165750306677602,1967,0,"Converged","weight","Male","3dar1",2.60475733819629,3.25449854037249
"1078",29,1995,2.91261146601603,0.169596571385051,1966,0,"Converged","weight","Male","3dar1",2.58020218610133,3.24502074593073
"1079",30,1995,2.89891859776798,0.177659040214201,1965,0,"Converged","weight","Male","3dar1",2.55070687894815,3.24713031658781
"1080",31,1995,2.88900767928211,0.193056139874245,1964,0,"Converged","weight","Male","3dar1",2.51061764512859,3.26739771343563
"1081",2,1996,1.26809560317574,0.0416120311776338,1994,0,"Converged","weight","Male","3dar1",1.18653602206758,1.3496551842839
"1082",3,1996,1.83572435976086,0.0574041724831248,1993,0,"Converged","weight","Male","3dar1",1.72321218169393,1.94823653782778
"1083",4,1996,2.33886237766104,0.0616106961912389,1992,0,"Converged","weight","Male","3dar1",2.21810541312622,2.45961934219587
"1084",5,1996,2.60371612739932,0.0605008183848398,1991,0,"Converged","weight","Male","3dar1",2.48513452336504,2.72229773143361
"1085",6,1996,2.71984059193662,0.0597459335243322,1990,0,"Converged","weight","Male","3dar1",2.60273856222893,2.83694262164431
"1086",7,1996,2.7955365125307,0.061852188749302,1989,0,"Converged","weight","Male","3dar1",2.67430622258207,2.91676680247933
"1087",8,1996,2.87052757193461,0.0652458617328354,1988,0,"Converged","weight","Male","3dar1",2.74264568293825,2.99840946093096
"1088",9,1996,2.93543522078159,0.0672718754409658,1987,0,"Converged","weight","Male","3dar1",2.80358234491729,3.06728809664588
"1089",10,1996,2.97903754984004,0.0681398378633147,1986,0,"Converged","weight","Male","3dar1",2.84548346762795,3.11259163205214
"1090",11,1996,3.00643591612543,0.0687207269975353,1985,0,"Converged","weight","Male","3dar1",2.87174329121026,3.1411285410406
"1091",12,1996,3.02595307271664,0.0707887252638866,1984,0,"Converged","weight","Male","3dar1",2.88720717119943,3.16469897423386
"1092",13,1996,3.0377236844254,0.0715644459640607,1983,0,"Converged","weight","Male","3dar1",2.89745737033584,3.17798999851496
"1093",14,1996,3.04927503378784,0.0743253454542543,1982,0,"Converged","weight","Male","3dar1",2.90359735669751,3.19495271087818
"1094",15,1996,3.06525364257554,0.0793648774387359,1981,0,"Converged","weight","Male","3dar1",2.90969848279562,3.22080880235547
"1095",16,1996,3.0869715390292,0.0853030145756706,1980,0,"Converged","weight","Male","3dar1",2.91977763046089,3.25416544759752
"1096",17,1996,3.11024431207463,0.0931978087764119,1979,0,"Converged","weight","Male","3dar1",2.92757660687286,3.2929120172764
"1097",18,1996,3.13097673326581,0.101539256173732,1978,0,"Converged","weight","Male","3dar1",2.93195979116529,3.32999367536632
"1098",19,1996,3.14480944432595,0.109098715121399,1977,0,"Converged","weight","Male","3dar1",2.93097596268801,3.3586429259639
"1099",20,1996,3.14931459988918,0.115860249055567,1976,0,"Converged","weight","Male","3dar1",2.92222851174027,3.3764006880381
"1100",21,1996,3.14395984524924,0.121284032541096,1975,0,"Converged","weight","Male","3dar1",2.9062431414687,3.38167654902979
"1101",22,1996,3.13104679929032,0.125111007818049,1974,0,"Converged","weight","Male","3dar1",2.88582922396695,3.3762643746137
"1102",23,1996,3.11169335248557,0.126825737143799,1973,0,"Converged","weight","Male","3dar1",2.86311490768372,3.36027179728741
"1103",24,1996,3.08800100419792,0.127489838604566,1972,0,"Converged","weight","Male","3dar1",2.83812092053297,3.33788108786287
"1104",25,1996,3.06046581072287,0.126582234311475,1971,0,"Converged","weight","Male","3dar1",2.81236463147238,3.30856698997337
"1105",26,1996,3.03140553610619,0.124457823151953,1970,0,"Converged","weight","Male","3dar1",2.78746820272836,3.27534286948401
"1106",27,1996,3.00536286865733,0.122627936735048,1969,0,"Converged","weight","Male","3dar1",2.76501211265664,3.24571362465802
"1107",28,1996,2.98010525194553,0.120611266925529,1968,0,"Converged","weight","Male","3dar1",2.74370716877149,3.21650333511957
"1108",29,1996,2.95921813771088,0.120703873181355,1967,0,"Converged","weight","Male","3dar1",2.72263854627542,3.19579772914633
"1109",30,1996,2.9425440677655,0.125267471206021,1966,0,"Converged","weight","Male","3dar1",2.6970198242017,3.18806831132931
"1110",31,1996,2.93098846262593,0.139872300656266,1965,0,"Converged","weight","Male","3dar1",2.65683875333965,3.20513817191221
"1111",2,1997,1.23838601780927,0.0388551992047495,1995,0,"Converged","weight","Male","3dar1",1.16222982736796,1.31454220825058
"1112",3,1997,1.76113805073572,0.0545374261518993,1994,0,"Converged","weight","Male","3dar1",1.654244695478,1.86803140599345
"1113",4,1997,2.22692946244421,0.0597129246098836,1993,0,"Converged","weight","Male","3dar1",2.10989213020884,2.34396679467958
"1114",5,1997,2.51183565542473,0.0541093405874805,1992,0,"Converged","weight","Male","3dar1",2.40578134787327,2.61788996297619
"1115",6,1997,2.65643092875817,0.0513366324657256,1991,0,"Converged","weight","Male","3dar1",2.55581112912535,2.75705072839099
"1116",7,1997,2.75141666632081,0.0543055160296348,1990,0,"Converged","weight","Male","3dar1",2.64497785490273,2.85785547773889
"1117",8,1997,2.83541840026322,0.0588316505256189,1989,0,"Converged","weight","Male","3dar1",2.720108365233,2.95072843529343
"1118",9,1997,2.90772721620533,0.0643631121203536,1988,0,"Converged","weight","Male","3dar1",2.78157551644943,3.03387891596122
"1119",10,1997,2.95690681190529,0.0667798409406244,1987,0,"Converged","weight","Male","3dar1",2.82601832366166,3.08779530014891
"1120",11,1997,2.98653540707197,0.0670239307227203,1986,0,"Converged","weight","Male","3dar1",2.85516850285544,3.1179023112885
"1121",12,1997,3.00332909777301,0.0677312504425432,1985,0,"Converged","weight","Male","3dar1",2.87057584690563,3.1360823486404
"1122",13,1997,3.00921417033587,0.0684596324700919,1984,0,"Converged","weight","Male","3dar1",2.87503329069449,3.14339504997725
"1123",14,1997,3.01987798005388,0.0714472179117386,1983,0,"Converged","weight","Male","3dar1",2.87984143294688,3.15991452716089
"1124",15,1997,3.0423711632577,0.0770192306477337,1982,0,"Converged","weight","Male","3dar1",2.89141347118814,3.19332885532726
"1125",16,1997,3.07499291206445,0.0816279593364764,1981,0,"Converged","weight","Male","3dar1",2.91500211176495,3.23498371236394
"1126",17,1997,3.11157830923448,0.0888334044464364,1980,0,"Converged","weight","Male","3dar1",2.93746483651946,3.28569178194949
"1127",18,1997,3.1485005049258,0.0964351608588426,1979,0,"Converged","weight","Male","3dar1",2.95948758964247,3.33751342020914
"1128",19,1997,3.18067955947241,0.104330240865049,1978,0,"Converged","weight","Male","3dar1",2.97619228737691,3.3851668315679
"1129",20,1997,3.20476882661171,0.111489837282518,1977,0,"Converged","weight","Male","3dar1",2.98624874553798,3.42328890768545
"1130",21,1997,3.21899732856402,0.118017515985001,1976,0,"Converged","weight","Male","3dar1",2.98768299723342,3.45031165989462
"1131",22,1997,3.22478728060089,0.122942717476056,1975,0,"Converged","weight","Male","3dar1",2.98381955434782,3.46575500685396
"1132",23,1997,3.22175083324618,0.126195669673694,1974,0,"Converged","weight","Male","3dar1",2.97440732068574,3.46909434580662
"1133",24,1997,3.21130375207337,0.12795200415882,1973,0,"Converged","weight","Male","3dar1",2.96051782392208,3.46208968022466
"1134",25,1997,3.19495980317725,0.127834377006912,1972,0,"Converged","weight","Male","3dar1",2.94440442424371,3.4455151821108
"1135",26,1997,3.17507583074229,0.126096038229004,1971,0,"Converged","weight","Male","3dar1",2.92792759581344,3.42222406567113
"1136",27,1997,3.15706228561523,0.123554892181434,1970,0,"Converged","weight","Male","3dar1",2.91489469693962,3.39922987429084
"1137",28,1997,3.13840386065457,0.119867455799398,1969,0,"Converged","weight","Male","3dar1",2.90346364728775,3.37334407402139
"1138",29,1997,3.12161842905259,0.116784899841956,1968,0,"Converged","weight","Male","3dar1",2.89272002536236,3.35051683274282
"1139",30,1997,3.10474432024029,0.117133463841787,1967,0,"Converged","weight","Male","3dar1",2.87516273111039,3.33432590937019
"1140",31,1997,3.08648173044199,0.127012827100107,1966,0,"Converged","weight","Male","3dar1",2.83753658932578,3.3354268715582
"1141",2,1998,1.21803647624059,0.0360036654259369,1996,0,"Converged","weight","Male","3dar1",1.14746929200575,1.28860366047543
"1142",3,1998,1.70599158542793,0.0517615352648444,1995,0,"Converged","weight","Male","3dar1",1.60453897630884,1.80744419454703
"1143",4,1998,2.12981938781413,0.0603351015409611,1994,0,"Converged","weight","Male","3dar1",2.01156258879385,2.24807618683442
"1144",5,1998,2.42455834163341,0.0595529571433133,1993,0,"Converged","weight","Male","3dar1",2.30783454563252,2.54128213763431
"1145",6,1998,2.62499266977753,0.0585918573425959,1992,0,"Converged","weight","Male","3dar1",2.51015262938604,2.73983271016901
"1146",7,1998,2.77775447403089,0.0586182130340217,1991,0,"Converged","weight","Male","3dar1",2.66286277648421,2.89264617157757
"1147",8,1998,2.89434457955077,0.0592022438856945,1990,0,"Converged","weight","Male","3dar1",2.77830818153481,3.01038097756673
"1148",9,1998,2.97203073179066,0.0609797323339252,1989,0,"Converged","weight","Male","3dar1",2.85251045641616,3.09155100716515
"1149",10,1998,3.01652850953271,0.0627100788441694,1988,0,"Converged","weight","Male","3dar1",2.89361675499814,3.13944026406729
"1150",11,1998,3.04546073392974,0.0634649631248757,1987,0,"Converged","weight","Male","3dar1",2.92106940620498,3.16985206165449
"1151",12,1998,3.06653916003462,0.066748334804441,1986,0,"Converged","weight","Male","3dar1",2.93571242381792,3.19736589625133
"1152",13,1998,3.07486262030648,0.0701412287606504,1985,0,"Converged","weight","Male","3dar1",2.93738581193561,3.21233942867736
"1153",14,1998,3.08443172294182,0.0750387433178882,1984,0,"Converged","weight","Male","3dar1",2.93735578603876,3.23150765984488
"1154",15,1998,3.1057971647316,0.0828366355831125,1983,0,"Converged","weight","Male","3dar1",2.9434373589887,3.2681569704745
"1155",16,1998,3.13789530907383,0.0897919084861213,1982,0,"Converged","weight","Male","3dar1",2.96190316844104,3.31388744970663
"1156",17,1998,3.17035552968391,0.0969718609819036,1981,0,"Converged","weight","Male","3dar1",2.98029068215938,3.36042037720844
"1157",18,1998,3.20346811586058,0.103704105703347,1980,0,"Converged","weight","Male","3dar1",3.00020806868202,3.40672816303914
"1158",19,1998,3.23152817155916,0.109882043616246,1979,0,"Converged","weight","Male","3dar1",3.01615936607132,3.446896977047
"1159",20,1998,3.25367360598687,0.115485951547854,1978,0,"Converged","weight","Male","3dar1",3.02732114095307,3.48002607102066
"1160",21,1998,3.2689258648454,0.120120903093528,1977,0,"Converged","weight","Male","3dar1",3.03348889478208,3.50436283490871
"1161",22,1998,3.27956097093855,0.123780840207846,1976,0,"Converged","weight","Male","3dar1",3.03695052413117,3.52217141774593
"1162",23,1998,3.28433413460921,0.126490423032457,1975,0,"Converged","weight","Male","3dar1",3.03641290546559,3.53225536375282
"1163",24,1998,3.28306756686526,0.128265408891299,1974,0,"Converged","weight","Male","3dar1",3.03166736543832,3.53446776829221
"1164",25,1998,3.27653370303234,0.128960554746301,1973,0,"Converged","weight","Male","3dar1",3.02377101572959,3.52929639033509
"1165",26,1998,3.26563799368666,0.128279043209439,1972,0,"Converged","weight","Male","3dar1",3.01421106899616,3.51706491837716
"1166",27,1998,3.25467027789878,0.126468871217853,1971,0,"Converged","weight","Male","3dar1",3.00679129031178,3.50254926548577
"1167",28,1998,3.24072147170491,0.123337418293712,1970,0,"Converged","weight","Male","3dar1",2.99898013184923,3.48246281156058
"1168",29,1998,3.22589380530462,0.120461165677476,1969,0,"Converged","weight","Male","3dar1",2.98978992057677,3.46199769003248
"1169",30,1998,3.20844240443835,0.120126765125475,1968,0,"Converged","weight","Male","3dar1",2.97299394479242,3.44389086408428
"1170",31,1998,3.18771364275813,0.127742895546093,1967,0,"Converged","weight","Male","3dar1",2.93733756748779,3.43808971802848
"1171",2,1999,1.21529447569689,0.0336589699387109,1997,0,"Converged","weight","Male","3dar1",1.14932289461701,1.28126605677676
"1172",3,1999,1.69967243204257,0.0487979674390814,1996,0,"Converged","weight","Male","3dar1",1.60402841586197,1.79531644822317
"1173",4,1999,2.08688254987189,0.0585432783507495,1995,0,"Converged","weight","Male","3dar1",1.97213772430442,2.20162737543936
"1174",5,1999,2.35471347941369,0.0616158612444093,1994,0,"Converged","weight","Male","3dar1",2.23394639137464,2.47548056745273
"1175",6,1999,2.56360835616648,0.0630062341613523,1993,0,"Converged","weight","Male","3dar1",2.44011613721023,2.68710057512274
"1176",7,1999,2.75853499247761,0.0657119376095689,1992,0,"Converged","weight","Male","3dar1",2.62973959476286,2.88733039019237
"1177",8,1999,2.93234137753975,0.0688608567816282,1991,0,"Converged","weight","Male","3dar1",2.79737409824776,3.06730865683174
"1178",9,1999,3.05925023684906,0.0721790977558941,1990,0,"Converged","weight","Male","3dar1",2.91777920524751,3.20072126845061
"1179",10,1999,3.14111579947142,0.0747987685038068,1989,0,"Converged","weight","Male","3dar1",2.99451021320396,3.28772138573888
"1180",11,1999,3.19733356176094,0.0764355692205148,1988,0,"Converged","weight","Male","3dar1",3.04751984608873,3.34714727743315
"1181",12,1999,3.23423041582324,0.0787580566706112,1987,0,"Converged","weight","Male","3dar1",3.07986462474884,3.38859620689764
"1182",13,1999,3.24656862078311,0.0811801177305136,1986,0,"Converged","weight","Male","3dar1",3.0874555900313,3.40568165153491
"1183",14,1999,3.24788949646135,0.0826884919160898,1985,0,"Converged","weight","Male","3dar1",3.08582005230581,3.40995894061688
"1184",15,1999,3.2494270426411,0.0858540679036901,1984,0,"Converged","weight","Male","3dar1",3.08115306954986,3.41770101573233
"1185",16,1999,3.25697929633857,0.089379711984991,1983,0,"Converged","weight","Male","3dar1",3.08179506084799,3.43216353182915
"1186",17,1999,3.26399109546717,0.0939178101052063,1982,0,"Converged","weight","Male","3dar1",3.07991218766097,3.44807000327338
"1187",18,1999,3.27595857228258,0.0990796027811426,1981,0,"Converged","weight","Male","3dar1",3.08176255083154,3.47015459373362
"1188",19,1999,3.28740169896242,0.104254855187023,1980,0,"Converged","weight","Male","3dar1",3.08306218279586,3.49174121512899
"1189",20,1999,3.29998617957732,0.108940067159994,1979,0,"Converged","weight","Male","3dar1",3.08646364794374,3.51350871121091
"1190",21,1999,3.31236450157446,0.11311703903261,1978,0,"Converged","weight","Male","3dar1",3.09065510507055,3.53407389807838
"1191",22,1999,3.32589754644731,0.116681026628826,1977,0,"Converged","weight","Male","3dar1",3.09720273425481,3.55459235863981
"1192",23,1999,3.3386345054499,0.119598009988535,1976,0,"Converged","weight","Male","3dar1",3.10422240587237,3.57304660502743
"1193",24,1999,3.34829932830774,0.122203433107577,1975,0,"Converged","weight","Male","3dar1",3.10878059941689,3.58781805719859
"1194",25,1999,3.35469679340196,0.123561000470467,1974,0,"Converged","weight","Male","3dar1",3.11251723247984,3.59687635432408
"1195",26,1999,3.3573164396898,0.123751662471603,1973,0,"Converged","weight","Male","3dar1",3.11476318124546,3.59986969813414
"1196",27,1999,3.35934614176529,0.122965156720831,1972,0,"Converged","weight","Male","3dar1",3.11833443459246,3.60035784893812
"1197",28,1999,3.35699610353067,0.120779662067397,1971,0,"Converged","weight","Male","3dar1",3.12026796587857,3.59372424118277
"1198",29,1999,3.35120754945382,0.11944417869923,1970,0,"Converged","weight","Male","3dar1",3.11709695920333,3.58531813970431
"1199",30,1999,3.33875558023637,0.119568598682795,1969,0,"Converged","weight","Male","3dar1",3.10440112681809,3.57311003365464
"1200",31,1999,3.31767275212163,0.128202308173319,1968,0,"Converged","weight","Male","3dar1",3.06639622810193,3.56894927614134
"1201",2,2000,1.22268205561132,0.0357694527356164,1998,0,"Converged","weight","Male","3dar1",1.15257392824951,1.29279018297313
"1202",3,2000,1.71859205380789,0.0465805658395085,1997,0,"Converged","weight","Male","3dar1",1.62729414476245,1.80988996285333
"1203",4,2000,2.07471956755332,0.052308796254259,1996,0,"Converged","weight","Male","3dar1",1.97219432689497,2.17724480821166
"1204",5,2000,2.28852423832764,0.0552817291854031,1995,0,"Converged","weight","Male","3dar1",2.18017204912425,2.39687642753103
"1205",6,2000,2.45550051070935,0.0593153771757738,1994,0,"Converged","weight","Male","3dar1",2.33924237144483,2.57175864997387
"1206",7,2000,2.63992422096737,0.0660002025797793,1993,0,"Converged","weight","Male","3dar1",2.510563823911,2.76928461802373
"1207",8,2000,2.82469873301035,0.0719802289631529,1992,0,"Converged","weight","Male","3dar1",2.68361748424257,2.96577998177813
"1208",9,2000,2.96550161144131,0.0742990270680663,1991,0,"Converged","weight","Male","3dar1",2.8198755183879,3.11112770449472
"1209",10,2000,3.05712850375802,0.07473829612765,1990,0,"Converged","weight","Male","3dar1",2.91064144334783,3.20361556416822
"1210",11,2000,3.11946748775408,0.0754476415070283,1989,0,"Converged","weight","Male","3dar1",2.9715901104003,3.26734486510785
"1211",12,2000,3.16854926043162,0.0766468131088839,1988,0,"Converged","weight","Male","3dar1",3.01832150673821,3.31877701412503
"1212",13,2000,3.20406956389729,0.0791977105937848,1987,0,"Converged","weight","Male","3dar1",3.04884205113347,3.35929707666111
"1213",14,2000,3.23397527551971,0.0812821450764306,1986,0,"Converged","weight","Male","3dar1",3.0746622711699,3.39328827986951
"1214",15,2000,3.2642664244831,0.0857224510452258,1985,0,"Converged","weight","Male","3dar1",3.09625042043446,3.43228242853175
"1215",16,2000,3.29560822020536,0.0897836259465187,1984,0,"Converged","weight","Male","3dar1",3.11963231335018,3.47158412706054
"1216",17,2000,3.3201051606556,0.0934613333462002,1983,0,"Converged","weight","Male","3dar1",3.13692094729705,3.50328937401415
"1217",18,2000,3.34223201245645,0.0967442591441943,1982,0,"Converged","weight","Male","3dar1",3.15261326453383,3.53185076037907
"1218",19,2000,3.35960345861828,0.100888515512477,1981,0,"Converged","weight","Male","3dar1",3.16186196821383,3.55734494902274
"1219",20,2000,3.37581734820659,0.10529068416677,1980,0,"Converged","weight","Male","3dar1",3.16944760723972,3.58218708917346
"1220",21,2000,3.39191388236466,0.110142108529163,1979,0,"Converged","weight","Male","3dar1",3.1760353496475,3.60779241508182
"1221",22,2000,3.40874835381349,0.114538515355195,1978,0,"Converged","weight","Male","3dar1",3.18425286371731,3.63324384390968
"1222",23,2000,3.42393527709292,0.119069545328964,1977,0,"Converged","weight","Male","3dar1",3.19055896824815,3.65731158593769
"1223",24,2000,3.43448188433598,0.123808404672865,1976,0,"Converged","weight","Male","3dar1",3.19181741117717,3.6771463574948
"1224",25,2000,3.44116931405153,0.127596449145992,1975,0,"Converged","weight","Male","3dar1",3.19108027372538,3.69125835437767
"1225",26,2000,3.44210364228709,0.130177351715228,1974,0,"Converged","weight","Male","3dar1",3.18695603292524,3.69725125164894
"1226",27,2000,3.44072062366491,0.131568266162562,1973,0,"Converged","weight","Male","3dar1",3.18284682198629,3.69859442534353
"1227",28,2000,3.43531662493894,0.131420189183597,1972,0,"Converged","weight","Male","3dar1",3.17773305413909,3.69290019573879
"1228",29,2000,3.42704980632252,0.131472151698054,1971,0,"Converged","weight","Male","3dar1",3.16936438899433,3.6847352236507
"1229",30,2000,3.413662188233,0.132585130927354,1970,0,"Converged","weight","Male","3dar1",3.15379533161539,3.67352904485061
"1230",31,2000,3.39420900310358,0.140772072240928,1969,0,"Converged","weight","Male","3dar1",3.11829574151136,3.6701222646958
"1231",2,2001,1.26143339613113,0.0378768192920126,1999,0,"Converged","weight","Male","3dar1",1.18719483031879,1.33567196194348
"1232",3,2001,1.83225232296769,0.0435521095257313,1998,0,"Converged","weight","Male","3dar1",1.74689018829725,1.91761445763812
"1233",4,2001,2.21299303351019,0.039121105038663,1997,0,"Converged","weight","Male","3dar1",2.13631566763441,2.28967039938597
"1234",5,2001,2.40364862254418,0.0446307126292526,1996,0,"Converged","weight","Male","3dar1",2.31617242579085,2.49112481929752
"1235",6,2001,2.53451045309661,0.0531874808192106,1995,0,"Converged","weight","Male","3dar1",2.43026299069096,2.63875791550227
"1236",7,2001,2.68586553484031,0.0621670749754057,1994,0,"Converged","weight","Male","3dar1",2.56401806788852,2.80771300179211
"1237",8,2001,2.85232855902756,0.0716638153022402,1993,0,"Converged","weight","Male","3dar1",2.71186748103517,2.99278963701995
"1238",9,2001,2.98727090434465,0.0782359729268237,1992,0,"Converged","weight","Male","3dar1",2.83392839740807,3.14061341128122
"1239",10,2001,3.07632061180591,0.0821517449015231,1991,0,"Converged","weight","Male","3dar1",2.91530319179893,3.2373380318129
"1240",11,2001,3.13230545476383,0.0854081765347657,1990,0,"Converged","weight","Male","3dar1",2.96490542875569,3.29970548077197
"1241",12,2001,3.16998530840612,0.0883549155237731,1989,0,"Converged","weight","Male","3dar1",2.99680967397952,3.34316094283271
"1242",13,2001,3.1927846977738,0.090258745832453,1988,0,"Converged","weight","Male","3dar1",3.01587755594219,3.36969183960541
"1243",14,2001,3.20773926727155,0.0919366838592331,1987,0,"Converged","weight","Male","3dar1",3.02754336690746,3.38793516763565
"1244",15,2001,3.22262161913634,0.095152708448398,1986,0,"Converged","weight","Male","3dar1",3.03612231057748,3.4091209276952
"1245",16,2001,3.2384405063329,0.0993612476400216,1985,0,"Converged","weight","Male","3dar1",3.04369246095846,3.43318855170735
"1246",17,2001,3.24871212551901,0.103602317411722,1984,0,"Converged","weight","Male","3dar1",3.04565158339204,3.45177266764599
"1247",18,2001,3.25537638422358,0.106602433127981,1983,0,"Converged","weight","Male","3dar1",3.04643561529274,3.46431715315442
"1248",19,2001,3.25917242434595,0.109364301449273,1982,0,"Converged","weight","Male","3dar1",3.04481839350538,3.47352645518653
"1249",20,2001,3.26572134647163,0.111385146548277,1981,0,"Converged","weight","Male","3dar1",3.04740645923701,3.48403623370625
"1250",21,2001,3.27764766657166,0.113615109291388,1980,0,"Converged","weight","Male","3dar1",3.05496205236054,3.50033328078278
"1251",22,2001,3.29589232633417,0.115545390759832,1979,0,"Converged","weight","Male","3dar1",3.0694233604449,3.52236129222344
"1252",23,2001,3.31689489877268,0.11799270622999,1978,0,"Converged","weight","Male","3dar1",3.0856291945619,3.54816060298346
"1253",24,2001,3.33526269231634,0.120717149129931,1977,0,"Converged","weight","Male","3dar1",3.09865708002168,3.57186830461101
"1254",25,2001,3.35028116003164,0.122694460651101,1976,0,"Converged","weight","Male","3dar1",3.10980001715548,3.5907623029078
"1255",26,2001,3.35816373235742,0.123754728014514,1975,0,"Converged","weight","Male","3dar1",3.11560446544897,3.60072299926586
"1256",27,2001,3.36118730473032,0.123966983052282,1974,0,"Converged","weight","Male","3dar1",3.11821201794785,3.60416259151279
"1257",28,2001,3.35938360490407,0.123242390306835,1973,0,"Converged","weight","Male","3dar1",3.11782851990267,3.60093868990547
"1258",29,2001,3.35558195922737,0.12265261783905,1972,0,"Converged","weight","Male","3dar1",3.11518282826283,3.5959810901919
"1259",30,2001,3.34943033348024,0.123812890683806,1971,0,"Converged","weight","Male","3dar1",3.10675706773998,3.5921035992205
"1260",31,2001,3.34365404752791,0.132634229242924,1970,0,"Converged","weight","Male","3dar1",3.08369095821178,3.60361713684404
"1261",2,2002,1.25494161075929,0.0379083932021585,2000,0,"Converged","weight","Male","3dar1",1.18064116008306,1.32924206143552
"1262",3,2002,1.819737050427,0.0481608097698781,1999,0,"Converged","weight","Male","3dar1",1.72534186327804,1.91413223757596
"1263",4,2002,2.2547552266077,0.0474625087452502,1998,0,"Converged","weight","Male","3dar1",2.16172870946701,2.34778174374839
"1264",5,2002,2.51442071417258,0.0430517749897541,1997,0,"Converged","weight","Male","3dar1",2.43003923519266,2.59880219315249
"1265",6,2002,2.64848394814922,0.0462620107890923,1996,0,"Converged","weight","Male","3dar1",2.5578104070026,2.73915748929585
"1266",7,2002,2.77125666106771,0.0565004767827259,1995,0,"Converged","weight","Male","3dar1",2.66051572657357,2.88199759556186
"1267",8,2002,2.91096316506431,0.0674916630034827,1994,0,"Converged","weight","Male","3dar1",2.77867950557748,3.04324682455113
"1268",9,2002,3.03386970770615,0.0747346062118139,1993,0,"Converged","weight","Male","3dar1",2.88738987953099,3.1803495358813
"1269",10,2002,3.12062218745222,0.0789449382361,1992,0,"Converged","weight","Male","3dar1",2.96589010850947,3.27535426639498
"1270",11,2002,3.18009116385275,0.0826316221359957,1991,0,"Converged","weight","Male","3dar1",3.0181331844662,3.3420491432393
"1271",12,2002,3.2246543979586,0.0864359880767461,1990,0,"Converged","weight","Male","3dar1",3.05523986132818,3.39406893458902
"1272",13,2002,3.25603173889258,0.0898556660448851,1989,0,"Converged","weight","Male","3dar1",3.0799146334446,3.43214884434055
"1273",14,2002,3.27655407249804,0.0939103426710582,1988,0,"Converged","weight","Male","3dar1",3.09248980086276,3.46061834413331
"1274",15,2002,3.2906459994401,0.0973078998814068,1987,0,"Converged","weight","Male","3dar1",3.09992251567254,3.48136948320765
"1275",16,2002,3.29878966356087,0.100758563393076,1986,0,"Converged","weight","Male","3dar1",3.10130287931044,3.4962764478113
"1276",17,2002,3.29521322941812,0.103426593200817,1985,0,"Converged","weight","Male","3dar1",3.09249710674452,3.49792935209173
"1277",18,2002,3.28225469879478,0.105330702814023,1984,0,"Converged","weight","Male","3dar1",3.07580652127929,3.48870287631026
"1278",19,2002,3.26326832697202,0.106708965442023,1983,0,"Converged","weight","Male","3dar1",3.05411875470566,3.47241789923839
"1279",20,2002,3.24645718022615,0.107955059087204,1982,0,"Converged","weight","Male","3dar1",3.03486526441523,3.45804909603707
"1280",21,2002,3.23658074865466,0.109635368399644,1981,0,"Converged","weight","Male","3dar1",3.02169542659136,3.45146607071796
"1281",22,2002,3.23669648412192,0.11128531441761,1980,0,"Converged","weight","Male","3dar1",3.0185772678634,3.45481570038043
"1282",23,2002,3.244178250075,0.112919479612833,1979,0,"Converged","weight","Male","3dar1",3.02285607003385,3.46550043011615
"1283",24,2002,3.25304558814309,0.114175412758174,1978,0,"Converged","weight","Male","3dar1",3.02926177913707,3.47682939714911
"1284",25,2002,3.26362287877734,0.114924134558843,1977,0,"Converged","weight","Male","3dar1",3.038371575042,3.48887418251267
"1285",26,2002,3.27157340255937,0.114883622916605,1976,0,"Converged","weight","Male","3dar1",3.04640150164283,3.49674530347592
"1286",27,2002,3.27733243133282,0.113829857137503,1975,0,"Converged","weight","Male","3dar1",3.05422591134332,3.50043895132233
"1287",28,2002,3.28077043509623,0.112339315099486,1974,0,"Converged","weight","Male","3dar1",3.06058537750124,3.50095549269123
"1288",29,2002,3.28443618693334,0.11082031746038,1973,0,"Converged","weight","Male","3dar1",3.06722836471099,3.50164400915568
"1289",30,2002,3.28815570119188,0.111399119806422,1972,0,"Converged","weight","Male","3dar1",3.06981342637129,3.50649797601246
"1290",31,2002,3.29559563303078,0.120344409872994,1971,0,"Converged","weight","Male","3dar1",3.05972058967972,3.53147067638185
"1291",2,2003,1.23761168345987,0.0379955628486902,2001,0,"Converged","weight","Male","3dar1",1.16314038027644,1.3120829866433
"1292",3,2003,1.75915463335572,0.048616876582479,2000,0,"Converged","weight","Male","3dar1",1.66386555525406,1.85444371145738
"1293",4,2003,2.16131031840186,0.0520074844317511,1999,0,"Converged","weight","Male","3dar1",2.05937564891563,2.26324498788809
"1294",5,2003,2.41536824480664,0.0495904334515217,1998,0,"Converged","weight","Male","3dar1",2.31817099524166,2.51256549437162
"1295",6,2003,2.54767506877967,0.0514226929870544,1997,0,"Converged","weight","Male","3dar1",2.44688659052504,2.6484635470343
"1296",7,2003,2.65187408538667,0.0569672723295401,1996,0,"Converged","weight","Male","3dar1",2.54021823162077,2.76352993915257
"1297",8,2003,2.76593896732609,0.0636254533577286,1995,0,"Converged","weight","Male","3dar1",2.64123307874494,2.89064485590723
"1298",9,2003,2.87142026612049,0.0699817427222958,1994,0,"Converged","weight","Male","3dar1",2.73425605038479,3.00858448185619
"1299",10,2003,2.95537247365648,0.0745907837531376,1993,0,"Converged","weight","Male","3dar1",2.80917453750033,3.10157040981263
"1300",11,2003,3.02519719649471,0.080085406181755,1992,0,"Converged","weight","Male","3dar1",2.86822980037847,3.18216459261095
"1301",12,2003,3.0891127514572,0.0858665544488448,1991,0,"Converged","weight","Male","3dar1",2.92081430473746,3.25741119817694
"1302",13,2003,3.14346431803624,0.0912102521782082,1990,0,"Converged","weight","Male","3dar1",2.96469222376695,3.32223641230553
"1303",14,2003,3.18383676482306,0.0951753105265073,1989,0,"Converged","weight","Male","3dar1",2.99729315619111,3.37038037345501
"1304",15,2003,3.21244293825086,0.0981943019017109,1988,0,"Converged","weight","Male","3dar1",3.01998210652351,3.40490376997822
"1305",16,2003,3.23108651915038,0.100280945361205,1987,0,"Converged","weight","Male","3dar1",3.03453586624242,3.42763717205835
"1306",17,2003,3.23658452332291,0.101461803746786,1986,0,"Converged","weight","Male","3dar1",3.03771938797921,3.43544965866661
"1307",18,2003,3.23107207991285,0.102589377339584,1985,0,"Converged","weight","Male","3dar1",3.02999690032727,3.43214725949844
"1308",19,2003,3.22023750459283,0.104725093910342,1984,0,"Converged","weight","Male","3dar1",3.01497632052856,3.4254986886571
"1309",20,2003,3.21023664306987,0.107645725299563,1983,0,"Converged","weight","Male","3dar1",2.99925102148273,3.42122226465701
"1310",21,2003,3.20610598187044,0.111314639897864,1982,0,"Converged","weight","Male","3dar1",2.98792928767063,3.42428267607026
"1311",22,2003,3.21055816644727,0.115020369288623,1981,0,"Converged","weight","Male","3dar1",2.98511824264157,3.43599809025297
"1312",23,2003,3.22016056745873,0.118672210070624,1980,0,"Converged","weight","Male","3dar1",2.98756303572031,3.45275809919715
"1313",24,2003,3.22878200777687,0.121491289442083,1979,0,"Converged","weight","Male","3dar1",2.99065908047039,3.46690493508335
"1314",25,2003,3.23666264201671,0.123486848292352,1978,0,"Converged","weight","Male","3dar1",2.9946284193637,3.47869686466972
"1315",26,2003,3.24110339744915,0.12476350339443,1977,0,"Converged","weight","Male","3dar1",2.99656693079606,3.48563986410223
"1316",27,2003,3.24164909547752,0.12531242757573,1976,0,"Converged","weight","Male","3dar1",2.99603673742909,3.48726145352595
"1317",28,2003,3.23974095657839,0.125564798280872,1975,0,"Converged","weight","Male","3dar1",2.99363395194788,3.4858479612089
"1318",29,2003,3.23872550198872,0.12600373841832,1974,0,"Converged","weight","Male","3dar1",2.99175817468881,3.48569282928862
"1319",30,2003,3.24058936189236,0.128324581428251,1973,0,"Converged","weight","Male","3dar1",2.98907318229299,3.49210554149173
"1320",31,2003,3.2513769009502,0.137028000446644,1972,0,"Converged","weight","Male","3dar1",2.98280202007478,3.51995178182562
"1321",2,2004,1.22758838014179,0.0377124853032354,2002,0,"Converged","weight","Male","3dar1",1.15367190894745,1.30150485133613
"1322",3,2004,1.72533178111316,0.0449338739162334,2001,0,"Converged","weight","Male","3dar1",1.63726138823735,1.81340217398898
"1323",4,2004,2.08263531392082,0.0444538485643887,2000,0,"Converged","weight","Male","3dar1",1.99550577073462,2.16976485710703
"1324",5,2004,2.31645985152306,0.0442755893782048,1999,0,"Converged","weight","Male","3dar1",2.22967969634177,2.40324000670434
"1325",6,2004,2.45857707047149,0.0455595874456527,1998,0,"Converged","weight","Male","3dar1",2.36928027907801,2.54787386186497
"1326",7,2004,2.55980568005242,0.0504906592006766,1997,0,"Converged","weight","Male","3dar1",2.46084398801909,2.65876737208575
"1327",8,2004,2.66056755889984,0.0583218363251341,1996,0,"Converged","weight","Male","3dar1",2.54625675970258,2.7748783580971
"1328",9,2004,2.75491556794254,0.0650117875499371,1995,0,"Converged","weight","Male","3dar1",2.62749246434467,2.88233867154042
"1329",10,2004,2.83462697831344,0.0713064415012117,1994,0,"Converged","weight","Male","3dar1",2.69486635297107,2.97438760365582
"1330",11,2004,2.90761237963237,0.077795883837474,1993,0,"Converged","weight","Male","3dar1",2.75513244731092,3.06009231195382
"1331",12,2004,2.98018505257021,0.0862179604575467,1992,0,"Converged","weight","Male","3dar1",2.81119785007342,3.14917225506701
"1332",13,2004,3.04640469942877,0.094566626699929,1991,0,"Converged","weight","Male","3dar1",2.86105411109691,3.23175528776063
"1333",14,2004,3.09719909467693,0.101135597744864,1990,0,"Converged","weight","Male","3dar1",2.898973323097,3.29542486625686
"1334",15,2004,3.13279371006111,0.104308661174619,1989,0,"Converged","weight","Male","3dar1",2.92834873415885,3.33723868596336
"1335",16,2004,3.15662525514054,0.105546379642925,1988,0,"Converged","weight","Male","3dar1",2.94975435104041,3.36349615924068
"1336",17,2004,3.16871659422685,0.104800537927963,1987,0,"Converged","weight","Male","3dar1",2.96330753988804,3.37412564856566
"1337",18,2004,3.17244377763302,0.104020598948218,1986,0,"Converged","weight","Male","3dar1",2.96856340369451,3.37632415157152
"1338",19,2004,3.17509833288295,0.104378504941439,1985,0,"Converged","weight","Male","3dar1",2.97051646319773,3.37968020256817
"1339",20,2004,3.18008434097726,0.105835172768906,1984,0,"Converged","weight","Male","3dar1",2.9726474023502,3.38752127960431
"1340",21,2004,3.1919472253295,0.108450290262555,1983,0,"Converged","weight","Male","3dar1",2.97938465641489,3.4045097942441
"1341",22,2004,3.21145265886176,0.112389369656408,1982,0,"Converged","weight","Male","3dar1",2.9911694943352,3.43173582338832
"1342",23,2004,3.23397421616799,0.116154558531168,1981,0,"Converged","weight","Male","3dar1",3.0063112814469,3.46163715088908
"1343",24,2004,3.25270654466093,0.119369601772517,1980,0,"Converged","weight","Male","3dar1",3.01874212518679,3.48667096413506
"1344",25,2004,3.26729331962654,0.12145612217985,1979,0,"Converged","weight","Male","3dar1",3.02923932015403,3.50534731909905
"1345",26,2004,3.27543843104972,0.122920822514607,1978,0,"Converged","weight","Male","3dar1",3.03451361892109,3.51636324317835
"1346",27,2004,3.27657857524539,0.123816844852982,1977,0,"Converged","weight","Male","3dar1",3.03389755933355,3.51925959115723
"1347",28,2004,3.27240173949831,0.124649086230734,1976,0,"Converged","weight","Male","3dar1",3.02808953048607,3.51671394851055
"1348",29,2004,3.26687537295599,0.125903713135084,1975,0,"Converged","weight","Male","3dar1",3.02010409521122,3.51364665070075
"1349",30,2004,3.26307947826874,0.129358754246367,1974,0,"Converged","weight","Male","3dar1",3.00953631994586,3.51662263659162
"1350",31,2004,3.26881468724483,0.139082930523206,1973,0,"Converged","weight","Male","3dar1",2.99621214341935,3.54141723107032
"1351",2,2005,1.21806221457022,0.0373007330902504,2003,0,"Converged","weight","Male","3dar1",1.14495277771333,1.29117165142711
"1352",3,2005,1.7043779472613,0.0450291723524003,2002,0,"Converged","weight","Male","3dar1",1.61612076945059,1.792635125072
"1353",4,2005,2.0628198826505,0.0434642816138483,2001,0,"Converged","weight","Male","3dar1",1.97762989068736,2.14800987461364
"1354",5,2005,2.31527189579011,0.0417477899579232,2000,0,"Converged","weight","Male","3dar1",2.23344622747258,2.39709756410764
"1355",6,2005,2.48214672206448,0.0407943658232031,1999,0,"Converged","weight","Male","3dar1",2.402189765051,2.56210367907796
"1356",7,2005,2.59908766707688,0.0442607141247542,1998,0,"Converged","weight","Male","3dar1",2.51233666739236,2.6858386667614
"1357",8,2005,2.7070137488663,0.0515365829752454,1997,0,"Converged","weight","Male","3dar1",2.60600204623482,2.80802545149778
"1358",9,2005,2.80601145544041,0.0607424326763183,1996,0,"Converged","weight","Male","3dar1",2.68695628739483,2.925066623486
"1359",10,2005,2.8901601626776,0.0713290576717296,1995,0,"Converged","weight","Male","3dar1",2.75035520964101,3.02996511571419
"1360",11,2005,2.96937179742366,0.080264928281815,1994,0,"Converged","weight","Male","3dar1",2.8120525379913,3.12669105685601
"1361",12,2005,3.04557160929829,0.0877629402149712,1993,0,"Converged","weight","Male","3dar1",2.87355624647695,3.21758697211963
"1362",13,2005,3.11186569834585,0.093518759334649,1992,0,"Converged","weight","Male","3dar1",2.92856893004993,3.29516246664176
"1363",14,2005,3.15975796442705,0.0981199245047883,1991,0,"Converged","weight","Male","3dar1",2.96744291239766,3.35207301645643
"1364",15,2005,3.19298694656472,0.10057931773684,1990,0,"Converged","weight","Male","3dar1",2.99585148380052,3.39012240932893
"1365",16,2005,3.21759488075324,0.103099923167254,1989,0,"Converged","weight","Male","3dar1",3.01551903134542,3.41967073016106
"1366",17,2005,3.23523663760991,0.105771982084209,1988,0,"Converged","weight","Male","3dar1",3.02792355272486,3.44254972249496
"1367",18,2005,3.24762078765489,0.108772310409816,1987,0,"Converged","weight","Male","3dar1",3.03442705925165,3.46081451605813
"1368",19,2005,3.26038382684845,0.111962506135291,1986,0,"Converged","weight","Male","3dar1",3.04093731482328,3.47983033887362
"1369",20,2005,3.27475797289873,0.115482985826727,1985,0,"Converged","weight","Male","3dar1",3.04841132067834,3.50110462511911
"1370",21,2005,3.29344034719889,0.11938867730177,1984,0,"Converged","weight","Male","3dar1",3.05943853968742,3.52744215471036
"1371",22,2005,3.31506805400947,0.123782997599422,1983,0,"Converged","weight","Male","3dar1",3.07245337871461,3.55768272930434
"1372",23,2005,3.33658731323972,0.127894372395449,1982,0,"Converged","weight","Male","3dar1",3.08591434334464,3.5872602831348
"1373",24,2005,3.35250115635652,0.131366184785886,1981,0,"Converged","weight","Male","3dar1",3.09502343417618,3.60997887853686
"1374",25,2005,3.36196951720485,0.133680736628595,1980,0,"Converged","weight","Male","3dar1",3.0999552734128,3.62398376099689
"1375",26,2005,3.36398258036676,0.135205627596485,1979,0,"Converged","weight","Male","3dar1",3.09897955027765,3.62898561045588
"1376",27,2005,3.35813624678709,0.135973444335489,1978,0,"Converged","weight","Male","3dar1",3.09162829588954,3.62464419768465
"1377",28,2005,3.34624423474014,0.13638794269563,1977,0,"Converged","weight","Male","3dar1",3.07892386705671,3.61356460242358
"1378",29,2005,3.33353714732157,0.137310292513519,1976,0,"Converged","weight","Male","3dar1",3.06440897399507,3.60266532064807
"1379",30,2005,3.32196827864578,0.140248004820177,1975,0,"Converged","weight","Male","3dar1",3.04708218919823,3.59685436809332
"1380",31,2005,3.32019931572491,0.148935947492413,1974,0,"Converged","weight","Male","3dar1",3.02828485863978,3.61211377281004
"1381",2,2006,1.20102343287728,0.0363447435265707,2004,0,"Converged","weight","Male","3dar1",1.1297877355652,1.27225913018936
"1382",3,2006,1.66164566167339,0.0464942563859553,2003,0,"Converged","weight","Male","3dar1",1.57051691915692,1.75277440418986
"1383",4,2006,2.02064189795441,0.0471299817041058,2002,0,"Converged","weight","Male","3dar1",1.92826713381437,2.11301666209446
"1384",5,2006,2.27177010443365,0.0431606643150859,2001,0,"Converged","weight","Male","3dar1",2.18717520237608,2.35636500649122
"1385",6,2006,2.41619332133454,0.0401798862274149,2000,0,"Converged","weight","Male","3dar1",2.33744074432881,2.49494589834027
"1386",7,2006,2.50309576415722,0.0439624431590158,1999,0,"Converged","weight","Male","3dar1",2.41692937556555,2.58926215274889
"1387",8,2006,2.58936240152658,0.0503606271905941,1998,0,"Converged","weight","Male","3dar1",2.49065557223302,2.68806923082015
"1388",9,2006,2.67699569753428,0.0583016652548427,1997,0,"Converged","weight","Male","3dar1",2.56272443363479,2.79126696143377
"1389",10,2006,2.75605156672443,0.0660327345695826,1996,0,"Converged","weight","Male","3dar1",2.62662740696805,2.88547572648081
"1390",11,2006,2.83394034950774,0.0738353148329654,1995,0,"Converged","weight","Male","3dar1",2.68922313243513,2.97865756658035
"1391",12,2006,2.91200176708401,0.0814666681231643,1994,0,"Converged","weight","Male","3dar1",2.75232709756261,3.07167643660542
"1392",13,2006,2.9833468504029,0.0874802755247453,1993,0,"Converged","weight","Male","3dar1",2.8118855103744,3.1548081904314
"1393",14,2006,3.03832243383967,0.0922323750236185,1992,0,"Converged","weight","Male","3dar1",2.85754697879338,3.21909788888596
"1394",15,2006,3.07907229906508,0.0958148998974612,1991,0,"Converged","weight","Male","3dar1",2.89127509526606,3.26686950286411
"1395",16,2006,3.10999580424521,0.0985923010499501,1990,0,"Converged","weight","Male","3dar1",2.91675489418731,3.30323671430311
"1396",17,2006,3.13398060405681,0.101327157237926,1989,0,"Converged","weight","Male","3dar1",2.93537937587048,3.33258183224314
"1397",18,2006,3.15078326220521,0.103274684269272,1988,0,"Converged","weight","Male","3dar1",2.94836488103744,3.35320164337299
"1398",19,2006,3.1668708876695,0.104993894734885,1987,0,"Converged","weight","Male","3dar1",2.96108285398912,3.37265892134987
"1399",20,2006,3.18387650072005,0.107171199520064,1986,0,"Converged","weight","Male","3dar1",2.97382094966073,3.39393205177938
"1400",21,2006,3.20520822326943,0.109754833249355,1985,0,"Converged","weight","Male","3dar1",2.99008875010069,3.42032769643816
"1401",22,2006,3.2296015437661,0.113414204746456,1984,0,"Converged","weight","Male","3dar1",3.00730970246305,3.45189338506916
"1402",23,2006,3.25510890655235,0.116815076841467,1983,0,"Converged","weight","Male","3dar1",3.02615135594307,3.48406645716162
"1403",24,2006,3.27820587059322,0.120250668706838,1982,0,"Converged","weight","Male","3dar1",3.04251455992782,3.51389718125863
"1404",25,2006,3.2959531754707,0.122591476486814,1981,0,"Converged","weight","Male","3dar1",3.05567388155655,3.53623246938486
"1405",26,2006,3.30745234528234,0.123974848863594,1980,0,"Converged","weight","Male","3dar1",3.0644616415097,3.55044304905499
"1406",27,2006,3.3117587975523,0.124105728125589,1979,0,"Converged","weight","Male","3dar1",3.06851157042615,3.55500602467846
"1407",28,2006,3.30918588882555,0.12369192377372,1978,0,"Converged","weight","Male","3dar1",3.06674971822906,3.55162205942204
"1408",29,2006,3.3052876106254,0.124002326922025,1977,0,"Converged","weight","Male","3dar1",3.06224304985823,3.54833217139257
"1409",30,2006,3.30038746251098,0.126610913689095,1976,0,"Converged","weight","Male","3dar1",3.05223007168035,3.54854485334161
"1410",31,2006,3.30408964918335,0.136054916611933,1975,0,"Converged","weight","Male","3dar1",3.03742201262396,3.57075728574274
"1411",2,2007,1.18187193878952,0.0348147433771287,2005,0,"Converged","weight","Male","3dar1",1.11363504177034,1.25010883580869
"1412",3,2007,1.62523763462432,0.0450356869158934,2004,0,"Converged","weight","Male","3dar1",1.53696768826916,1.71350758097947
"1413",4,2007,1.98483750369377,0.0468441985464497,2003,0,"Converged","weight","Male","3dar1",1.89302287454273,2.07665213284481
"1414",5,2007,2.25602591405552,0.047284564326269,2002,0,"Converged","weight","Male","3dar1",2.16334816797603,2.348703660135
"1415",6,2007,2.43830105226931,0.0461636042244414,2001,0,"Converged","weight","Male","3dar1",2.3478203879894,2.52878171654921
"1416",7,2007,2.54544898697818,0.0466017604433761,2000,0,"Converged","weight","Male","3dar1",2.45410953650916,2.63678843744719
"1417",8,2007,2.62390271162453,0.0496977279152595,1999,0,"Converged","weight","Male","3dar1",2.52649516491062,2.72131025833843
"1418",9,2007,2.68701037260018,0.0550058037124118,1998,0,"Converged","weight","Male","3dar1",2.57919899732385,2.7948217478765
"1419",10,2007,2.73967903051895,0.0614031156007615,1997,0,"Converged","weight","Male","3dar1",2.61932892394146,2.86002913709644
"1420",11,2007,2.80157736986071,0.070429585303929,1996,0,"Converged","weight","Male","3dar1",2.66353538266501,2.93961935705641
"1421",12,2007,2.87394089191526,0.0798877875645752,1995,0,"Converged","weight","Male","3dar1",2.71736082828869,3.03052095554182
"1422",13,2007,2.94576478243646,0.0862462994912555,1994,0,"Converged","weight","Male","3dar1",2.77672203543359,3.11480752943932
"1423",14,2007,3.00373538303654,0.0904899270423781,1993,0,"Converged","weight","Male","3dar1",2.82637512603348,3.1810956400396
"1424",15,2007,3.04634970876341,0.0937245745748382,1992,0,"Converged","weight","Male","3dar1",2.86264954259672,3.23004987493009
"1425",16,2007,3.07904798805418,0.095461365493373,1991,0,"Converged","weight","Male","3dar1",2.89194371168717,3.2661522644212
"1426",17,2007,3.1080253218376,0.0973469487934433,1990,0,"Converged","weight","Male","3dar1",2.91722530220245,3.29882534147275
"1427",18,2007,3.13414877015473,0.0987997990743024,1989,0,"Converged","weight","Male","3dar1",2.94050116396909,3.32779637634036
"1428",19,2007,3.16212685635418,0.100052686165626,1988,0,"Converged","weight","Male","3dar1",2.96602359146955,3.35823012123881
"1429",20,2007,3.19091952723218,0.1016012807002,1987,0,"Converged","weight","Male","3dar1",2.99178101705978,3.39005803740457
"1430",21,2007,3.22130289341714,0.103961974553862,1986,0,"Converged","weight","Male","3dar1",3.01753742329157,3.42506836354271
"1431",22,2007,3.24994027339998,0.107640307076656,1985,0,"Converged","weight","Male","3dar1",3.03896527152974,3.46091527527023
"1432",23,2007,3.27466460375105,0.110459679507555,1984,0,"Converged","weight","Male","3dar1",3.05816363191624,3.49116557558586
"1433",24,2007,3.29409055577148,0.113067798860293,1983,0,"Converged","weight","Male","3dar1",3.0724776700053,3.51570344153765
"1434",25,2007,3.30437458455942,0.114450804419891,1982,0,"Converged","weight","Male","3dar1",3.08005100789643,3.5286981612224
"1435",26,2007,3.30704350713888,0.114673042321129,1981,0,"Converged","weight","Male","3dar1",3.08228434418946,3.53180267008829
"1436",27,2007,3.30187161874695,0.11344779483718,1980,0,"Converged","weight","Male","3dar1",3.07951394086608,3.52422929662782
"1437",28,2007,3.28978150932934,0.110488346611574,1979,0,"Converged","weight","Male","3dar1",3.07322434997065,3.50633866868802
"1438",29,2007,3.27842694722582,0.108952079559782,1978,0,"Converged","weight","Male","3dar1",3.06488087128865,3.491973023163
"1439",30,2007,3.26804706979209,0.109014737213558,1977,0,"Converged","weight","Male","3dar1",3.05437818485351,3.48171595473066
"1440",31,2007,3.27023613534609,0.117346821096134,1976,0,"Converged","weight","Male","3dar1",3.04023636599767,3.50023590469452
"1441",2,2008,1.15703310394292,0.0335116231506719,2006,0,"Converged","weight","Male","3dar1",1.0913503225676,1.22271588531824
"1442",3,2008,1.57659868360705,0.0448026856266641,2005,0,"Converged","weight","Male","3dar1",1.48878541977878,1.66441194743531
"1443",4,2008,1.93510734269501,0.0489204525621339,2004,0,"Converged","weight","Male","3dar1",1.83922325567323,2.03099142971679
"1444",5,2008,2.20988539240458,0.0510844421389546,2003,0,"Converged","weight","Male","3dar1",2.10975988581223,2.31001089899693
"1445",6,2008,2.40901025375511,0.0536503329880668,2002,0,"Converged","weight","Male","3dar1",2.30385560109849,2.51416490641172
"1446",7,2008,2.54620815728989,0.0546274479064818,2001,0,"Converged","weight","Male","3dar1",2.43913835939319,2.6532779551866
"1447",8,2008,2.64546296142665,0.0548048816403644,2000,0,"Converged","weight","Male","3dar1",2.53804539341153,2.75288052944176
"1448",9,2008,2.71148495564046,0.0556865904748064,1999,0,"Converged","weight","Male","3dar1",2.60233923830984,2.82063067297108
"1449",10,2008,2.7531750714361,0.0593979917799539,1998,0,"Converged","weight","Male","3dar1",2.63675500754739,2.86959513532481
"1450",11,2008,2.79748782125194,0.0668279009372646,1997,0,"Converged","weight","Male","3dar1",2.6665051354149,2.92847050708898
"1451",12,2008,2.85714372759742,0.0764128647143908,1996,0,"Converged","weight","Male","3dar1",2.70737451275721,3.00691294243763
"1452",13,2008,2.92859001458255,0.0844364605363049,1995,0,"Converged","weight","Male","3dar1",2.76309455193139,3.09408547723371
"1453",14,2008,2.99539361666519,0.0905027873121939,1994,0,"Converged","weight","Male","3dar1",2.81800815353329,3.17277907979709
"1454",15,2008,3.05029590883893,0.0939982063538375,1993,0,"Converged","weight","Male","3dar1",2.86605942438541,3.23453239329246
"1455",16,2008,3.09496770010479,0.0952917292812682,1992,0,"Converged","weight","Male","3dar1",2.90819591071351,3.28173948949608
"1456",17,2008,3.1326173074438,0.0957108211941143,1991,0,"Converged","weight","Male","3dar1",2.94502409790334,3.32021051698427
"1457",18,2008,3.16489764453165,0.0970035887456364,1990,0,"Converged","weight","Male","3dar1",2.97477061059021,3.3550246784731
"1458",19,2008,3.19831765526509,0.100177525407231,1989,0,"Converged","weight","Male","3dar1",3.00196970546692,3.39466560506326
"1459",20,2008,3.23378062462635,0.104867811886358,1988,0,"Converged","weight","Male","3dar1",3.02823971332909,3.43932153592361
"1460",21,2008,3.27313143803963,0.110466397545787,1987,0,"Converged","weight","Male","3dar1",3.05661729884988,3.48964557722937
"1461",22,2008,3.31263189432731,0.116717422586652,1986,0,"Converged","weight","Male","3dar1",3.08386574605748,3.54139804259715
"1462",23,2008,3.3483971258134,0.122299326108936,1985,0,"Converged","weight","Male","3dar1",3.10869044663989,3.58810380498692
"1463",24,2008,3.37906338016234,0.126504522818966,1984,0,"Converged","weight","Male","3dar1",3.13111451543717,3.62701224488752
"1464",25,2008,3.40122389780262,0.129115238078546,1983,0,"Converged","weight","Male","3dar1",3.14815803116867,3.65428976443657
"1465",26,2008,3.41707704694208,0.130725783975545,1982,0,"Converged","weight","Male","3dar1",3.16085451035002,3.67329958353415
"1466",27,2008,3.42536654673349,0.130776519392196,1981,0,"Converged","weight","Male","3dar1",3.16904456872478,3.68168852474219
"1467",28,2008,3.4261825365085,0.129414095158464,1980,0,"Converged","weight","Male","3dar1",3.17253090999791,3.67983416301909
"1468",29,2008,3.42346365011932,0.128328866839523,1979,0,"Converged","weight","Male","3dar1",3.17193907111385,3.67498822912478
"1469",30,2008,3.41556682456766,0.128623688310777,1978,0,"Converged","weight","Male","3dar1",3.16346439547853,3.66766925365678
"1470",31,2008,3.4106408782465,0.135589654321333,1977,0,"Converged","weight","Male","3dar1",3.14488515577669,3.67639660071632
"1471",2,2009,1.12713316047142,0.0303021611897697,2007,0,"Converged","weight","Male","3dar1",1.06774092453947,1.18652539640337
"1472",3,2009,1.52000700360094,0.0413846286129794,2006,0,"Converged","weight","Male","3dar1",1.43889313151951,1.60112087568238
"1473",4,2009,1.87599905381731,0.0462910854162412,2005,0,"Converged","weight","Male","3dar1",1.78526852640147,1.96672958123314
"1474",5,2009,2.15830363934089,0.0483867774325533,2004,0,"Converged","weight","Male","3dar1",2.06346555557308,2.25314172310869
"1475",6,2009,2.35115339938934,0.0470860469633998,2003,0,"Converged","weight","Male","3dar1",2.25886474734107,2.4434420514376
"1476",7,2009,2.48004630731252,0.0452497373903041,2002,0,"Converged","weight","Male","3dar1",2.39135682202753,2.56873579259752
"1477",8,2009,2.55946028442007,0.0449520356549865,2001,0,"Converged","weight","Male","3dar1",2.4713542945363,2.64756627430384
"1478",9,2009,2.59506624141415,0.046447997396864,2000,0,"Converged","weight","Male","3dar1",2.5040281665163,2.686104316312
"1479",10,2009,2.60624026055601,0.0493106441585013,1999,0,"Converged","weight","Male","3dar1",2.50959139800535,2.70288912310667
"1480",11,2009,2.62204301731901,0.0543653799837073,1998,0,"Converged","weight","Male","3dar1",2.51548687255094,2.72859916208708
"1481",12,2009,2.65803134200227,0.0616003106286001,1997,0,"Converged","weight","Male","3dar1",2.53729473317021,2.77876795083433
"1482",13,2009,2.71891642185968,0.0708408618745534,1996,0,"Converged","weight","Male","3dar1",2.58006833258555,2.8577645111338
"1483",14,2009,2.78821197087638,0.0785758482155757,1995,0,"Converged","weight","Male","3dar1",2.63420330837385,2.94222063337891
"1484",15,2009,2.85475523937058,0.0834839368014608,1994,0,"Converged","weight","Male","3dar1",2.69112672323972,3.01838375550145
"1485",16,2009,2.9155979747508,0.0868278720586641,1993,0,"Converged","weight","Male","3dar1",2.74541534551582,3.08578060398578
"1486",17,2009,2.9725572803993,0.0895746706717781,1992,0,"Converged","weight","Male","3dar1",2.79699092588262,3.14812363491599
"1487",18,2009,3.02515671753019,0.0931688990784182,1991,0,"Converged","weight","Male","3dar1",2.84254567533649,3.20776775972389
"1488",19,2009,3.07962199676489,0.0989218381932171,1990,0,"Converged","weight","Male","3dar1",2.88573519390618,3.27350879962359
"1489",20,2009,3.1345269134781,0.104617927859298,1989,0,"Converged","weight","Male","3dar1",2.92947577487387,3.33957805208232
"1490",21,2009,3.19018058838878,0.109762605916301,1988,0,"Converged","weight","Male","3dar1",2.97504588079283,3.40531529598473
"1491",22,2009,3.24311802878786,0.114934432655666,1987,0,"Converged","weight","Male","3dar1",3.01784654078276,3.46838951679297
"1492",23,2009,3.29013791507458,0.119864063275339,1986,0,"Converged","weight","Male","3dar1",3.05520435105491,3.52507147909424
"1493",24,2009,3.33100466171027,0.123338322682783,1985,0,"Converged","weight","Male","3dar1",3.08926154925202,3.57274777416853
"1494",25,2009,3.36443051311919,0.125320469121335,1984,0,"Converged","weight","Male","3dar1",3.11880239364137,3.61005863259701
"1495",26,2009,3.39303499425049,0.126352322249554,1983,0,"Converged","weight","Male","3dar1",3.14538444264136,3.64068554585961
"1496",27,2009,3.41597320081494,0.126000898009081,1982,0,"Converged","weight","Male","3dar1",3.16901144071714,3.66293496091273
"1497",28,2009,3.43266617086878,0.124401954330031,1981,0,"Converged","weight","Male","3dar1",3.18883834038192,3.67649400135564
"1498",29,2009,3.44453871681604,0.122700947625972,1980,0,"Converged","weight","Male","3dar1",3.20404485946913,3.68503257416294
"1499",30,2009,3.44894183517769,0.122390593826458,1979,0,"Converged","weight","Male","3dar1",3.20905627127783,3.68882739907755
"1500",31,2009,3.4514022656388,0.129542537917836,1978,0,"Converged","weight","Male","3dar1",3.19749889131984,3.70530563995775
"1501",2,2010,1.08104336268444,0.0269691931051486,2008,0,"Converged","weight","Male","3dar1",1.02818374419835,1.13390298117053
"1502",3,2010,1.43561408684214,0.0393408599503801,2007,0,"Converged","weight","Male","3dar1",1.3585060013394,1.51272217234489
"1503",4,2010,1.78899922401477,0.046327996489648,2006,0,"Converged","weight","Male","3dar1",1.69819635089506,1.87980209713448
"1504",5,2010,2.09116611752341,0.0475105317452787,2005,0,"Converged","weight","Male","3dar1",1.99804547530267,2.18428675974416
"1505",6,2010,2.30041200173375,0.0465471339144995,2004,0,"Converged","weight","Male","3dar1",2.20917961926133,2.39164438420617
"1506",7,2010,2.45734240892669,0.0451683254465221,2003,0,"Converged","weight","Male","3dar1",2.36881249105151,2.54587232680187
"1507",8,2010,2.56825591953907,0.0448890042832432,2002,0,"Converged","weight","Male","3dar1",2.48027347114391,2.65623836793423
"1508",9,2010,2.63048134634556,0.0475559983691603,2001,0,"Converged","weight","Male","3dar1",2.53727158954201,2.72369110314911
"1509",10,2010,2.65628823599742,0.0501634013213006,2000,0,"Converged","weight","Male","3dar1",2.55796796940767,2.75460850258717
"1510",11,2010,2.66974834569444,0.0527694496138291,1999,0,"Converged","weight","Male","3dar1",2.56632022445134,2.77317646693754
"1511",12,2010,2.68642043976467,0.056157497939055,1998,0,"Converged","weight","Male","3dar1",2.57635174380412,2.79648913572522
"1512",13,2010,2.71638064113519,0.0621354068246731,1997,0,"Converged","weight","Male","3dar1",2.59459524375883,2.83816603851155
"1513",14,2010,2.75447013477711,0.0675841326360949,1996,0,"Converged","weight","Male","3dar1",2.62200523481037,2.88693503474386
"1514",15,2010,2.79385571935187,0.0715799041766871,1995,0,"Converged","weight","Male","3dar1",2.65355910716557,2.93415233153818
"1515",16,2010,2.83104986519635,0.0745255473478624,1994,0,"Converged","weight","Male","3dar1",2.68497979239454,2.97711993799816
"1516",17,2010,2.87016471536629,0.0790446480857268,1993,0,"Converged","weight","Male","3dar1",2.71523720511827,3.02509222561432
"1517",18,2010,2.90970506519466,0.0843088331315064,1992,0,"Converged","weight","Male","3dar1",2.7444597522569,3.07495037813241
"1518",19,2010,2.95574375639499,0.0908702834969161,1991,0,"Converged","weight","Male","3dar1",2.77763800074104,3.13384951204895
"1519",20,2010,3.00577087603655,0.0971960022833664,1990,0,"Converged","weight","Male","3dar1",2.81526671156116,3.19627504051195
"1520",21,2010,3.05820295663968,0.103337721800639,1989,0,"Converged","weight","Male","3dar1",2.85566102191042,3.26074489136893
"1521",22,2010,3.10917034441611,0.108577354254054,1988,0,"Converged","weight","Male","3dar1",2.89635873007817,3.32198195875406
"1522",23,2010,3.15547740096735,0.112711753976779,1987,0,"Converged","weight","Male","3dar1",2.93456236317286,3.37639243876183
"1523",24,2010,3.19660038496423,0.114948076247593,1986,0,"Converged","weight","Male","3dar1",2.97130215551895,3.42189861440951
"1524",25,2010,3.23291108300629,0.115823133106912,1985,0,"Converged","weight","Male","3dar1",3.00589774211674,3.45992442389584
"1525",26,2010,3.26727475677508,0.115812458925577,1984,0,"Converged","weight","Male","3dar1",3.04028233728095,3.49426717626921
"1526",27,2010,3.29885016920028,0.114567328002874,1983,0,"Converged","weight","Male","3dar1",3.07429820631465,3.52340213208591
"1527",28,2010,3.32798012157411,0.113551349378391,1982,0,"Converged","weight","Male","3dar1",3.10541947679246,3.55054076635576
"1528",29,2010,3.35422569248891,0.112426800334531,1981,0,"Converged","weight","Male","3dar1",3.13386916383323,3.57458222114459
"1529",30,2010,3.3744382689086,0.112253822804249,1980,0,"Converged","weight","Male","3dar1",3.15442077621227,3.59445576160492
"1530",31,2010,3.3927619862767,0.11993965173248,1979,0,"Converged","weight","Male","3dar1",3.15768026888104,3.62784370367236
"1531",2,2011,1.06251016619944,0.0270708320342033,2009,0,"Converged","weight","Male","3dar1",1.0094513354124,1.11556899698647
"1532",3,2011,1.34248592268297,0.0341546181643453,2008,0,"Converged","weight","Male","3dar1",1.27554287108085,1.40942897428508
"1533",4,2011,1.61874443841386,0.0415713956498098,2007,0,"Converged","weight","Male","3dar1",1.53726450294024,1.70022437388749
"1534",5,2011,1.86583763553827,0.0447509620730846,2006,0,"Converged","weight","Male","3dar1",1.77812574987502,1.95354952120151
"1535",6,2011,2.06225552381083,0.0475541890347807,2005,0,"Converged","weight","Male","3dar1",1.96904931330266,2.155461734319
"1536",7,2011,2.24303814718202,0.050551210216096,2004,0,"Converged","weight","Male","3dar1",2.14395777515847,2.34211851920557
"1537",8,2011,2.40734194013435,0.0518148101763337,2003,0,"Converged","weight","Male","3dar1",2.30578491218873,2.50889896807996
"1538",9,2011,2.53261816626539,0.0501794684007507,2002,0,"Converged","weight","Male","3dar1",2.43426640819992,2.63096992433086
"1539",10,2011,2.60454361058811,0.049133392890952,2001,0,"Converged","weight","Male","3dar1",2.50824216052184,2.70084506065438
"1540",11,2011,2.64052165106892,0.0500199003677746,2000,0,"Converged","weight","Male","3dar1",2.54248264634808,2.73856065578976
"1541",12,2011,2.66067454872355,0.0525574673558938,1999,0,"Converged","weight","Male","3dar1",2.557661912706,2.7636871847411
"1542",13,2011,2.68545138375239,0.057335533755549,1998,0,"Converged","weight","Male","3dar1",2.57307373759151,2.79782902991326
"1543",14,2011,2.71949530922354,0.0632924632782083,1997,0,"Converged","weight","Male","3dar1",2.59544208119826,2.84354853724883
"1544",15,2011,2.75739103461282,0.0693548582503905,1996,0,"Converged","weight","Male","3dar1",2.62145551244205,2.89332655678358
"1545",16,2011,2.7947342859124,0.0743199316102096,1995,0,"Converged","weight","Male","3dar1",2.64906721995639,2.94040135186841
"1546",17,2011,2.83537688933874,0.0795708779581743,1994,0,"Converged","weight","Male","3dar1",2.67941796854071,2.99133581013676
"1547",18,2011,2.87955568733037,0.0849373482699278,1993,0,"Converged","weight","Male","3dar1",2.71307848472131,3.04603288993942
"1548",19,2011,2.93175091030753,0.0908440222232281,1992,0,"Converged","weight","Male","3dar1",2.75369662675,3.10980519386506
"1549",20,2011,2.98906112596593,0.0977789717475258,1991,0,"Converged","weight","Male","3dar1",2.79741434134078,3.18070791059108
"1550",21,2011,3.04818066846471,0.104610481733689,1990,0,"Converged","weight","Male","3dar1",2.84314412426668,3.25321721266274
"1551",22,2011,3.10507592643971,0.110500786676483,1989,0,"Converged","weight","Male","3dar1",2.8884943845538,3.32165746832561
"1552",23,2011,3.15590064853006,0.115280181401367,1988,0,"Converged","weight","Male","3dar1",2.92995149298338,3.38184980407674
"1553",24,2011,3.19918422624004,0.118460994110339,1987,0,"Converged","weight","Male","3dar1",2.96700067778378,3.43136777469631
"1554",25,2011,3.23611685368649,0.120430875722793,1986,0,"Converged","weight","Male","3dar1",3.00007233726982,3.47216137010317
"1555",26,2011,3.26761474576029,0.121328821622141,1985,0,"Converged","weight","Male","3dar1",3.0298102553809,3.50541923613969
"1556",27,2011,3.29314256076964,0.120722234660175,1984,0,"Converged","weight","Male","3dar1",3.0565269808357,3.52975814070358
"1557",28,2011,3.31335999772788,0.119016518512824,1983,0,"Converged","weight","Male","3dar1",3.08008762144275,3.54663237401302
"1558",29,2011,3.32976870235974,0.117019990588301,1982,0,"Converged","weight","Male","3dar1",3.10040952080667,3.55912788391281
"1559",30,2011,3.34300886416612,0.117015168668064,1981,0,"Converged","weight","Male","3dar1",3.11365913357671,3.57235859475553
"1560",31,2011,3.3590814448227,0.124627347632133,1980,0,"Converged","weight","Male","3dar1",3.11481184346372,3.60335104618168
"1561",2,2012,1.06498019163615,0.0287978701801459,2010,0,"Converged","weight","Male","3dar1",1.00853636608306,1.12142401718924
"1562",3,2012,1.32061524952609,0.0329604551011337,2009,0,"Converged","weight","Male","3dar1",1.25601275752787,1.38521774152432
"1563",4,2012,1.54076586365844,0.0369170221735124,2008,0,"Converged","weight","Male","3dar1",1.46840850019836,1.61312322711853
"1564",5,2012,1.73868535922351,0.0421681804827093,2007,0,"Converged","weight","Male","3dar1",1.6560357254774,1.82133499296962
"1565",6,2012,1.91300455501286,0.0468125660833002,2006,0,"Converged","weight","Male","3dar1",1.82125192548959,2.00475718453613
"1566",7,2012,2.08202008618462,0.0493317537973125,2005,0,"Converged","weight","Male","3dar1",1.98532984874189,2.17871032362735
"1567",8,2012,2.24392859432379,0.0503003813112879,2004,0,"Converged","weight","Male","3dar1",2.14533984695366,2.34251734169391
"1568",9,2012,2.38631096790543,0.0497306757477365,2003,0,"Converged","weight","Male","3dar1",2.28883884343986,2.48378309237099
"1569",10,2012,2.49391595783909,0.0495263668293241,2002,0,"Converged","weight","Male","3dar1",2.39684427885361,2.59098763682456
"1570",11,2012,2.57197696591912,0.051421909773322,2001,0,"Converged","weight","Male","3dar1",2.47119002276341,2.67276390907483
"1571",12,2012,2.62890773315255,0.0531922984655968,2000,0,"Converged","weight","Male","3dar1",2.52465082815998,2.73316463814512
"1572",13,2012,2.67762626744254,0.0563283344118797,1999,0,"Converged","weight","Male","3dar1",2.56722273199526,2.78802980288983
"1573",14,2012,2.72140952390018,0.059644397286327,1998,0,"Converged","weight","Male","3dar1",2.60450650521898,2.83831254258138
"1574",15,2012,2.7599358549965,0.0636130257317952,1997,0,"Converged","weight","Male","3dar1",2.63525432456218,2.88461738543082
"1575",16,2012,2.7944436326065,0.0681814661814457,1996,0,"Converged","weight","Male","3dar1",2.66080795889087,2.92807930632213
"1576",17,2012,2.83332831468333,0.0739121690805642,1995,0,"Converged","weight","Male","3dar1",2.68846046328542,2.97819616608123
"1577",18,2012,2.88023524745101,0.080330296362538,1994,0,"Converged","weight","Male","3dar1",2.72278786658043,3.03768262832158
"1578",19,2012,2.93702838305676,0.0859962256159747,1993,0,"Converged","weight","Male","3dar1",2.76847578084945,3.10558098526407
"1579",20,2012,2.99948846245364,0.0916271488867263,1992,0,"Converged","weight","Male","3dar1",2.81989925063566,3.17907767427163
"1580",21,2012,3.06275015941519,0.0964158816803226,1991,0,"Converged","weight","Male","3dar1",2.87377503132175,3.25172528750862
"1581",22,2012,3.12346831606028,0.100469761864737,1990,0,"Converged","weight","Male","3dar1",2.9265475828054,3.32038904931517
"1582",23,2012,3.17875192407125,0.103906952559828,1989,0,"Converged","weight","Male","3dar1",2.97509429705399,3.38240955108851
"1583",24,2012,3.2266280626939,0.10682683894205,1988,0,"Converged","weight","Male","3dar1",3.01724745836748,3.43600866702032
"1584",25,2012,3.26971221660034,0.109862491004725,1987,0,"Converged","weight","Male","3dar1",3.05438173423108,3.4850426989696
"1585",26,2012,3.30706886186171,0.112964216833815,1986,0,"Converged","weight","Male","3dar1",3.08565899686743,3.52847872685599
"1586",27,2012,3.33760570875469,0.115336502331974,1985,0,"Converged","weight","Male","3dar1",3.11154616418402,3.56366525332536
"1587",28,2012,3.36077651020869,0.116483729019857,1984,0,"Converged","weight","Male","3dar1",3.13246840132977,3.58908461908761
"1588",29,2012,3.3780213298982,0.117210224895041,1983,0,"Converged","weight","Male","3dar1",3.14828928910392,3.60775337069248
"1589",30,2012,3.38953881277143,0.119294770604856,1982,0,"Converged","weight","Male","3dar1",3.15572106238591,3.62335656315695
"1590",31,2012,3.4012742508,0.128506111015131,1981,0,"Converged","weight","Male","3dar1",3.14940227321035,3.65314622838966
"1591",2,2013,1.11823965466134,0.0320743342501024,2011,0,"Converged","weight","Male","3dar1",1.05537395953114,1.18110534979154
"1592",3,2013,1.44083564975281,0.0383296037553876,2010,0,"Converged","weight","Male","3dar1",1.36570962639225,1.51596167311336
"1593",4,2013,1.71922147271271,0.0417344373791793,2009,0,"Converged","weight","Male","3dar1",1.63742197544952,1.8010209699759
"1594",5,2013,1.95679415906344,0.0415612855602324,2008,0,"Converged","weight","Male","3dar1",1.87533403936539,2.0382542787615
"1595",6,2013,2.13343809839586,0.0442450289679178,2007,0,"Converged","weight","Male","3dar1",2.04671784161874,2.22015835517298
"1596",7,2013,2.27973368894528,0.0479997314975336,2006,0,"Converged","weight","Male","3dar1",2.18565421521011,2.37381316268045
"1597",8,2013,2.41268297099766,0.0516885159257653,2005,0,"Converged","weight","Male","3dar1",2.31137347978316,2.51399246221216
"1598",9,2013,2.53788727321526,0.0554749215306337,2004,0,"Converged","weight","Male","3dar1",2.42915642701522,2.6466181194153
"1599",10,2013,2.63922225462186,0.0586085703047763,2003,0,"Converged","weight","Male","3dar1",2.5243494568245,2.75409505241922
"1600",11,2013,2.70959101922643,0.060471962393333,2002,0,"Converged","weight","Male","3dar1",2.5910659729355,2.82811606551736
"1601",12,2013,2.75604000595156,0.0623311063495395,2001,0,"Converged","weight","Male","3dar1",2.63387103750647,2.87820897439666
"1602",13,2013,2.79153076156434,0.0635582060602964,2000,0,"Converged","weight","Male","3dar1",2.66695667768616,2.91610484544252
"1603",14,2013,2.82293691086938,0.06487928083538,1999,0,"Converged","weight","Male","3dar1",2.69577352043204,2.95010030130673
"1604",15,2013,2.85198831886672,0.0669780024250221,1998,0,"Converged","weight","Male","3dar1",2.72071143411368,2.98326520361977
"1605",16,2013,2.87969333553263,0.070570468423143,1997,0,"Converged","weight","Male","3dar1",2.74137521742327,3.01801145364199
"1606",17,2013,2.91313698560863,0.0753167325914219,1996,0,"Converged","weight","Male","3dar1",2.76551618972944,3.06075778148781
"1607",18,2013,2.95637661802411,0.0829035033565279,1995,0,"Converged","weight","Male","3dar1",2.79388575144532,3.11886748460291
"1608",19,2013,3.00990877004814,0.0899189010764695,1994,0,"Converged","weight","Male","3dar1",2.83366772393826,3.18614981615802
"1609",20,2013,3.06589621125325,0.0965760200984063,1993,0,"Converged","weight","Male","3dar1",2.87660721186037,3.25518521064612
"1610",21,2013,3.11881877537289,0.101291124461934,1992,0,"Converged","weight","Male","3dar1",2.9202881714275,3.31734937931828
"1611",22,2013,3.16572908044026,0.104996172136718,1991,0,"Converged","weight","Male","3dar1",2.95993658305229,3.37152157782823
"1612",23,2013,3.2058065006177,0.107780180788996,1990,0,"Converged","weight","Male","3dar1",2.99455734627126,3.41705565496413
"1613",24,2013,3.2388006370816,0.109511271786424,1989,0,"Converged","weight","Male","3dar1",3.02415854438021,3.453442729783
"1614",25,2013,3.2691419888604,0.111232315809216,1988,0,"Converged","weight","Male","3dar1",3.05112664987433,3.48715732784646
"1615",26,2013,3.29533696169402,0.113383542085359,1987,0,"Converged","weight","Male","3dar1",3.07310521920672,3.51756870418133
"1616",27,2013,3.31692359717366,0.114659254619534,1986,0,"Converged","weight","Male","3dar1",3.09219145811937,3.54165573622795
"1617",28,2013,3.33399483655602,0.114943191333081,1985,0,"Converged","weight","Male","3dar1",3.10870618154318,3.55928349156886
"1618",29,2013,3.34695632709938,0.115057038738221,1984,0,"Converged","weight","Male","3dar1",3.12144453117246,3.57246812302629
"1619",30,2013,3.35660223814755,0.116307128559331,1983,0,"Converged","weight","Male","3dar1",3.12864026617126,3.58456421012384
"1620",31,2013,3.36969814649309,0.125104630832091,1982,0,"Converged","weight","Male","3dar1",3.12449307006219,3.61490322292399
"1621",2,2014,1.1213475154583,0.0311336764266617,2012,0,"Converged","weight","Male","3dar1",1.06032550966204,1.18236952125456
"1622",3,2014,1.44824123044592,0.0398427032230433,2011,0,"Converged","weight","Male","3dar1",1.37014953212875,1.52633292876308
"1623",4,2014,1.74093544079282,0.0436039080098344,2010,0,"Converged","weight","Male","3dar1",1.65547178109354,1.82639910049209
"1624",5,2014,1.99459156742799,0.0408901277935879,2009,0,"Converged","weight","Male","3dar1",1.91444691695255,2.07473621790342
"1625",6,2014,2.16886620383119,0.0415048486410527,2008,0,"Converged","weight","Male","3dar1",2.08751670049473,2.25021570716765
"1626",7,2014,2.30279694903626,0.0468372690287518,2007,0,"Converged","weight","Male","3dar1",2.21099590173991,2.39459799633262
"1627",8,2014,2.43692593847803,0.0537841769464174,2006,0,"Converged","weight","Male","3dar1",2.33150895166305,2.542342925293
"1628",9,2014,2.57610061196755,0.0608719934581519,2005,0,"Converged","weight","Male","3dar1",2.45679150478957,2.69540971914553
"1629",10,2014,2.69285435871378,0.0668115137802553,2004,0,"Converged","weight","Male","3dar1",2.56190379170448,2.82380492572308
"1630",11,2014,2.77102680255372,0.0688812010998033,2003,0,"Converged","weight","Male","3dar1",2.63601964839811,2.90603395670934
"1631",12,2014,2.81679716731099,0.0694033647393012,2002,0,"Converged","weight","Male","3dar1",2.68076657242196,2.95282776220002
"1632",13,2014,2.84775879863392,0.0687328507707968,2001,0,"Converged","weight","Male","3dar1",2.71304241112315,2.98247518614468
"1633",14,2014,2.87439241853758,0.069301784412926,2000,0,"Converged","weight","Male","3dar1",2.73856092108825,3.01022391598692
"1634",15,2014,2.89840593492199,0.0712624466451879,1999,0,"Converged","weight","Male","3dar1",2.75873153949742,3.03808033034656
"1635",16,2014,2.91962741025116,0.0742318673739786,1998,0,"Converged","weight","Male","3dar1",2.77413295019816,3.06512187030415
"1636",17,2014,2.94475580236577,0.0784491801922991,1997,0,"Converged","weight","Male","3dar1",2.79099540918886,3.09851619554267
"1637",18,2014,2.97759613920677,0.0839912221712681,1996,0,"Converged","weight","Male","3dar1",2.81297334375108,3.14221893466245
"1638",19,2014,3.01939381231742,0.0892884227065388,1995,0,"Converged","weight","Male","3dar1",2.8443885038126,3.19439912082224
"1639",20,2014,3.06232527193266,0.094654778795626,1994,0,"Converged","weight","Male","3dar1",2.87680190549323,3.24784863837208
"1640",21,2014,3.10259304265741,0.0982262926361119,1993,0,"Converged","weight","Male","3dar1",2.91006950909063,3.29511657622419
"1641",22,2014,3.13869802423411,0.101879787923156,1992,0,"Converged","weight","Male","3dar1",2.93901363990472,3.33838240856349
"1642",23,2014,3.17217416321945,0.105592761158423,1991,0,"Converged","weight","Male","3dar1",2.96521235134894,3.37913597508996
"1643",24,2014,3.20230676451216,0.107994337019095,1990,0,"Converged","weight","Male","3dar1",2.99063786395473,3.41397566506958
"1644",25,2014,3.23323312351283,0.110348100634392,1989,0,"Converged","weight","Male","3dar1",3.01695084626942,3.44951540075624
"1645",26,2014,3.26146197506172,0.112317557771188,1988,0,"Converged","weight","Male","3dar1",3.04131956183019,3.48160438829325
"1646",27,2014,3.28534839935188,0.113183529540768,1987,0,"Converged","weight","Male","3dar1",3.06350868145198,3.50718811725179
"1647",28,2014,3.30395043093006,0.113028838811293,1986,0,"Converged","weight","Male","3dar1",3.08241390685993,3.5254869550002
"1648",29,2014,3.31717142112016,0.112722423337482,1985,0,"Converged","weight","Male","3dar1",3.09623547137869,3.53810737086162
"1649",30,2014,3.32668522219011,0.113876183586763,1984,0,"Converged","weight","Male","3dar1",3.10348790236006,3.54988254202017
"1650",31,2014,3.34056915895052,0.122542243180302,1983,0,"Converged","weight","Male","3dar1",3.10038636231713,3.58075195558391
"1651",2,2015,1.10893235098431,0.0272553353708475,2013,0,"Converged","weight","Male","3dar1",1.05551189365745,1.16235280831117
"1652",3,2015,1.42101364226781,0.0371996196641988,2012,0,"Converged","weight","Male","3dar1",1.34810238772598,1.49392489680964
"1653",4,2015,1.72707938216333,0.0463180751765276,2011,0,"Converged","weight","Male","3dar1",1.63629595481734,1.81786280950932
"1654",5,2015,2.02629490167615,0.0505395050707851,2010,0,"Converged","weight","Male","3dar1",1.92723747173741,2.12535233161489
"1655",6,2015,2.25382138670702,0.0509513084178342,2009,0,"Converged","weight","Male","3dar1",2.15395682220807,2.35368595120598
"1656",7,2015,2.39690888319979,0.0520882828265789,2008,0,"Converged","weight","Male","3dar1",2.2948158488597,2.49900191753989
"1657",8,2015,2.51711208001376,0.0577472981535707,2007,0,"Converged","weight","Male","3dar1",2.40392737563276,2.63029678439476
"1658",9,2015,2.64602190044921,0.0644624285733306,2006,0,"Converged","weight","Male","3dar1",2.51967554044548,2.77236826045294
"1659",10,2015,2.7629348464297,0.0702474045446571,2005,0,"Converged","weight","Male","3dar1",2.62524993352217,2.90061975933723
"1660",11,2015,2.84637757167905,0.0726213393455715,2004,0,"Converged","weight","Male","3dar1",2.70403974656173,2.98871539679637
"1661",12,2015,2.8939586432448,0.0728333049812694,2003,0,"Converged","weight","Male","3dar1",2.75120536548151,3.03671192100809
"1662",13,2015,2.9187167708874,0.071574660546414,2002,0,"Converged","weight","Male","3dar1",2.77843043621643,3.05900310555837
"1663",14,2015,2.92984567053041,0.0718157848086809,2001,0,"Converged","weight","Male","3dar1",2.7890867323054,3.07060460875543
"1664",15,2015,2.93261787746326,0.0723422180265843,2000,0,"Converged","weight","Male","3dar1",2.79082713013115,3.07440862479536
"1665",16,2015,2.93623925970517,0.0735381250556019,1999,0,"Converged","weight","Male","3dar1",2.79210453459619,3.08037398481415
"1666",17,2015,2.95032871622731,0.0761281240815007,1998,0,"Converged","weight","Male","3dar1",2.80111759302757,3.09953983942705
"1667",18,2015,2.97969846523095,0.0820627620374377,1997,0,"Converged","weight","Male","3dar1",2.81885545163757,3.14054147882433
"1668",19,2015,3.02405937042891,0.0891285466636673,1996,0,"Converged","weight","Male","3dar1",2.84936741896813,3.1987513218897
"1669",20,2015,3.07338106344767,0.0965538926887288,1995,0,"Converged","weight","Male","3dar1",2.88413543377777,3.26262669311758
"1670",21,2015,3.12144315386331,0.102703639022052,1994,0,"Converged","weight","Male","3dar1",2.92014402138008,3.32274228634653
"1671",22,2015,3.16503576237076,0.107873625647029,1993,0,"Converged","weight","Male","3dar1",2.95360345610258,3.37646806863893
"1672",23,2015,3.2046823733757,0.11245840861946,1992,0,"Converged","weight","Male","3dar1",2.98426389248155,3.42510085426984
"1673",24,2015,3.24104261981071,0.115622244174785,1991,0,"Converged","weight","Male","3dar1",3.01442302122813,3.46766221839329
"1674",25,2015,3.2778817776647,0.11836490892479,1990,0,"Converged","weight","Male","3dar1",3.04588655617211,3.50987699915729
"1675",26,2015,3.31114136812901,0.120089683616908,1989,0,"Converged","weight","Male","3dar1",3.07576558823987,3.54651714801815
"1676",27,2015,3.33942516358323,0.120207879124089,1988,0,"Converged","weight","Male","3dar1",3.10381772050002,3.57503260666645
"1677",28,2015,3.36103639890071,0.118883663279871,1987,0,"Converged","weight","Male","3dar1",3.12802441887217,3.59404837892926
"1678",29,2015,3.37487264826657,0.117216785917202,1986,0,"Converged","weight","Male","3dar1",3.14512774786885,3.60461754866428
"1679",30,2015,3.38162547297425,0.117850640782828,1985,0,"Converged","weight","Male","3dar1",3.15063821703991,3.61261272890859
"1680",31,2015,3.3897659787187,0.125951932249204,1984,0,"Converged","weight","Male","3dar1",3.14290019151026,3.63663176592714
"1681",2,2016,1.076927462385,0.0214409589805273,2014,0,"Converged","weight","Male","3dar1",1.03490318278317,1.11895174198683
"1682",3,2016,1.33825927959583,0.0294315060908351,2013,0,"Converged","weight","Male","3dar1",1.28057352765779,1.39594503153386
"1683",4,2016,1.60308446559803,0.0396004465594627,2012,0,"Converged","weight","Male","3dar1",1.52546759034148,1.68070134085457
"1684",5,2016,1.88447387510778,0.0472275884596884,2011,0,"Converged","weight","Male","3dar1",1.79190780172679,1.97703994848877
"1685",6,2016,2.12119491446041,0.0487768471994356,2010,0,"Converged","weight","Male","3dar1",2.02559229394951,2.2167975349713
"1686",7,2016,2.2649411374854,0.0482843708031857,2009,0,"Converged","weight","Male","3dar1",2.17030377071116,2.35957850425965
"1687",8,2016,2.37547756316579,0.0533360277103373,2008,0,"Converged","weight","Male","3dar1",2.27093894885352,2.48001617747805
"1688",9,2016,2.49710545870639,0.0614417531142074,2007,0,"Converged","weight","Male","3dar1",2.37667962260254,2.61753129481023
"1689",10,2016,2.61941480155455,0.0686453782052547,2006,0,"Converged","weight","Male","3dar1",2.48486986027225,2.75395974283685
"1690",11,2016,2.72233898614173,0.0724603982386407,2005,0,"Converged","weight","Male","3dar1",2.58031660559399,2.86436136668946
"1691",12,2016,2.7974541600756,0.0749448033678925,2004,0,"Converged","weight","Male","3dar1",2.65056234547453,2.94434597467667
"1692",13,2016,2.85191396494757,0.0774567222708649,2003,0,"Converged","weight","Male","3dar1",2.70009878929667,3.00372914059846
"1693",14,2016,2.89280077327861,0.0806353904610302,2002,0,"Converged","weight","Male","3dar1",2.73475540797499,3.05084613858222
"1694",15,2016,2.92152457162178,0.0835886870400449,2001,0,"Converged","weight","Male","3dar1",2.75769074502329,3.08535839822027
"1695",16,2016,2.94621800936566,0.0863207115407375,2000,0,"Converged","weight","Male","3dar1",2.77702941474581,3.11540660398551
"1696",17,2016,2.97555084965892,0.0895551483760035,1999,0,"Converged","weight","Male","3dar1",2.80002275884195,3.15107894047588
"1697",18,2016,3.0134556101394,0.0951040220679021,1998,0,"Converged","weight","Male","3dar1",2.82705172688631,3.19985949339249
"1698",19,2016,3.0603088360317,0.101602461470795,1997,0,"Converged","weight","Male","3dar1",2.86116801154894,3.25944966051446
"1699",20,2016,3.10966453086883,0.108834881002559,1996,0,"Converged","weight","Male","3dar1",2.89634816410382,3.32298089763385
"1700",21,2016,3.15634352659843,0.115255136638411,1995,0,"Converged","weight","Male","3dar1",2.93044345878715,3.38224359440972
"1701",22,2016,3.1975316710007,0.120414840495182,1994,0,"Converged","weight","Male","3dar1",2.96151858363015,3.43354475837126
"1702",23,2016,3.23383257227952,0.12459928643859,1993,0,"Converged","weight","Male","3dar1",2.98961797085988,3.47804717369915
"1703",24,2016,3.26789477023815,0.127825852309995,1992,0,"Converged","weight","Male","3dar1",3.01735609971056,3.51843344076574
"1704",25,2016,3.30447805521961,0.13142747992651,1991,0,"Converged","weight","Male","3dar1",3.04688019456365,3.56207591587557
"1705",26,2016,3.33953556517024,0.134626948419052,1990,0,"Converged","weight","Male","3dar1",3.0756667462689,3.60340438407158
"1706",27,2016,3.37255609044774,0.137869275155812,1989,0,"Converged","weight","Male","3dar1",3.10233231114235,3.64277986975313
"1707",28,2016,3.40032246340169,0.140365913149023,1988,0,"Converged","weight","Male","3dar1",3.12520527362961,3.67543965317378
"1708",29,2016,3.42055537864369,0.142165317394467,1987,0,"Converged","weight","Male","3dar1",3.14191135655053,3.69919940073684
"1709",30,2016,3.43210863422728,0.145074373720598,1986,0,"Converged","weight","Male","3dar1",3.14776286173491,3.71645440671965
"1710",31,2016,3.44013445525424,0.153107215557422,1985,0,"Converged","weight","Male","3dar1",3.14004431276169,3.74022459774678
"1711",2,2017,1.11880056280125,0.0235680105891029,2015,0,"Converged","weight","Male","3dar1",1.07260726204661,1.16499386355589
"1712",3,2017,1.39159975640417,0.0234968909777983,2014,0,"Converged","weight","Male","3dar1",1.34554585008769,1.43765366272066
"1713",4,2017,1.63930535800887,0.0346197747630856,2013,0,"Converged","weight","Male","3dar1",1.57145059947323,1.70716011654452
"1714",5,2017,1.90734397681223,0.0454377414155872,2012,0,"Converged","weight","Male","3dar1",1.81828600363768,1.99640194998678
"1715",6,2017,2.15360018645107,0.0515530298295042,2011,0,"Converged","weight","Male","3dar1",2.05255624798524,2.2546441249169
"1716",7,2017,2.30805443879073,0.0556110725543984,2010,0,"Converged","weight","Male","3dar1",2.19905673658411,2.41705214099735
"1717",8,2017,2.41410756250492,0.0623103981900869,2009,0,"Converged","weight","Male","3dar1",2.29197918205235,2.53623594295749
"1718",9,2017,2.51178158818705,0.0692420027954,2008,0,"Converged","weight","Male","3dar1",2.37606726270807,2.64749591366603
"1719",10,2017,2.60454754776244,0.0750077139086101,2007,0,"Converged","weight","Male","3dar1",2.45753242850157,2.75156266702332
"1720",11,2017,2.68164683867352,0.0787644221677269,2006,0,"Converged","weight","Male","3dar1",2.52726857122478,2.83602510612227
"1721",12,2017,2.73794299096533,0.0803561571062724,2005,0,"Converged","weight","Male","3dar1",2.58044492303704,2.89544105889363
"1722",13,2017,2.78018958968209,0.0809318669231773,2004,0,"Converged","weight","Male","3dar1",2.62156313051266,2.93881604885152
"1723",14,2017,2.81585212337566,0.0808334955927355,2003,0,"Converged","weight","Male","3dar1",2.6574184720139,2.97428577473742
"1724",15,2017,2.84506065769496,0.0815043733272061,2002,0,"Converged","weight","Male","3dar1",2.68531208597364,3.00480922941629
"1725",16,2017,2.87251018117357,0.0835546790416249,2001,0,"Converged","weight","Male","3dar1",2.70874301025198,3.03627735209515
"1726",17,2017,2.90466694053603,0.08810156513412,2000,0,"Converged","weight","Male","3dar1",2.73198787287315,3.0773460081989
"1727",18,2017,2.94316322676018,0.0935573211465422,1999,0,"Converged","weight","Male","3dar1",2.75979087731295,3.1265355762074
"1728",19,2017,2.98686139570942,0.0993306333547205,1998,0,"Converged","weight","Male","3dar1",2.79217335433417,3.18154943708467
"1729",20,2017,3.03089328275189,0.105184009400693,1997,0,"Converged","weight","Male","3dar1",2.82473262432653,3.23705394117725
"1730",21,2017,3.07076645189883,0.109624372558198,1996,0,"Converged","weight","Male","3dar1",2.85590268168477,3.2856302221129
"1731",22,2017,3.10423791109484,0.112810384260687,1995,0,"Converged","weight","Male","3dar1",2.8831295579439,3.32534626424579
"1732",23,2017,3.13227695300648,0.114490135386441,1994,0,"Converged","weight","Male","3dar1",2.90787628764905,3.35667761836391
"1733",24,2017,3.15979609456353,0.116116718000377,1993,0,"Converged","weight","Male","3dar1",2.93220732728279,3.38738486184427
"1734",25,2017,3.19318459925949,0.118957637689024,1992,0,"Converged","weight","Male","3dar1",2.96002762938901,3.42634156912998
"1735",26,2017,3.22820922582299,0.121934616844383,1991,0,"Converged","weight","Male","3dar1",2.989217376808,3.46720107483798
"1736",27,2017,3.26622753931082,0.125757557519246,1990,0,"Converged","weight","Male","3dar1",3.0197427265731,3.51271235204854
"1737",28,2017,3.30258431083026,0.129536358379195,1989,0,"Converged","weight","Male","3dar1",3.04869304840704,3.55647557325348
"1738",29,2017,3.33434692203498,0.132817454585365,1988,0,"Converged","weight","Male","3dar1",3.07402471104766,3.59466913302229
"1739",30,2017,3.35885740851578,0.137565332554256,1987,0,"Converged","weight","Male","3dar1",3.08922935670944,3.62848546032212
"1740",31,2017,3.37919209753432,0.148412233669364,1986,0,"Converged","weight","Male","3dar1",3.08830411954237,3.67008007552628
"1741",2,2018,1.11992671369707,0.0257254255571787,2016,0,"Converged","weight","Male","3dar1",1.069504879605,1.17034854778914
"1742",3,2018,1.38381414833575,0.025697328238644,2015,0,"Converged","weight","Male","3dar1",1.33344738498801,1.43418091168349
"1743",4,2018,1.59524982890469,0.0288782866094819,2014,0,"Converged","weight","Male","3dar1",1.5386483871501,1.65185127065927
"1744",5,2018,1.80310242675383,0.0390363847108262,2013,0,"Converged","weight","Male","3dar1",1.72659111272061,1.87961374078705
"1745",6,2018,2.02696614844686,0.0510928324107473,2012,0,"Converged","weight","Male","3dar1",1.92682419692179,2.12710809997192
"1746",7,2018,2.21391123508364,0.0604048986529336,2011,0,"Converged","weight","Male","3dar1",2.09551763372389,2.33230483644339
"1747",8,2018,2.36862912747178,0.0674193768083527,2010,0,"Converged","weight","Male","3dar1",2.23648714892741,2.50077110601616
"1748",9,2018,2.50133920362785,0.0741883364189706,2009,0,"Converged","weight","Male","3dar1",2.35593006424667,2.64674834300904
"1749",10,2018,2.6207569738667,0.0802488790011675,2008,0,"Converged","weight","Male","3dar1",2.46346917102442,2.77804477670899
"1750",11,2018,2.72178515478932,0.0858949946669874,2007,0,"Converged","weight","Male","3dar1",2.55343096524202,2.89013934433661
"1751",12,2018,2.79944000566439,0.0894052897188847,2006,0,"Converged","weight","Male","3dar1",2.62420563781538,2.9746743735134
"1752",13,2018,2.85491969118128,0.0934626094410156,2005,0,"Converged","weight","Male","3dar1",2.67173297667688,3.03810640568567
"1753",14,2018,2.8963260553067,0.09690451012335,2004,0,"Converged","weight","Male","3dar1",2.70639321546493,3.08625889514847
"1754",15,2018,2.92738331504729,0.0995002247206553,2003,0,"Converged","weight","Male","3dar1",2.73236287459481,3.12240375549978
"1755",16,2018,2.95568119481534,0.101684676698218,2002,0,"Converged","weight","Male","3dar1",2.75637922848683,3.15498316114385
"1756",17,2018,2.98887452959639,0.104890290892338,2001,0,"Converged","weight","Male","3dar1",2.78328955944741,3.19445949974538
"1757",18,2018,3.02857239492924,0.10920201572916,2000,0,"Converged","weight","Male","3dar1",2.81453644410009,3.2426083457584
"1758",19,2018,3.07246904864864,0.114380002894516,1999,0,"Converged","weight","Male","3dar1",2.84828424297539,3.29665385432189
"1759",20,2018,3.11584174624783,0.119326013488894,1998,0,"Converged","weight","Male","3dar1",2.88196275980959,3.34972073268606
"1760",21,2018,3.15472070495315,0.123505740553438,1997,0,"Converged","weight","Male","3dar1",2.91264945346841,3.39679195643789
"1761",22,2018,3.18689701860747,0.1267980768478,1996,0,"Converged","weight","Male","3dar1",2.93837278798578,3.43542124922916
"1762",23,2018,3.21145756096909,0.1291310641338,1995,0,"Converged","weight","Male","3dar1",2.95836067526684,3.46455444667133
"1763",24,2018,3.23167542817166,0.131484226804687,1994,0,"Converged","weight","Male","3dar1",2.97396634363448,3.48938451270885
"1764",25,2018,3.2536213812946,0.134463167879912,1993,0,"Converged","weight","Male","3dar1",2.99007357224997,3.51716919033922
"1765",26,2018,3.27380353328566,0.137260953460226,1992,0,"Converged","weight","Male","3dar1",3.00477206450362,3.5428350020677
"1766",27,2018,3.29435428602454,0.140164257055621,1991,0,"Converged","weight","Male","3dar1",3.01963234219552,3.56907622985356
"1767",28,2018,3.31312984319793,0.142784398378447,1990,0,"Converged","weight","Male","3dar1",3.03327242237618,3.59298726401969
"1768",29,2018,3.33051198186235,0.145225453522409,1989,0,"Converged","weight","Male","3dar1",3.04587009295843,3.61515387076628
"1769",30,2018,3.3449289175978,0.148947284492066,1988,0,"Converged","weight","Male","3dar1",3.05299223999335,3.63686559520225
"1770",31,2018,3.35874254144831,0.157888066883508,1987,0,"Converged","weight","Male","3dar1",3.04928193035664,3.66820315253999
"1771",2,2019,1.10638970660957,0.0261712660433172,2017,0,"Converged","weight","Male","3dar1",1.05509402516467,1.15768538805448
"1772",3,2019,1.32942357966356,0.0244372425786731,2016,0,"Converged","weight","Male","3dar1",1.28152658420936,1.37732057511776
"1773",4,2019,1.52722426961891,0.0289947546316314,2015,0,"Converged","weight","Male","3dar1",1.47039455054091,1.58405398869691
"1774",5,2019,1.72468720362669,0.0353927743169854,2014,0,"Converged","weight","Male","3dar1",1.6553173659654,1.79405704128798
"1775",6,2019,1.91865914215618,0.0455101939257453,2013,0,"Converged","weight","Male","3dar1",1.82945916206172,2.00785912225064
"1776",7,2019,2.09650200701278,0.0574217939114742,2012,0,"Converged","weight","Male","3dar1",1.98395529094629,2.20904872307927
"1777",8,2019,2.26031700490722,0.0675505503800779,2011,0,"Converged","weight","Male","3dar1",2.12791792616227,2.39271608365217
"1778",9,2019,2.4067467397983,0.0762731265015085,2010,0,"Converged","weight","Male","3dar1",2.25725141185534,2.55624206774125
"1779",10,2019,2.54105793569428,0.0846528720214138,2009,0,"Converged","weight","Male","3dar1",2.3751383065323,2.70697756485625
"1780",11,2019,2.6593879202107,0.0936159226214817,2008,0,"Converged","weight","Male","3dar1",2.4759007118726,2.8428751285488
"1781",12,2019,2.75528090427579,0.101182946915479,2007,0,"Converged","weight","Male","3dar1",2.55696232832145,2.95359948023013
"1782",13,2019,2.82703082105625,0.107288792756924,2006,0,"Converged","weight","Male","3dar1",2.61674478725268,3.03731685485983
"1783",14,2019,2.88073395867636,0.11157067661285,2005,0,"Converged","weight","Male","3dar1",2.66205543251517,3.09941248483754
"1784",15,2019,2.92062838222391,0.114247882805965,2004,0,"Converged","weight","Male","3dar1",2.69670253192422,3.1445542325236
"1785",16,2019,2.95578730692186,0.116283283448094,2003,0,"Converged","weight","Male","3dar1",2.72787207136359,3.18370254248012
"1786",17,2019,2.99573353393029,0.11909346404449,2002,0,"Converged","weight","Male","3dar1",2.76231034440309,3.22915672345749
"1787",18,2019,3.04351637522547,0.123037393026995,2001,0,"Converged","weight","Male","3dar1",2.80236308489256,3.28466966555838
"1788",19,2019,3.09534985986827,0.127245937428184,2000,0,"Converged","weight","Male","3dar1",2.84594782250903,3.34475189722751
"1789",20,2019,3.14618621869402,0.1311331169773,1999,0,"Converged","weight","Male","3dar1",2.88916530941851,3.40320712796952
"1790",21,2019,3.19260147395377,0.13436814719953,1998,0,"Converged","weight","Male","3dar1",2.92923990544269,3.45596304246485
"1791",22,2019,3.2320235406445,0.136895747134785,1997,0,"Converged","weight","Male","3dar1",2.96370787626033,3.50033920502868
"1792",23,2019,3.26278590352656,0.138816386296908,1996,0,"Converged","weight","Male","3dar1",2.99070578638462,3.5348660206685
"1793",24,2019,3.28663707315618,0.140964505620854,1995,0,"Converged","weight","Male","3dar1",3.0103466421393,3.56292750417305
"1794",25,2019,3.30897358872766,0.143856100806896,1994,0,"Converged","weight","Male","3dar1",3.02701563114615,3.59093154630918
"1795",26,2019,3.32705978693518,0.146541883201713,1993,0,"Converged","weight","Male","3dar1",3.03983769585982,3.61428187801054
"1796",27,2019,3.34389155580573,0.148863525749265,1992,0,"Converged","weight","Male","3dar1",3.05211904533717,3.63566406627428
"1797",28,2019,3.35750645999317,0.150674677607508,1991,0,"Converged","weight","Male","3dar1",3.06218409188246,3.65282882810389
"1798",29,2019,3.36987702813362,0.152404054199142,1990,0,"Converged","weight","Male","3dar1",3.0711650819033,3.66858897436394
"1799",30,2019,3.37887217918941,0.155108009788755,1989,0,"Converged","weight","Male","3dar1",3.07486048000345,3.68288387837537
"1800",31,2019,3.38458429336264,0.162092535121241,1988,0,"Converged","weight","Male","3dar1",3.06688292452501,3.70228566220028
"1801",2,2020,1.11706665052861,0.0288418829605338,2018,0,"Converged","weight","Male","3dar1",1.06053655992597,1.17359674113126
"1802",3,2020,1.35138480964876,0.025903769146556,2017,0,"Converged","weight","Male","3dar1",1.30061342212151,1.40215619717601
"1803",4,2020,1.52382703316938,0.0285672671684625,2016,0,"Converged","weight","Male","3dar1",1.4678351895192,1.57981887681957
"1804",5,2020,1.70032942448,0.0363523064131401,2015,0,"Converged","weight","Male","3dar1",1.62907890391024,1.77157994504975
"1805",6,2020,1.87491912922539,0.0448661632485054,2014,0,"Converged","weight","Male","3dar1",1.78698144925832,1.96285680919246
"1806",7,2020,2.03279756939106,0.0533234996802849,2013,0,"Converged","weight","Male","3dar1",1.92828351001771,2.13731162876442
"1807",8,2020,2.18323106099843,0.060962413719171,2012,0,"Converged","weight","Male","3dar1",2.06374473010886,2.30271739188801
"1808",9,2020,2.32479433502362,0.0692048097858489,2011,0,"Converged","weight","Male","3dar1",2.18915290784335,2.46043576220388
"1809",10,2020,2.46477566794361,0.0783600304654563,2010,0,"Converged","weight","Male","3dar1",2.31119000823132,2.61836132765591
"1810",11,2020,2.59828948435588,0.0887252282498648,2009,0,"Converged","weight","Male","3dar1",2.42438803698615,2.77219093172562
"1811",12,2020,2.71507024069176,0.0976957051087143,2008,0,"Converged","weight","Male","3dar1",2.52358665867868,2.90655382270484
"1812",13,2020,2.80847101606364,0.104793256509347,2007,0,"Converged","weight","Male","3dar1",2.60307623330532,3.01386579882196
"1813",14,2020,2.88140005006201,0.110355359036966,2006,0,"Converged","weight","Male","3dar1",2.66510354634956,3.09769655377447
"1814",15,2020,2.93817233895988,0.114687343430084,2005,0,"Converged","weight","Male","3dar1",2.71338514583691,3.16295953208284
"1815",16,2020,2.98728055371187,0.118366442733305,2004,0,"Converged","weight","Male","3dar1",2.75528232595459,3.21927878146915
"1816",17,2020,3.03722161177355,0.122131804373717,2003,0,"Converged","weight","Male","3dar1",2.79784327520107,3.27659994834604
"1817",18,2020,3.09082799674081,0.126244813057078,2002,0,"Converged","weight","Male","3dar1",2.84338816314894,3.33826783033269
"1818",19,2020,3.14480766573796,0.130020748851012,2001,0,"Converged","weight","Male","3dar1",2.88996699798997,3.39964833348594
"1819",20,2020,3.19537874454482,0.133436333264988,2000,0,"Converged","weight","Male","3dar1",2.93384353134544,3.45691395774419
"1820",21,2020,3.24072525782089,0.136383356660752,1999,0,"Converged","weight","Male","3dar1",2.97341387876582,3.50803663687597
"1821",22,2020,3.27881146768545,0.138844324133982,1998,0,"Converged","weight","Male","3dar1",3.00667659238285,3.55094634298806
"1822",23,2020,3.30862224522467,0.1408759389662,1997,0,"Converged","weight","Male","3dar1",3.03250540485092,3.58473908559843
"1823",24,2020,3.33042585240761,0.142572739262726,1996,0,"Converged","weight","Male","3dar1",3.05098328345267,3.60986842136256
"1824",25,2020,3.34847889464845,0.144311497211674,1995,0,"Converged","weight","Male","3dar1",3.06562836011357,3.63132942918333
"1825",26,2020,3.36115908852554,0.145434958501178,1994,0,"Converged","weight","Male","3dar1",3.07610656986324,3.64621160718785
"1826",27,2020,3.37188642550205,0.146065373147965,1993,0,"Converged","weight","Male","3dar1",3.08559829413204,3.65817455687206
"1827",28,2020,3.37925036015086,0.145840995505715,1992,0,"Converged","weight","Male","3dar1",3.09340200895966,3.66509871134206
"1828",29,2020,3.38596115095688,0.145561525221785,1991,0,"Converged","weight","Male","3dar1",3.10066056152218,3.67126174039158
"1829",30,2020,3.38929647983876,0.146074579948327,1990,0,"Converged","weight","Male","3dar1",3.10299030314004,3.67560265653748
"1830",31,2020,3.38781116193717,0.150341919489646,1989,0,"Converged","weight","Male","3dar1",3.09314099973746,3.68248132413688
"1831",2,2021,1.14436798047542,0.0325934701228085,2019,0,"Converged","weight","Male","3dar1",1.08048477903471,1.20825118191612
"1832",3,2021,1.43298580383528,0.0332663532655734,2018,0,"Converged","weight","Male","3dar1",1.36778375143476,1.4981878562358
"1833",4,2021,1.62140785003526,0.0314366197437523,2017,0,"Converged","weight","Male","3dar1",1.55979207533751,1.68302362473302
"1834",5,2021,1.76162963935488,0.0341943122827605,2016,0,"Converged","weight","Male","3dar1",1.69460878728067,1.82865049142909
"1835",6,2021,1.88687676515135,0.0401003871618947,2015,0,"Converged","weight","Male","3dar1",1.80828000631404,1.96547352398866
"1836",7,2021,1.99586923120345,0.048015945603915,2014,0,"Converged","weight","Male","3dar1",1.90175797781978,2.08998048458713
"1837",8,2021,2.10426419717646,0.0567380645926174,2013,0,"Converged","weight","Male","3dar1",1.99305759057493,2.21547080377799
"1838",9,2021,2.2114828358512,0.0670442695907658,2012,0,"Converged","weight","Male","3dar1",2.0800760674533,2.3428896042491
"1839",10,2021,2.32833634691737,0.0786391624898343,2011,0,"Converged","weight","Male","3dar1",2.1742035884373,2.48246910539745
"1840",11,2021,2.45192698436428,0.0900693154914506,2010,0,"Converged","weight","Male","3dar1",2.27539112600104,2.62846284272752
"1841",12,2021,2.57043386818909,0.0998097458037489,2009,0,"Converged","weight","Male","3dar1",2.37480676641374,2.76606096996444
"1842",13,2021,2.67413967065682,0.107198207695345,2008,0,"Converged","weight","Male","3dar1",2.46403118357394,2.88424815773969
"1843",14,2021,2.76314497587242,0.112725494181173,2007,0,"Converged","weight","Male","3dar1",2.54220300727733,2.98408694446752
"1844",15,2021,2.83927055675522,0.116638664959508,2006,0,"Converged","weight","Male","3dar1",2.61065877343459,3.06788234007586
"1845",16,2021,2.90861822495108,0.119562610862877,2005,0,"Converged","weight","Male","3dar1",2.67427550765984,3.14296094224232
"1846",17,2021,2.97772843767197,0.122461301449489,2004,0,"Converged","weight","Male","3dar1",2.73770428683097,3.21775258851297
"1847",18,2021,3.0481086292295,0.125730392749184,2003,0,"Converged","weight","Male","3dar1",2.80167705944109,3.2945401990179
"1848",19,2021,3.11719260559399,0.129227805539781,2002,0,"Converged","weight","Male","3dar1",2.86390610673602,3.37047910445196
"1849",20,2021,3.18153905884465,0.132380081573929,2001,0,"Converged","weight","Male","3dar1",2.92207409895974,3.44100401872955
"1850",21,2021,3.23910723421836,0.13484289034298,2000,0,"Converged","weight","Male","3dar1",2.97481516914612,3.5033992992906
"1851",22,2021,3.28748601208635,0.136318355624724,1999,0,"Converged","weight","Male","3dar1",3.02030203506189,3.55466998911081
"1852",23,2021,3.32627991866701,0.137028807123625,1998,0,"Converged","weight","Male","3dar1",3.05770345670471,3.59485638062931
"1853",24,2021,3.35359994124847,0.137321344492618,1997,0,"Converged","weight","Male","3dar1",3.08445010604294,3.62274977645401
"1854",25,2021,3.3721065633218,0.137655456324548,1996,0,"Converged","weight","Male","3dar1",3.10230186892568,3.64191125771791
"1855",26,2021,3.38121361534801,0.13769807192842,1995,0,"Converged","weight","Male","3dar1",3.11132539436831,3.65110183632772
"1856",27,2021,3.38410534937446,0.13757240224041,1994,0,"Converged","weight","Male","3dar1",3.11446344098325,3.65374725776566
"1857",28,2021,3.38094913145718,0.136085311072037,1993,0,"Converged","weight","Male","3dar1",3.11422192175599,3.64767634115837
"1858",29,2021,3.37639252309652,0.134766454293522,1992,0,"Converged","weight","Male","3dar1",3.11225027268121,3.64053477351182
"1859",30,2021,3.3684801888462,0.132775399066992,1991,0,"Converged","weight","Male","3dar1",3.10824040667489,3.6287199710175
"1860",31,2021,3.35608944912372,0.131182391635111,1990,0,"Converged","weight","Male","3dar1",3.0989719615189,3.61320693672854
"1861",2,2022,1.11611311007125,0.0334845321890548,2020,0,"Converged","weight","Male","3dar1",1.0504834269807,1.18174279316179
"1862",3,2022,1.38118055640241,0.0362803315339486,2019,0,"Converged","weight","Male","3dar1",1.31007110659587,1.45229000620895
"1863",4,2022,1.5615191562275,0.0353479850248778,2018,0,"Converged","weight","Male","3dar1",1.49223710557874,1.63080120687626
"1864",5,2022,1.69737897972076,0.0343448105170977,2017,0,"Converged","weight","Male","3dar1",1.63006315110725,1.76469480833427
"1865",6,2022,1.80497731168805,0.0359135270964573,2016,0,"Converged","weight","Male","3dar1",1.734586798579,1.87536782479711
"1866",7,2022,1.89840100224853,0.0419517100713525,2015,0,"Converged","weight","Male","3dar1",1.81617565050868,1.98062635398838
"1867",8,2022,1.99838259763153,0.0509274980312543,2014,0,"Converged","weight","Male","3dar1",1.89856470149027,2.09820049377279
"1868",9,2022,2.09942604360583,0.0637560929925,2013,0,"Converged","weight","Male","3dar1",1.97446410134053,2.22438798587113
"1869",10,2022,2.20931450542225,0.078248466430617,2012,0,"Converged","weight","Male","3dar1",2.05594751121824,2.36268149962626
"1870",11,2022,2.32647708765032,0.0916441278196848,2011,0,"Converged","weight","Male","3dar1",2.14685459712373,2.5060995781769
"1871",12,2022,2.44155165949082,0.102607897613178,2010,0,"Converged","weight","Male","3dar1",2.240440180169,2.64266313881265
"1872",13,2022,2.5462756654441,0.110601047477688,2009,0,"Converged","weight","Male","3dar1",2.32949761238784,2.76305371850037
"1873",14,2022,2.63938238965766,0.116769742733802,2008,0,"Converged","weight","Male","3dar1",2.41051369389941,2.86825108541591
"1874",15,2022,2.72200133558789,0.121915387429774,2007,0,"Converged","weight","Male","3dar1",2.48304717622553,2.96095549495024
"1875",16,2022,2.79923782107909,0.126681633601596,2006,0,"Converged","weight","Male","3dar1",2.55094181921996,3.04753382293822
"1876",17,2022,2.87634322672741,0.131687047843297,2005,0,"Converged","weight","Male","3dar1",2.61823661295455,3.13444984050027
"1877",18,2022,2.95444507814588,0.136348141626428,2004,0,"Converged","weight","Male","3dar1",2.68720272055808,3.22168743573368
"1878",19,2022,3.03087142047434,0.140267727591312,2003,0,"Converged","weight","Male","3dar1",2.75594667439537,3.30579616655331
"1879",20,2022,3.10216330503662,0.142756350641541,2002,0,"Converged","weight","Male","3dar1",2.8223608577792,3.38196575229404
"1880",21,2022,3.16580912391911,0.143504803455134,2001,0,"Converged","weight","Male","3dar1",2.88453970914704,3.44707853869117
"1881",22,2022,3.21842332512912,0.142564815641129,2000,0,"Converged","weight","Male","3dar1",2.9389962864725,3.49785036378573
"1882",23,2022,3.25936714988238,0.139457527096731,1999,0,"Converged","weight","Male","3dar1",2.98603039677279,3.53270390299197
"1883",24,2022,3.28565039329434,0.135086353978782,1998,0,"Converged","weight","Male","3dar1",3.02088113949593,3.55041964709275
"1884",25,2022,3.2986830146091,0.129743246297066,1997,0,"Converged","weight","Male","3dar1",3.04438625186686,3.55297977735135
"1885",26,2022,3.29806216313669,0.122725474737371,1996,0,"Converged","weight","Male","3dar1",3.05752023265145,3.53860409362194
"1886",27,2022,3.2866173592979,0.1135851450013,1995,0,"Converged","weight","Male","3dar1",3.06399047509536,3.50924424350045
"1887",28,2022,3.26672608839366,0.101625495502321,1994,0,"Converged","weight","Male","3dar1",3.06754011720911,3.46591205957821
"1888",29,2022,3.24527165149176,0.0914299342623446,1993,0,"Converged","weight","Male","3dar1",3.06606898033757,3.42447432264596
"1889",30,2022,3.22277664560924,0.0783582380686467,1992,0,"Converged","weight","Male","3dar1",3.06919449899469,3.37635879222379
"1890",31,2022,3.20166789219397,0.0553706856295893,1991,0,"Converged","weight","Male","3dar1",3.09314134835997,3.31019443602796
"1891",2,2023,1.12884495500152,0.0383413871762774,2021,0,"Converged","weight","Male","3dar1",1.05369583613602,1.20399407386702
"1892",3,2023,1.41788621209896,0.0521797610184578,2020,0,"Converged","weight","Male","3dar1",1.31561388050278,1.52015854369514
"1893",4,2023,1.61810101361258,0.0634272118273442,2019,0,"Converged","weight","Male","3dar1",1.49378367843099,1.74241834879418
"1894",5,2023,1.76214382376457,0.0718221092420395,2018,0,"Converged","weight","Male","3dar1",1.62137248965017,1.90291515787897
"1895",6,2023,1.86810806418519,0.0787866030155873,2017,0,"Converged","weight","Male","3dar1",1.71368632227464,2.02252980609574
"1896",7,2023,1.95217619224245,0.0858036051277257,2016,0,"Converged","weight","Male","3dar1",1.78400112619211,2.12035125829279
"1897",8,2023,2.03451431879151,0.0933153905727303,2015,0,"Converged","weight","Male","3dar1",1.85161615326895,2.21741248431406
"1898",9,2023,2.11449540746692,0.102145849955737,2014,0,"Converged","weight","Male","3dar1",1.91428954155367,2.31470127338016
"1899",10,2023,2.20012328847776,0.112211290890974,2013,0,"Converged","weight","Male","3dar1",1.98018915833145,2.42005741862407
"1900",11,2023,2.29186096780722,0.122419822143691,2012,0,"Converged","weight","Male","3dar1",2.05191811640559,2.53180381920886
"1901",12,2023,2.38390376047225,0.131676020580234,2011,0,"Converged","weight","Male","3dar1",2.12581876013499,2.64198876080951
"1902",13,2023,2.47065077746663,0.139266276096204,2010,0,"Converged","weight","Male","3dar1",2.19768887631807,2.74361267861519
"1903",14,2023,2.55104806125121,0.145602869608305,2009,0,"Converged","weight","Male","3dar1",2.26566643681893,2.83642968568349
"1904",15,2023,2.62555859090423,0.151100663578112,2008,0,"Converged","weight","Male","3dar1",2.32940129029113,2.92171589151733
"1905",16,2023,2.69746549523568,0.156277410089392,2007,0,"Converged","weight","Male","3dar1",2.39116177146047,3.00376921901089
"1906",17,2023,2.77034097953326,0.161661950429309,2006,0,"Converged","weight","Male","3dar1",2.45348355669181,3.0871984023747
"1907",18,2023,2.84499406378656,0.167039235135906,2005,0,"Converged","weight","Male","3dar1",2.51759716292019,3.17239096465294
"1908",19,2023,2.91951178439698,0.172117449840116,2004,0,"Converged","weight","Male","3dar1",2.58216158271035,3.25686198608361
"1909",20,2023,2.99125893659012,0.17639394977787,2003,0,"Converged","weight","Male","3dar1",2.6455267950255,3.33699107815475
"1910",21,2023,3.05810794350867,0.179568900337113,2002,0,"Converged","weight","Male","3dar1",2.70615289884793,3.41006298816941
"1911",22,2023,3.11718273528041,0.181508453472219,2001,0,"Converged","weight","Male","3dar1",2.76142616647486,3.47293930408596
"1912",23,2023,3.16745053913533,0.181910590113853,2000,0,"Converged","weight","Male","3dar1",2.81090578251217,3.52399529575848
"1913",24,2023,3.2061725853079,0.181098424122606,1999,0,"Converged","weight","Male","3dar1",2.8512196740276,3.56112549658821
"1914",25,2023,3.23371467288045,0.179276301550916,1998,0,"Converged","weight","Male","3dar1",2.88233312184066,3.58509622392025
"1915",26,2023,3.2492574793709,0.176125290660678,1997,0,"Converged","weight","Male","3dar1",2.90405190967598,3.59446304906583
"1916",27,2023,3.25441135035498,0.171582879872349,1996,0,"Converged","weight","Male","3dar1",2.91810890580518,3.59071379490479
"1917",28,2023,3.25068167892417,0.165609855492754,1995,0,"Converged","weight","Male","3dar1",2.92608636215837,3.57527699568997
"1918",29,2023,3.24312643354417,0.160437045483386,1994,0,"Converged","weight","Male","3dar1",2.92866982439674,3.55758304269161
"1919",30,2023,3.23244544421375,0.154689651737101,1993,0,"Converged","weight","Male","3dar1",2.92925372680903,3.53563716161847
"1920",31,2023,3.22076068435695,0.147269675303733,1992,0,"Converged","weight","Male","3dar1",2.93211212076163,3.50940924795226
"1921",2,2024,1.13847214187661,0.0413379390424706,2022,0,"Converged","weight","Male","3dar1",1.05744978135337,1.21949450239986
"1922",3,2024,1.44677079236965,0.0613327115990173,2021,0,"Converged","weight","Male","3dar1",1.32655867763558,1.56698290710372
"1923",4,2024,1.66458869853116,0.079176712911651,2020,0,"Converged","weight","Male","3dar1",1.50940234122432,1.819775055838
"1924",5,2024,1.81785110067581,0.0926824908607674,2019,0,"Converged","weight","Male","3dar1",1.6361934185887,1.99950878276291
"1925",6,2024,1.92522340411511,0.10308693618189,2018,0,"Converged","weight","Male","3dar1",1.7231730091986,2.12727379903161
"1926",7,2024,2.00408635748296,0.111839895183274,2017,0,"Converged","weight","Male","3dar1",1.78488016292374,2.22329255204218
"1927",8,2024,2.07407146646783,0.119716541186314,2016,0,"Converged","weight","Male","3dar1",1.83942704574265,2.308715887193
"1928",9,2024,2.13822935417309,0.127589711146064,2015,0,"Converged","weight","Male","3dar1",1.8881535203268,2.38830518801937
"1929",10,2024,2.20486835675805,0.135911727499125,2014,0,"Converged","weight","Male","3dar1",1.93848137085977,2.47125534265634
"1930",11,2024,2.27603546045049,0.144439119896333,2013,0,"Converged","weight","Male","3dar1",1.99293478545367,2.5591361354473
"1931",12,2024,2.34856424909817,0.152546872411419,2012,0,"Converged","weight","Male","3dar1",2.04957237917179,2.64755611902455
"1932",13,2024,2.41888422698836,0.159656512577206,2011,0,"Converged","weight","Male","3dar1",2.10595746233703,2.73181099163968
"1933",14,2024,2.4863100527901,0.165902351534291,2010,0,"Converged","weight","Male","3dar1",2.16114144378289,2.81147866179731
"1934",15,2024,2.55106167095099,0.17151745106745,2009,0,"Converged","weight","Male","3dar1",2.21488746685879,2.88723587504319
"1935",16,2024,2.61532670153143,0.176919445360449,2008,0,"Converged","weight","Male","3dar1",2.26856458862495,2.96208881443791
"1936",17,2024,2.68158483789818,0.182564632242308,2007,0,"Converged","weight","Male","3dar1",2.32375815870326,3.0394115170931
"1937",18,2024,2.75043152501148,0.188408602928426,2006,0,"Converged","weight","Male","3dar1",2.38115066327176,3.11971238675119
"1938",19,2024,2.8204951801518,0.19423740824946,2005,0,"Converged","weight","Male","3dar1",2.43978985998286,3.20120050032074
"1939",20,2024,2.88977147219175,0.199662975401411,2004,0,"Converged","weight","Male","3dar1",2.49843204040498,3.28111090397851
"1940",21,2024,2.95649291656959,0.204404606406779,2003,0,"Converged","weight","Male","3dar1",2.55585988801231,3.35712594512688
"1941",22,2024,3.01825512840661,0.20824248789886,2002,0,"Converged","weight","Male","3dar1",2.61009985212485,3.42641040468838
"1942",23,2024,3.07386655556189,0.210926704217607,2001,0,"Converged","weight","Male","3dar1",2.66045021529538,3.4872828958284
"1943",24,2024,3.12087361520955,0.212498441339168,2000,0,"Converged","weight","Male","3dar1",2.70437667018478,3.53737056023432
"1944",25,2024,3.15898155938056,0.213071610058779,1999,0,"Converged","weight","Male","3dar1",2.74136120366535,3.57660191509577
"1945",26,2024,3.18710098598864,0.212421035610232,1998,0,"Converged","weight","Male","3dar1",2.77075575619259,3.60344621578469
"1946",27,2024,3.20593785032936,0.210546651832049,1997,0,"Converged","weight","Male","3dar1",2.79326641273855,3.61860928792018
"1947",28,2024,3.21627012402185,0.207485729783573,1996,0,"Converged","weight","Male","3dar1",2.80959809364605,3.62294215439765
"1948",29,2024,3.22164926887083,0.204565358995576,1995,0,"Converged","weight","Male","3dar1",2.8207011652395,3.62259737250216
"1949",30,2024,3.22269546267068,0.2012567654046,1994,0,"Converged","weight","Male","3dar1",2.82823220247766,3.6171587228637
"1950",31,2024,3.22112228804083,0.197253256816683,1993,0,"Converged","weight","Male","3dar1",2.83450590468013,3.60773867140153
"1951",2,2025,1.14573362773439,0.0432317696213285,2023,0,"Converged","weight","Male","3dar1",1.06099935927658,1.23046789619219
"1952",3,2025,1.46936362599166,0.0670382654874812,2022,0,"Converged","weight","Male","3dar1",1.3379686256362,1.60075862634712
"1953",4,2025,1.70244258461275,0.0893361768148207,2021,0,"Converged","weight","Male","3dar1",1.52734367805571,1.8775414911698
"1954",5,2025,1.86520134134754,0.106732977475183,2020,0,"Converged","weight","Male","3dar1",1.65600470549619,2.0743979771989
"1955",6,2025,1.97604112960274,0.120178672343639,2019,0,"Converged","weight","Male","3dar1",1.74049093180921,2.21159132739628
"1956",7,2025,2.0528449026753,0.130902773890107,2018,0,"Converged","weight","Male","3dar1",1.79627546585069,2.30941433949991
"1957",8,2025,2.11465600186452,0.139674376759134,2017,0,"Converged","weight","Male","3dar1",1.84089422341662,2.38841778031242
"1958",9,2025,2.16724388762807,0.147433296431645,2016,0,"Converged","weight","Male","3dar1",1.87827462662205,2.4562131486341
"1959",10,2025,2.21922977806693,0.154861717125421,2015,0,"Converged","weight","Male","3dar1",1.9157008125011,2.52275874363275
"1960",11,2025,2.27390849683527,0.162221596034795,2014,0,"Converged","weight","Male","3dar1",1.95595416860707,2.59186282506346
"1961",12,2025,2.33011497803606,0.169322398116111,2013,0,"Converged","weight","Male","3dar1",1.99824307772849,2.66198687834364
"1962",13,2025,2.3858589947794,0.175814580614707,2012,0,"Converged","weight","Male","3dar1",2.04126241677458,2.73045557278423
"1963",14,2025,2.44087960190944,0.181743611721698,2011,0,"Converged","weight","Male","3dar1",2.08466212293491,2.79709708088396
"1964",15,2025,2.49538355763357,0.187251757109831,2010,0,"Converged","weight","Male","3dar1",2.1283701136983,2.86239700156884
"1965",16,2025,2.55091625451814,0.192667804849171,2009,0,"Converged","weight","Male","3dar1",2.17328735701377,2.92854515202252
"1966",17,2025,2.60925872895736,0.198377736756276,2008,0,"Converged","weight","Male","3dar1",2.22043836491506,2.99807909299965
"1967",18,2025,2.6708793514668,0.20442703422614,2007,0,"Converged","weight","Male","3dar1",2.27020236438356,3.07155633855003
"1968",19,2025,2.73480830377047,0.210671073756223,2006,0,"Converged","weight","Male","3dar1",2.32189299920827,3.14772360833267
"1969",20,2025,2.79953400558118,0.216812865801497,2005,0,"Converged","weight","Male","3dar1",2.37458078861024,3.22448722255211
"1970",21,2025,2.86361853532182,0.222602830913143,2004,0,"Converged","weight","Male","3dar1",2.42731698673206,3.29992008391158
"1971",22,2025,2.92508514345642,0.227790628744071,2003,0,"Converged","weight","Male","3dar1",2.47861551111804,3.3715547757948
"1972",23,2025,2.98273645353788,0.232147810073795,2002,0,"Converged","weight","Male","3dar1",2.52772674579325,3.43774616128252
"1973",24,2025,3.03442350017986,0.23556576354768,2001,0,"Converged","weight","Male","3dar1",2.57271460362641,3.49613239673331
"1974",25,2025,3.07947545689976,0.238079023070188,2000,0,"Converged","weight","Male","3dar1",2.61284057168219,3.54611034211733
"1975",26,2025,3.11666737487236,0.23948209866591,1999,0,"Converged","weight","Male","3dar1",2.64728246148718,3.58605228825755
"1976",27,2025,3.1460760034153,0.23976830195732,1998,0,"Converged","weight","Male","3dar1",2.67613013157896,3.61602187525165
"1977",28,2025,3.16791935892522,0.238960843305055,1997,0,"Converged","weight","Male","3dar1",2.69955610604731,3.63628261180312
"1978",29,2025,3.18455438435847,0.237907301307738,1996,0,"Converged","weight","Male","3dar1",2.7182560737953,3.65085269492164
"1979",30,2025,3.1963972195423,0.236406912386038,1995,0,"Converged","weight","Male","3dar1",2.73303967126566,3.65975476781893
"1980",31,2025,3.20472036981392,0.234436800052704,1994,0,"Converged","weight","Male","3dar1",2.74522424171062,3.66421649791722
"1981",2,1960,1.29406436231449,0.0537255620202441,1958,0,"Converged","weight","female","3dar1",1.18876226075481,1.39936646387417
"1982",3,1960,1.70712774786487,0.082254908035895,1957,0,"Converged","weight","female","3dar1",1.54590812811451,1.86834736761522
"1983",4,1960,2.10736126999826,0.111401722782579,1956,0,"Converged","weight","female","3dar1",1.88901389334441,2.32570864665212
"1984",5,1960,2.48087770201277,0.137983995800521,1955,0,"Converged","weight","female","3dar1",2.21042907024375,2.7513263337818
"1985",6,1960,2.82007327044467,0.161737458530396,1954,0,"Converged","weight","female","3dar1",2.50306785172509,3.13707868916424
"1986",7,1960,3.1218785358422,0.183323246998157,1953,0,"Converged","weight","female","3dar1",2.76256497172581,3.48119209995859
"1987",8,1960,3.38626487638162,0.203513796734204,1952,0,"Converged","weight","female","3dar1",2.98737783478258,3.78515191798065
"1988",9,1960,3.61509196166409,0.222859834067278,1951,0,"Converged","weight","female","3dar1",3.17828668689222,4.05189723643595
"1989",10,1960,3.81127488894658,0.241618276073477,1950,0,"Converged","weight","female","3dar1",3.33770306784257,4.2848467100506
"1990",11,1960,3.97821297625261,0.259810075610594,1949,0,"Converged","weight","female","3dar1",3.46898522805585,4.48744072444937
"1991",12,1960,4.11941725691898,0.277317979380697,1948,0,"Converged","weight","female","3dar1",3.57587401733281,4.66296049650514
"1992",13,1960,4.2382814154027,0.293973816267823,1947,0,"Converged","weight","female","3dar1",3.66209273551777,4.81447009528763
"1993",14,1960,4.33795220690303,0.309617216512383,1946,0,"Converged","weight","female","3dar1",3.73110246253876,4.9448019512673
"1994",15,1960,4.4212663823458,0.324126399962692,1945,0,"Converged","weight","female","3dar1",3.78597863841893,5.05655412627268
"1995",16,1960,4.49073036240902,0.33742872030623,1944,0,"Converged","weight","female","3dar1",3.82937007060881,5.15209065420923
"1996",17,1960,4.54852608707577,0.349499119697097,1943,0,"Converged","weight","female","3dar1",3.86350781246947,5.23354436168208
"1997",18,1960,4.59653180343937,0.360352672867191,1942,0,"Converged","weight","female","3dar1",3.89024056461967,5.30282304225906
"1998",19,1960,4.63635038830751,0.370035149960342,1941,0,"Converged","weight","female","3dar1",3.91108149438524,5.36161928222978
"1999",20,1960,4.66934048488327,0.378613775000832,1940,0,"Converged","weight","female","3dar1",3.92725748588164,5.41142348388491
"2000",21,1960,4.69664756739294,0.386169203802937,1939,0,"Converged","weight","female","3dar1",3.93975592793918,5.4535392068467
"2001",22,1960,4.71923327454225,0.392789066319419,1938,0,"Converged","weight","female","3dar1",3.94936670455619,5.48909984452831
"2002",23,1960,4.73790215397515,0.398563057853868,1937,0,"Converged","weight","female","3dar1",3.95671856058157,5.51908574736874
"2003",24,1960,4.75332546852694,0.40357939673276,1936,0,"Converged","weight","female","3dar1",3.96230985093073,5.54434108612315
"2004",25,1960,4.76606202603191,0.407922408515342,1935,0,"Converged","weight","female","3dar1",3.96653410534183,5.56558994672198
"2005",26,1960,4.77657617436299,0.411670996183375,1934,0,"Converged","weight","female","3dar1",3.96970102184357,5.5834513268824
"2006",27,1960,4.78525319818235,0.414897781387488,1933,0,"Converged","weight","female","3dar1",3.97205354666287,5.59845284970183
"2007",28,1960,4.79241239478685,0.417668736831341,1932,0,"Converged","weight","female","3dar1",3.97378167059742,5.61104311897628
"2008",29,1960,4.798318114352,0.420043165519807,1931,0,"Converged","weight","female","3dar1",3.97503350993317,5.62160271877082
"2009",30,1960,4.80318903859863,0.422073914823143,1930,0,"Converged","weight","female","3dar1",3.97592416554527,5.63045391165199
"2010",31,1960,4.80720595035378,0.423807740609113,1929,0,"Converged","weight","female","3dar1",3.97654277875992,5.63786912194764
"2011",2,1961,1.29411802323233,0.0583948513241915,1959,0,"Converged","weight","female","3dar1",1.17966411463691,1.40857193182775
"2012",3,1961,1.70724651754713,0.0934033436853964,1958,0,"Converged","weight","female","3dar1",1.52417596392375,1.8903170711705
"2013",4,1961,2.10754157582247,0.129775526480952,1957,0,"Converged","weight","female","3dar1",1.85318154391981,2.36190160772514
"2014",5,1961,2.48110551924447,0.163643029672329,1956,0,"Converged","weight","female","3dar1",2.16036518108671,2.80184585740224
"2015",6,1961,2.82032991394082,0.194102519764898,1955,0,"Converged","weight","female","3dar1",2.43988897520162,3.20077085268002
"2016",7,1961,3.12214537339138,0.221384612585489,1954,0,"Converged","weight","female","3dar1",2.68823153272382,3.55605921405894
"2017",8,1961,3.38652623164913,0.246074232325739,1953,0,"Converged","weight","female","3dar1",2.90422073629068,3.86883172700757
"2018",9,1961,3.61533636056699,0.268736856815836,1952,0,"Converged","weight","female","3dar1",3.08861212120795,4.14206059992603
"2019",10,1961,3.81149513632597,0.289774296392491,1951,0,"Converged","weight","female","3dar1",3.24353751539669,4.37945275725525
"2020",11,1961,3.97840556777413,0.309410270485845,1950,0,"Converged","weight","female","3dar1",3.37196143762187,4.58484969792639
"2021",12,1961,4.11958151789642,0.327734512367952,1949,0,"Converged","weight","female","3dar1",3.47722187365523,4.7619411621376
"2022",13,1961,4.2384186193376,0.344759977454634,1948,0,"Converged","weight","female","3dar1",3.56268906352652,4.91414817514868
"2023",14,1961,4.33806480921268,0.360470535396662,1947,0,"Converged","weight","female","3dar1",3.63154255983522,5.04458705859014
"2024",15,1961,4.42135742239394,0.374852248642404,1946,0,"Converged","weight","female","3dar1",3.68664701505483,5.15606782973305
"2025",16,1961,4.49080303700262,0.387909579407027,1945,0,"Converged","weight","female","3dar1",3.73050026136485,5.2511058126404
"2026",17,1961,4.54858347302468,0.399670766882488,1944,0,"Converged","weight","female","3dar1",3.76522876993501,5.33193817611436
"2027",18,1961,4.59657669722855,0.410186679303814,1943,0,"Converged","weight","female","3dar1",3.79261080579308,5.40054258866403
"2028",19,1961,4.63638523067192,0.419526440115316,1942,0,"Converged","weight","female","3dar1",3.8141134080459,5.45865705329794
"2029",20,1961,4.66936734239403,0.427771982760553,1941,0,"Converged","weight","female","3dar1",3.83093425618335,5.50780042860472
"2030",21,1961,4.6966681491086,0.435012764343719,1940,0,"Converged","weight","female","3dar1",3.84404313099491,5.54929316722229
"2031",22,1961,4.71924896769309,0.441341233607201,1939,0,"Converged","weight","female","3dar1",3.85422014982297,5.5842777855632
"2032",23,1961,4.73791406774042,0.446849258803796,1938,0,"Converged","weight","female","3dar1",3.86208952048498,5.61373861499586
"2033",24,1961,4.75333447896673,0.451625505537567,1937,0,"Converged","weight","female","3dar1",3.8681484881131,5.63852046982036
"2034",25,1961,4.76606881816703,0.455753651016006,1936,0,"Converged","weight","female","3dar1",3.87279166217565,5.6593459741584
"2035",26,1961,4.77658127941227,0.45931128364849,1935,0,"Converged","weight","female","3dar1",3.87633116346124,5.67683139536331
"2036",27,1961,4.78525702526512,0.462369335313067,1934,0,"Converged","weight","female","3dar1",3.87901312805151,5.69150092247873
"2037",28,1961,4.79241525717071,0.464991909303121,1933,0,"Converged","weight","female","3dar1",3.88103111493659,5.70379939940483
"2038",29,1961,4.7983202507365,0.467236389220233,1932,0,"Converged","weight","female","3dar1",3.88253692786484,5.71410357360816
"2039",30,1961,4.80319063010125,0.469153737121835,1931,0,"Converged","weight","female","3dar1",3.88364930534245,5.72273195486004
"2040",31,1961,4.80720713389916,0.470788910255777,1930,0,"Converged","weight","female","3dar1",3.88446086979783,5.72995339800048
"2041",2,1962,1.29417197422796,0.0594402671086746,1960,0,"Converged","weight","female","3dar1",1.17766905069496,1.41067489776096
"2042",3,1962,1.70737140166593,0.0968375846620814,1959,0,"Converged","weight","female","3dar1",1.51756973572825,1.89717306760361
"2043",4,1962,2.10774094385133,0.136880732082778,1958,0,"Converged","weight","female","3dar1",1.83945470896908,2.37602717873357
"2044",5,1962,2.48137108837305,0.175386520777308,1957,0,"Converged","weight","female","3dar1",2.13761350764953,2.82512866909657
"2045",6,1962,2.82064561409491,0.210931822778525,1956,0,"Converged","weight","female","3dar1",2.40721924144901,3.23407198674082
"2046",7,1962,3.12249177470275,0.243211398279334,1955,0,"Converged","weight","female","3dar1",2.64579743407526,3.59918611533025
"2047",8,1962,3.38688415450595,0.272396381133004,1954,0,"Converged","weight","female","3dar1",2.85298724748526,3.92078106152664
"2048",9,1962,3.61568923643092,0.298815800966324,1953,0,"Converged","weight","female","3dar1",3.03001026653693,4.20136820632492
"2049",10,1962,3.81183017280583,0.322800458827574,1952,0,"Converged","weight","female","3dar1",3.17914127350378,4.44451907210787
"2050",11,1962,3.97871399600304,0.344621335053087,1951,0,"Converged","weight","female","3dar1",3.30325617929899,4.65417181270709
"2051",12,1962,4.11985824958655,0.364480113151437,1950,0,"Converged","weight","female","3dar1",3.40547722780973,4.83423927136336
"2052",13,1962,4.2386615981441,0.382523356360144,1949,0,"Converged","weight","female","3dar1",3.48891581967822,4.98840737660999
"2053",14,1962,4.33827426472837,0.398862970182227,1948,0,"Converged","weight","female","3dar1",3.5565028431712,5.12004568628553
"2054",15,1962,4.42153515848778,0.413594148146953,1947,0,"Converged","weight","female","3dar1",3.61089062811976,5.23217968885581
"2055",16,1962,4.49095182414363,0.42680768438934,1946,0,"Converged","weight","female","3dar1",3.65440876274053,5.32749488554674
"2056",17,1962,4.54870657045174,0.438596658614871,1945,0,"Converged","weight","female","3dar1",3.68905711956659,5.40835602133688
"2057",18,1962,4.5966775035651,0.449058800666923,1944,0,"Converged","weight","female","3dar1",3.71652225425793,5.47683275287227
"2058",19,1962,4.63646704702523,0.458296088748781,1943,0,"Converged","weight","female","3dar1",3.73820671307762,5.53472738097284
"2059",20,1962,4.66943322612838,0.466412897403756,1942,0,"Converged","weight","female","3dar1",3.75526394721702,5.58360250503974
"2060",21,1962,4.69672083598772,0.473513630222679,1941,0,"Converged","weight","female","3dar1",3.76863412075127,5.62480755122417
"2061",22,1962,4.71929084246981,0.479700414540986,1940,0,"Converged","weight","female","3dar1",3.77907802996947,5.65950365497014
"2062",23,1962,4.73794716686577,0.485071160953225,1939,0,"Converged","weight","female","3dar1",3.78720769139744,5.68868664233409
"2063",24,1962,4.75336051288192,0.489718105147497,1938,0,"Converged","weight","female","3dar1",3.79351302679283,5.71320799897102
"2064",25,1962,4.76608920408215,0.493726837571891,1937,0,"Converged","weight","female","3dar1",3.79838460244125,5.73379380572306
"2065",26,1962,4.77659717832732,0.4971757671593,1936,0,"Converged","weight","female","3dar1",3.80213267469509,5.75106168195954
"2066",27,1962,4.78526937920213,0.50013594043224,1935,0,"Converged","weight","female","3dar1",3.80500293595494,5.76553582244932
"2067",28,1962,4.79242482421229,0.502671132907767,1934,0,"Converged","weight","female","3dar1",3.80718940371306,5.77766024471151
"2068",29,1962,4.79832763660214,0.504838136289364,1933,0,"Converged","weight","female","3dar1",3.80884488947498,5.78781038372929
"2069",30,1962,4.80319631574789,0.506687176395732,1932,0,"Converged","weight","female","3dar1",3.81008945001226,5.79630318148353
"2070",31,1962,4.80721149910497,0.508262409544351,1931,0,"Converged","weight","female","3dar1",3.81101717639804,5.8034058218119
"2071",2,1963,1.29423369954075,0.0596825050455841,1961,0,"Converged","weight","female","3dar1",1.1772559896514,1.41121140943009
"2072",3,1963,1.70751483721203,0.0979298551288953,1960,0,"Converged","weight","female","3dar1",1.5155723211594,1.89945735326467
"2073",4,1963,2.10797295295215,0.1396892333147,1959,0,"Converged","weight","female","3dar1",1.83418205565534,2.38176385024896
"2074",5,1963,2.48168635900099,0.180866666050905,1958,0,"Converged","weight","female","3dar1",2.12718769354121,2.83618502446076
"2075",6,1963,2.82102984309385,0.219893587823011,1957,0,"Converged","weight","female","3dar1",2.39003841096074,3.25202127522695
"2076",7,1963,3.1229255465987,0.256147747305511,1956,0,"Converged","weight","female","3dar1",2.6208759618799,3.6249751313175
"2077",8,1963,3.38734649051257,0.289426095186547,1955,0,"Converged","weight","female","3dar1",2.82007134394694,3.9546216370782
"2078",9,1963,3.61616029650642,0.319727241001333,1954,0,"Converged","weight","female","3dar1",2.9894949041438,4.24282568886903
"2079",10,1963,3.81229297619643,0.347151788753846,1953,0,"Converged","weight","female","3dar1",3.1318754702389,4.49271048215397
"2080",11,1963,3.97915525882234,0.371852425015195,1952,0,"Converged","weight","female","3dar1",3.25032450579255,4.70798601185212
"2081",12,1963,4.12026854508673,0.394006707056751,1951,0,"Converged","weight","female","3dar1",3.34801539925549,4.89252169091796
"2082",13,1963,4.23903506641088,0.413801489202946,1950,0,"Converged","weight","female","3dar1",3.4279841475731,5.05008598524865
"2083",14,1963,4.33860807148025,0.431424049609148,1949,0,"Converged","weight","female","3dar1",3.49301693424632,5.18419920871418
"2084",15,1963,4.42182885572723,0.447057261266968,1948,0,"Converged","weight","female","3dar1",3.54559662364397,5.29806108781049
"2085",16,1963,4.49120671623686,0.460877122188463,1947,0,"Converged","weight","female","3dar1",3.58788755674747,5.39452587572624
"2086",17,1963,4.54892514690311,0.473051538046697,1946,0,"Converged","weight","female","3dar1",3.62174413233159,5.47610616147464
"2087",18,1963,4.59686296762437,0.483739683037066,1945,0,"Converged","weight","female","3dar1",3.64873318887172,5.54499274637702
"2088",19,1963,4.63662294730114,0.493091586170378,1944,0,"Converged","weight","female","3dar1",3.6701634384072,5.60308245619508
"2089",20,1963,4.66956318496688,0.501247802367789,1943,0,"Converged","weight","female","3dar1",3.68711749232601,5.65200887760775
"2090",21,1963,4.69682836139161,0.5083391452778,1942,0,"Converged","weight","female","3dar1",3.70048363664712,5.6931730861361
"2091",22,1963,4.71937920776848,0.514486507755452,1941,0,"Converged","weight","female","3dar1",3.7109856525678,5.72777276296917
"2092",23,1963,4.73801934252071,0.51980080362599,1940,0,"Converged","weight","female","3dar1",3.71920976741377,5.75682891762765
"2093",24,1963,4.75341913649236,0.524383052309239,1939,0,"Converged","weight","female","3dar1",3.72562835396626,5.78120991901847
"2094",25,1963,4.76613657698078,0.528324610222202,1938,0,"Converged","weight","female","3dar1",3.73062034094526,5.80165281301629
"2095",26,1963,4.77663527959074,0.531707537188242,1937,0,"Converged","weight","female","3dar1",3.73448850670178,5.81878205247969
"2096",27,1963,4.78529989014194,0.534605075374405,1936,0,"Converged","weight","female","3dar1",3.73747394240811,5.83312583787578
"2097",28,1963,4.79244915831921,0.53708221288764,1935,0,"Converged","weight","female","3dar1",3.73976802105943,5.84513029557898
"2098",29,1963,4.79834697144893,0.539196303142756,1934,0,"Converged","weight","female","3dar1",3.74152221728913,5.85517172560874
"2099",30,1963,4.80321162453677,0.540997713130033,1933,0,"Converged","weight","female","3dar1",3.7428561068019,5.86356714227164
"2100",31,1963,4.80722358042043,0.542530477487591,1932,0,"Converged","weight","female","3dar1",3.74386384454475,5.87058331629611
"2101",2,1964,1.29430842370143,0.0597375003571574,1962,0,"Converged","weight","female","3dar1",1.1772229230014,1.41139392440146
"2102",3,1964,1.70768798049367,0.0982748480582122,1961,0,"Converged","weight","female","3dar1",1.51506927829958,1.90030668268777
"2103",4,1964,2.10825345460214,0.140770753019255,1960,0,"Converged","weight","female","3dar1",1.8323427786844,2.38416413051988
"2104",5,1964,2.48206980783844,0.183332345647043,1959,0,"Converged","weight","female","3dar1",2.12273841037024,2.84140120530665
"2105",6,1964,2.82150187389638,0.224479360363455,1958,0,"Converged","weight","female","3dar1",2.38152232758401,3.26148142020875
"2106",7,1964,3.1234657457674,0.263524047092742,1957,0,"Converged","weight","female","3dar1",2.60695861346563,3.63997287806918
"2107",8,1964,3.38793195090263,0.300070995357418,1956,0,"Converged","weight","female","3dar1",2.79979280000209,3.97607110180317
"2108",9,1964,3.61676841220951,0.333864011404867,1955,0,"Converged","weight","female","3dar1",2.96239494985597,4.27114187456305
"2109",10,1964,3.81290336508568,0.364752175206086,1954,0,"Converged","weight","female","3dar1",3.09798910168175,4.52781762848961
"2110",11,1964,3.97975087658908,0.392685141420937,1953,0,"Converged","weight","female","3dar1",3.21008799940404,4.74941375377411
"2111",12,1964,4.12083614162949,0.417705638110576,1952,0,"Converged","weight","female","3dar1",3.30213309093276,4.93953919232622
"2112",13,1964,4.23956516242201,0.43993334927158,1951,0,"Converged","weight","female","3dar1",3.37729579784971,5.1018345269943
"2113",14,1964,4.33909462354369,0.45954370624547,1950,0,"Converged","weight","female","3dar1",3.43838895930257,5.23980028778481
"2114",15,1964,4.42226875011245,0.476746399969988,1949,0,"Converged","weight","female","3dar1",3.48784580617127,5.35669169405363
"2115",16,1964,4.49159919716512,0.491766882167319,1948,0,"Converged","weight","female","3dar1",3.52773610811717,5.45546228621307
"2116",17,1964,4.54927125188837,0.504832244499141,1947,0,"Converged","weight","female","3dar1",3.55980005267005,5.53874245110669
"2117",18,1964,4.59716501440485,0.516161518858215,1946,0,"Converged","weight","female","3dar1",3.58548843744275,5.60884159136696
"2118",19,1964,4.63688409524306,0.525959731895541,1945,0,"Converged","weight","female","3dar1",3.6060030207278,5.66776516975832
"2119",20,1964,4.66978707849618,0.534414809066535,1944,0,"Converged","weight","female","3dar1",3.62233405272577,5.71724010426659
"2120",21,1964,4.69701885308601,0.541696459451995,1943,0,"Converged","weight","female","3dar1",3.6352937925601,5.75874391361192
"2121",22,1964,4.71954015303387,0.547956330102683,1942,0,"Converged","weight","female","3dar1",3.64554574603261,5.79353456003513
"2122",23,1964,4.73815445511187,0.553328904074071,1941,0,"Converged","weight","female","3dar1",3.65362980312669,5.82267910709705
"2123",24,1964,4.75353189350602,0.557932782591296,1940,0,"Converged","weight","female","3dar1",3.65998363962708,5.84708014738496
"2124",25,1964,4.7662301625523,0.561872121740727,1939,0,"Converged","weight","female","3dar1",3.66496080394048,5.86749952116413
"2125",26,1964,4.77671255778247,0.565238086763821,1938,0,"Converged","weight","female","3dar1",3.66884590772538,5.88457920783956
"2126",27,1964,4.78536339902562,0.568110248552757,1937,0,"Converged","weight","female","3dar1",3.67186731186221,5.89885948618902
"2127",28,1964,4.79250111878004,0.570557885291337,1936,0,"Converged","weight","female","3dar1",3.67420766360901,5.91079457395106
"2128",29,1964,4.79838930563717,0.572641174652204,1935,0,"Converged","weight","female","3dar1",3.67601260331885,5.92076600795549
"2129",30,1964,4.80324598010017,0.574412274270387,1934,0,"Converged","weight","female","3dar1",3.67739792253022,5.92909403767013
"2130",31,1964,4.80725135765299,0.575916294417749,1933,0,"Converged","weight","female","3dar1",3.6784554205942,5.93604729471177
"2131",2,1965,1.29440041628362,0.059747623419339,1963,0,"Converged","weight","female","3dar1",1.17729507438171,1.41150575818552
"2132",3,1965,1.70790122685882,0.0983830916853097,1962,0,"Converged","weight","female","3dar1",1.51507036715561,1.90073208656202
"2133",4,1965,2.10859934195774,0.141173397130599,1961,0,"Converged","weight","female","3dar1",1.83189948358176,2.38529920033371
"2134",5,1965,2.4825438955123,0.184387646728658,1960,0,"Converged","weight","female","3dar1",2.12114410792413,2.84394368310047
"2135",6,1965,2.8220881269732,0.226697219072032,1959,0,"Converged","weight","female","3dar1",2.37776157759202,3.26641467635439
"2136",7,1965,3.1241411104679,0.267493672611213,1958,0,"Converged","weight","female","3dar1",2.59985351214993,3.64842870878588
"2137",8,1965,3.38867033933013,0.306359019901572,1957,0,"Converged","weight","female","3dar1",2.78820666032305,3.98913401833722
"2138",9,1965,3.61754374670753,0.342922367674589,1956,0,"Converged","weight","female","3dar1",2.94541590606533,4.28967158734972
"2139",10,1965,3.81369165376057,0.376861005180998,1955,0,"Converged","weight","female","3dar1",3.07504408360581,4.55233922391533
"2140",11,1965,3.98053144446267,0.407936629954662,1954,0,"Converged","weight","female","3dar1",3.18097564975154,4.78008723917381
"2141",12,1965,4.12159219724125,0.436021063488776,1953,0,"Converged","weight","female","3dar1",3.26699091280325,4.97619348167925
"2142",13,1965,4.24028388305035,0.46110024869514,1952,0,"Converged","weight","female","3dar1",3.33652739560788,5.14404037049282
"2143",14,1965,4.33976692066416,0.483260558760667,1951,0,"Converged","weight","female","3dar1",3.39257622549325,5.28695761583506
"2144",15,1965,4.4228888456695,0.502665522566035,1950,0,"Converged","weight","female","3dar1",3.43766442144007,5.40811326989893
"2145",16,1965,4.49216410910081,0.51953008615313,1949,0,"Converged","weight","female","3dar1",3.47388514024068,5.51044307796095
"2146",17,1965,4.54978025838816,0.534097051655325,1948,0,"Converged","weight","female","3dar1",3.50295003714372,5.5966104796326
"2147",18,1965,4.59761914229498,0.546617995789612,1947,0,"Converged","weight","female","3dar1",3.52624787054734,5.66899041404262
"2148",19,1965,4.63728565930163,0.557339294481544,1946,0,"Converged","weight","female","3dar1",3.5449006421178,5.72967067648545
"2149",20,1965,4.67013928475067,0.566492886789991,1945,0,"Converged","weight","female","3dar1",3.55981322664229,5.78046534285905
"2150",21,1965,4.69732546972354,0.574290942377629,1944,0,"Converged","weight","female","3dar1",3.57171522266339,5.8229357167837
"2151",22,1965,4.71980524648807,0.580923470518325,1943,0,"Converged","weight","female","3dar1",3.58119524427215,5.85841524870398
"2152",23,1965,4.7383821853761,0.586557975418757,1942,0,"Converged","weight","female","3dar1",3.58872855355534,5.88803581719687
"2153",24,1965,4.75372636102393,0.591340417424198,1941,0,"Converged","weight","female","3dar1",3.5946991428725,5.91275357917536
"2154",25,1965,4.7663952985532,0.595396917094846,1940,0,"Converged","weight","female","3dar1",3.5994173410473,5.9333732560591
"2155",26,1965,4.77685205020036,0.598835803513288,1939,0,"Converged","weight","female","3dar1",3.60313387531431,5.9505702250864
"2156",27,1965,4.78548064683138,0.60174974376654,1938,0,"Converged","weight","female","3dar1",3.60605114904896,5.9649101446138
"2157",28,1965,4.79259920843903,0.604217793628614,1937,0,"Converged","weight","female","3dar1",3.60833233292695,5.97686608395111
"2158",29,1965,4.79847100433338,0.606307282741225,1936,0,"Converged","weight","female","3dar1",3.61010873016058,5.98683327850619
"2159",30,1965,4.8033137412603,0.608075496459716,1935,0,"Converged","weight","female","3dar1",3.61148576819926,5.99514171432135
"2160",31,1965,4.8073073351171,0.609571146954211,1934,0,"Converged","weight","female","3dar1",3.61254788708685,6.00206678314736
"2161",2,1966,1.29451355803365,0.0597458799684219,1964,0,"Converged","weight","female","3dar1",1.17741163329554,1.41161548277176
"2162",3,1966,1.70816464565047,0.0984163134941736,1963,0,"Converged","weight","female","3dar1",1.51526867120189,1.90106062009905
"2163",4,1966,2.10902819948198,0.141316705351174,1962,0,"Converged","weight","female","3dar1",1.83204745699368,2.38600894197028
"2164",5,1966,2.48313379566751,0.18481108648417,1961,0,"Converged","weight","female","3dar1",2.12090406615854,2.84536352517648
"2165",6,1966,2.82282038903318,0.227698272284216,1960,0,"Converged","weight","female","3dar1",2.37653177535612,3.26910900271025
"2166",7,1966,3.12498846142825,0.269489130256831,1959,0,"Converged","weight","female","3dar1",2.59678976612486,3.65318715673164
"2167",8,1966,3.38960179513158,0.30983720713156,1958,0,"Converged","weight","female","3dar1",2.78232086915373,3.99688272110944
"2168",9,1966,3.61852825326739,0.348374020600804,1957,0,"Converged","weight","female","3dar1",2.93571517288982,4.30134133364497
"2169",10,1966,3.81470049757411,0.384711763846348,1956,0,"Converged","weight","female","3dar1",3.06066544043527,4.56873555471296
"2170",11,1966,3.98153963624887,0.418497738064126,1955,0,"Converged","weight","female","3dar1",3.16128406964318,4.80179520285455
"2171",12,1966,4.12257908488124,0.44946490519057,1954,0,"Converged","weight","female","3dar1",3.24162787070773,5.00353029905476
"2172",13,1966,4.24123323331482,0.477459268038323,1953,0,"Converged","weight","female","3dar1",3.3054130679597,5.17705339866993
"2173",14,1966,4.34066666530815,0.502443663597398,1952,0,"Converged","weight","female","3dar1",3.35587708465724,5.32545624595905
"2174",15,1966,4.42373063865324,0.524484784679338,1951,0,"Converged","weight","female","3dar1",3.39574046068174,5.45172081662474
"2175",16,1966,4.492942798064,0.543731240608733,1950,0,"Converged","weight","female","3dar1",3.42722956647088,5.55865602965712
"2176",17,1966,4.5504933385054,0.560388908888267,1949,0,"Converged","weight","female","3dar1",3.45213107708439,5.6488555999264
"2177",18,1966,4.59826623444722,0.574697685753648,1948,0,"Converged","weight","female","3dar1",3.47185877037007,5.72467369852438
"2178",19,1966,4.63786803592004,0.586911857319419,1947,0,"Converged","weight","female","3dar1",3.48752079557398,5.7882152762661
"2179",20,1966,4.67065945413773,0.597284933975353,1946,0,"Converged","weight","female","3dar1",3.49998098354604,5.84133792472942
"2180",21,1966,4.69778682160625,0.606058906832602,1945,0,"Converged","weight","female","3dar1",3.50991136421435,5.88566227899815
"2181",22,1966,4.7202117567195,0.613457394367021,1944,0,"Converged","weight","female","3dar1",3.51783526376014,5.92258824967886
"2182",23,1966,4.73873817505937,0.61968193472789,1943,0,"Converged","weight","female","3dar1",3.52416158299271,5.95331476712604
"2183",24,1966,4.75403630412561,0.624910645045143,1942,0,"Converged","weight","female","3dar1",3.52921143983713,5.97886116841409
"2184",25,1966,4.76666367175186,0.629298537479577,1941,0,"Converged","weight","female","3dar1",3.53323853829189,6.00008880521183
"2185",26,1966,4.77708321890027,0.63297889914539,1940,0,"Converged","weight","female","3dar1",3.53644457657531,6.01772186122524
"2186",27,1966,4.78567878171194,0.63606527436092,1939,0,"Converged","weight","female","3dar1",3.53899084396454,6.03236671945934
"2187",28,1966,4.79276822745149,0.638653712068164,1938,0,"Converged","weight","female","3dar1",3.54100695179789,6.04452950310509
"2188",29,1966,4.7986145356128,0.640825047963537,1937,0,"Converged","weight","female","3dar1",3.54259744160426,6.05463162962133
"2189",30,1966,4.80343510295005,0.642647075971644,1936,0,"Converged","weight","female","3dar1",3.54384683404563,6.06302337185448
"2190",31,1966,4.8074095285935,0.644176527447491,1935,0,"Converged","weight","female","3dar1",3.54482353479641,6.06999552239058
"2191",2,1967,1.29465150952858,0.05973954168656,1965,0,"Converged","weight","female","3dar1",1.17756200782292,1.41174101123424
"2192",3,1967,1.70848812496082,0.0984233256302603,1964,0,"Converged","weight","female","3dar1",1.51557840672551,1.90139784319613
"2193",4,1967,2.10955809917482,0.141359346619768,1963,0,"Converged","weight","female","3dar1",1.83249377980007,2.38662241854956
"2194",5,1967,2.4838666476107,0.184957017210656,1962,0,"Converged","weight","female","3dar1",2.12135089387782,2.84638240134359
"2195",6,1967,2.82373460116319,0.228098379637534,1961,0,"Converged","weight","female","3dar1",2.37666177707362,3.27080742525276
"2196",7,1967,3.126051353765,0.270398166670595,1960,0,"Converged","weight","female","3dar1",2.59607094709063,3.65603176043936
"2197",8,1967,3.39077575371685,0.311607357895557,1959,0,"Converged","weight","female","3dar1",2.78002533224156,4.00152617519214
"2198",9,1967,3.61977535281792,0.351422483377125,1958,0,"Converged","weight","female","3dar1",2.93098728539875,4.30856342023708
"2199",10,1967,3.81598555033546,0.389472814937328,1957,0,"Converged","weight","female","3dar1",3.0526188330583,4.57935226761263
"2200",11,1967,3.98283191325723,0.425372654659374,1956,0,"Converged","weight","female","3dar1",3.14910151012486,4.8165623163896
"2201",12,1967,4.12385304649271,0.458780541139594,1955,0,"Converged","weight","female","3dar1",3.22464318585911,5.02306290712631
"2202",13,1967,4.24246859132741,0.489441221360625,1954,0,"Converged","weight","female","3dar1",3.28316379746058,5.20177338519423
"2203",14,1967,4.34184803979144,0.517205347530675,1953,0,"Converged","weight","female","3dar1",3.32812555863132,5.35557052095157
"2204",15,1967,4.42484700319568,0.542030470164608,1952,0,"Converged","weight","female","3dar1",3.36246728167305,5.48722672471832
"2205",16,1967,4.49398684441976,0.563969437831037,1951,0,"Converged","weight","female","3dar1",3.38860674627092,5.59936694256859
"2206",17,1967,4.55146084188616,0.583151996263809,1950,0,"Converged","weight","female","3dar1",3.4084829292091,5.69443875456323
"2207",18,1967,4.59915546465257,0.599764051541444,1949,0,"Converged","weight","female","3dar1",3.42361792363134,5.7746930056738
"2208",19,1967,4.63867923527792,0.614027606547859,1948,0,"Converged","weight","female","3dar1",3.43518512644412,5.84217334411173
"2209",20,1967,4.67139438816549,0.626183142054978,1947,0,"Converged","weight","female","3dar1",3.44407542973773,5.89871334659325
"2210",21,1967,4.69844839979494,0.636475282078011,1946,0,"Converged","weight","female","3dar1",3.45095684692204,5.94593995266784
"2211",22,1967,4.7208037167123,0.645141940383677,1945,0,"Converged","weight","female","3dar1",3.45632551356029,5.98528191986431
"2212",23,1967,4.73926482207791,0.6524067390285,1944,0,"Converged","weight","female","3dar1",3.46054761358206,6.01798203057377
"2213",24,1967,4.75450229761248,0.658474263460075,1943,0,"Converged","weight","female","3dar1",3.46389274123073,6.04511185399423
"2214",25,1967,4.76707385205148,0.66352762098496,1942,0,"Converged","weight","female","3dar1",3.46655971492095,6.067587989182
"2215",26,1967,4.777442467897,0.667727758355332,1941,0,"Converged","weight","female","3dar1",3.46869606152055,6.08618887427345
"2216",27,1967,4.78599191240213,0.671214037028542,1940,0,"Converged","weight","female","3dar1",3.47041239982619,6.10157142497807
"2217",28,1967,4.79303989831045,0.674105636622539,1939,0,"Converged","weight","female","3dar1",3.47179285053027,6.11428694609062
"2218",29,1967,4.79884918628758,0.676503440478148,1938,0,"Converged","weight","female","3dar1",3.47290244295041,6.12479592962475
"2219",30,1967,4.80363690828138,0.678492140050521,1937,0,"Converged","weight","female","3dar1",3.47379231378236,6.1334815027804
"2220",31,1967,4.80758236828924,0.680142369709919,1936,0,"Converged","weight","female","3dar1",3.4745033236578,6.14066141292068
"2221",2,1968,1.2948176403809,0.0597297351502734,1966,0,"Converged","weight","female","3dar1",1.17774735948636,1.41188792127543
"2222",3,1968,1.70888118493262,0.0984169356255208,1965,0,"Converged","weight","female","3dar1",1.5159839911066,1.90177837875864
"2223",4,1968,2.11020717919961,0.141355731736315,1964,0,"Converged","weight","female","3dar1",1.83314994499643,2.38726441340279
"2224",5,1968,2.48477079562759,0.184973006380398,1963,0,"Converged","weight","female","3dar1",2.12222370312201,2.84731788813317
"2225",6,1968,2.8248697643765,0.228198934048068,1962,0,"Converged","weight","female","3dar1",2.37759985364229,3.27213967511071
"2226",7,1968,3.12737880218768,0.270722116261876,1961,0,"Converged","weight","female","3dar1",2.59676345431441,3.65799415006096
"2227",8,1968,3.39224976094331,0.31238010528183,1960,0,"Converged","weight","female","3dar1",2.77998475459093,4.0045147672957
"2228",9,1968,3.62134914863329,0.352950700322463,1959,0,"Converged","weight","female","3dar1",2.92956577600126,4.31313252126531
"2229",10,1968,3.81761535147987,0.392122103167665,1958,0,"Converged","weight","female","3dar1",3.04905602927124,4.58617467368849
"2230",11,1968,3.98447925772993,0.429533884900426,1957,0,"Converged","weight","female","3dar1",3.1425928433251,4.82636567213477
"2231",12,1968,4.12548582152465,0.464832478097349,1956,0,"Converged","weight","female","3dar1",3.21441416445384,5.03655747859545
"2232",13,1968,4.24406116069898,0.497716373799071,1955,0,"Converged","weight","female","3dar1",3.2685370680528,5.21958525334515
"2233",14,1968,4.34338081848411,0.527963863941662,1954,0,"Converged","weight","female","3dar1",3.30857164515846,5.37818999180977
"2234",15,1968,4.42630574433865,0.555444403413224,1953,0,"Converged","weight","female","3dar1",3.33763471364873,5.51497677502857
"2235",16,1968,4.49536182159999,0.580117523153127,1952,0,"Converged","weight","female","3dar1",3.35833147621986,5.63239216698011
"2236",17,1968,4.55274604129812,0.602023543735736,1951,0,"Converged","weight","female","3dar1",3.37277989557608,5.73271218702017
"2237",18,1968,4.60034784989833,0.621269696140494,1950,0,"Converged","weight","female","3dar1",3.38265924546296,5.81803645433369
"2238",19,1968,4.63977811200312,0.638014385421405,1949,0,"Converged","weight","female","3dar1",3.38926991657716,5.89028630742907
"2239",20,1968,4.67240087329067,0.652451518057249,1948,0,"Converged","weight","female","3dar1",3.39359589789846,5.95120584868287
"2240",21,1968,4.69936498755079,0.664796139020682,1947,0,"Converged","weight","female","3dar1",3.39636455507025,6.00236542003132
"2241",22,1968,4.72163392795616,0.675272097799013,1946,0,"Converged","weight","female","3dar1",3.39810061627009,6.04516723964222
"2242",23,1968,4.74001292197132,0.684102067676179,1945,0,"Converged","weight","female","3dar1",3.39917286932601,6.08085297461663
"2243",24,1968,4.75517306781163,0.691499958821992,1944,0,"Converged","weight","female","3dar1",3.39983314852052,6.11051298710273
"2244",25,1968,4.76767240580085,0.697665573401185,1943,0,"Converged","weight","female","3dar1",3.40024788193453,6.13509692966717
"2245",26,1968,4.77797409897471,0.702781232326947,1942,0,"Converged","weight","female","3dar1",3.40052288361389,6.15542531433552
"2246",27,1968,4.7864619712433,0.707010042654322,1941,0,"Converged","weight","female","3dar1",3.40072228764083,6.17220165484577
"2247",28,1968,4.79345369058349,0.710495457807955,1940,0,"Converged","weight","female","3dar1",3.4008825932799,6.18602478788709
"2248",29,1968,4.79921189063501,0.713361797323052,1939,0,"Converged","weight","female","3dar1",3.40102276788182,6.19740101338819
"2249",30,1968,4.8039535108868,0.71571542766688,1938,0,"Converged","weight","female","3dar1",3.40115127265971,6.20675574911388
"2250",31,1968,4.80785761247965,0.717646351911325,1937,0,"Converged","weight","female","3dar1",3.40127076273346,6.21444446222585
"2251",2,1969,1.29501479061079,0.0597160811934642,1967,0,"Converged","weight","female","3dar1",1.1779712714716,1.41205830974998
"2252",3,1969,1.7093524594435,0.0983985291657243,1966,0,"Converged","weight","female","3dar1",1.51649134227868,1.90221357660832
"2253",4,1969,2.11099281989937,0.141320051343385,1965,0,"Converged","weight","female","3dar1",1.83400551926633,2.3879801205324
"2254",5,1969,2.48587465278527,0.184911508750126,1964,0,"Converged","weight","female","3dar1",2.12344809563503,2.84830120993552
"2255",6,1969,2.82626653340368,0.228130494056467,1963,0,"Converged","weight","female","3dar1",2.379130765053,3.27340230175435
"2256",7,1969,3.12902372016901,0.270714657444264,1962,0,"Converged","weight","female","3dar1",2.59842299157825,3.65962444875976
"2257",8,1969,3.3940879452289,0.312566917502885,1961,0,"Converged","weight","female","3dar1",2.78145678692325,4.00671910353456
"2258",9,1969,3.62332316297263,0.353537536203858,1960,0,"Converged","weight","female","3dar1",2.93038959201307,4.31625673393219
"2259",10,1969,3.8196705592392,0.393382896187211,1959,0,"Converged","weight","female","3dar1",3.04864008271226,4.59070103576613
"2260",11,1969,3.98656709134595,0.431795469934505,1958,0,"Converged","weight","female","3dar1",3.14024797027432,4.83288621241758
"2261",12,1969,4.12756536474631,0.468451006145817,1957,0,"Converged","weight","female","3dar1",3.20940139270051,5.04572933679211
"2262",13,1969,4.24609951289114,0.503049505360517,1956,0,"Converged","weight","female","3dar1",3.26012248238453,5.23207654339775
"2263",14,1969,4.34535267470859,0.535343096041768,1955,0,"Converged","weight","female","3dar1",3.29608020646673,5.39462514295046
"2264",15,1969,4.42819254106625,0.565151227257276,1954,0,"Converged","weight","female","3dar1",3.32049613564199,5.53588894649051
"2265",16,1969,4.4971507026653,0.592365908639054,1953,0,"Converged","weight","female","3dar1",3.33611352173275,5.65818788359785
"2266",17,1969,4.554428811914,0.616949897454747,1952,0,"Converged","weight","female","3dar1",3.3452070129027,5.7636506109253
"2267",18,1969,4.60192001670738,0.638930235634321,1951,0,"Converged","weight","female","3dar1",3.34961675486411,5.85422327855065
"2268",19,1969,4.64123805600723,0.658388977811529,1950,0,"Converged","weight","female","3dar1",3.35079565949663,5.93168045251782
"2269",20,1969,4.67374916825602,0.675452494400042,1949,0,"Converged","weight","female","3dar1",3.34986227923194,5.99763605728011
"2270",21,1969,4.70060385584662,0.690280387198555,1948,0,"Converged","weight","female","3dar1",3.34765429693745,6.05355341475579
"2271",22,1969,4.72276681520063,0.703054785409355,1947,0,"Converged","weight","female","3dar1",3.34477943579829,6.10075419460296
"2272",23,1969,4.74104416813983,0.713970568339121,1946,0,"Converged","weight","female","3dar1",3.34166185419515,6.14042648208451
"2273",24,1969,4.75610765302279,0.723226871831547,1945,0,"Converged","weight","female","3dar1",3.33858298423296,6.17363232181262
"2274",25,1969,4.76851575188537,0.73102007324314,1944,0,"Converged","weight","female","3dar1",3.33571640832881,6.20131509544192
"2275",26,1969,4.77873191178097,0.737538314254314,1943,0,"Converged","weight","female","3dar1",3.33315681584252,6.22430700771942
"2276",27,1969,4.78714011254962,0.74295751314616,1942,0,"Converged","weight","female","3dar1",3.33094338678315,6.2433368383161
"2277",28,1969,4.79405807194919,0.747438738821455,1941,0,"Converged","weight","female","3dar1",3.32907814385913,6.25903800003924
"2278",29,1969,4.79974838428196,0.751126766747867,1940,0,"Converged","weight","female","3dar1",3.32753992145614,6.27195684710778
"2279",30,1969,4.80442787469563,0.754149609522354,1939,0,"Converged","weight","female","3dar1",3.32629464003182,6.28256110935945
"2280",31,1969,4.80827542746887,0.756618808033487,1938,0,"Converged","weight","female","3dar1",3.32530256372323,6.2912482912145
"2281",2,1970,1.29524489890241,0.0596978510297641,1968,0,"Converged","weight","female","3dar1",1.17823711088408,1.41225268692075
"2282",3,1970,1.70990885432027,0.0983658520023696,1967,0,"Converged","weight","female","3dar1",1.51711178439563,1.90270592424492
"2283",4,1970,2.11193031844157,0.141251294130525,1966,0,"Converged","weight","female","3dar1",1.83507778194575,2.3887828549374
"2284",5,1970,2.48720494567872,0.184783113877439,1965,0,"Converged","weight","female","3dar1",2.12503004247894,2.8493798488785
"2285",6,1970,2.82796513814802,0.227936646483075,1964,0,"Converged","weight","female","3dar1",2.3812093110412,3.27472096525485
"2286",7,1970,3.13104066958527,0.270483940856592,1963,0,"Converged","weight","female","3dar1",2.60089214550635,3.66118919366419
"2287",8,1970,3.39635878292224,0.31237553430057,1962,0,"Converged","weight","female","3dar1",2.78410273569312,4.00861483015136
"2288",9,1970,3.62577832648475,0.353518211985231,1961,0,"Converged","weight","female","3dar1",2.9328826309937,4.3186740219758
"2289",10,1970,3.82224237097309,0.393728341251301,1960,0,"Converged","weight","female","3dar1",3.05053482212054,4.59394991982564
"2290",11,1970,3.98919430701291,0.432755303231033,1959,0,"Converged","weight","female","3dar1",3.14099391268009,4.83739470134574
"2291",12,1970,4.13019562160029,0.470321745702422,1958,0,"Converged","weight","female","3dar1",3.20836500002354,5.05202624317704
"2292",13,1970,4.24869017520559,0.506158401527383,1957,0,"Converged","weight","female","3dar1",3.25661970821192,5.24076064219926
"2293",14,1970,4.34787058257716,0.540027729046902,1956,0,"Converged","weight","female","3dar1",3.28941623364524,5.40632493150909
"2294",15,1970,4.43061310004894,0.571737491067672,1955,0,"Converged","weight","female","3dar1",3.3100076175563,5.55121858254158
"2295",16,1970,4.49945665306806,0.60114710179905,1954,0,"Converged","weight","female","3dar1",3.32120833354192,5.67770497259419
"2296",17,1970,4.55660891596777,0.628169216175022,1953,0,"Converged","weight","female","3dar1",3.32539725226472,5.78782057967081
"2297",18,1970,4.60396781442061,0.652768217268438,1952,0,"Converged","weight","female","3dar1",3.32454210857448,5.88339352026675
"2298",19,1970,4.64315077183845,0.674956594900634,1951,0,"Converged","weight","female","3dar1",3.32023584583321,5.96606569784369
"2299",20,1970,4.67552680143663,0.694789825065813,1950,0,"Converged","weight","female","3dar1",3.31373874430763,6.03731485856562
"2300",21,1970,4.70224845481823,0.712360191319427,1949,0,"Converged","weight","female","3dar1",3.30602247983216,6.09847442980431
"2301",22,1970,4.72428191776121,0.727789937024013,1948,0,"Converged","weight","female","3dar1",3.29781364119414,6.15075019432827
"2302",23,1970,4.74243437995964,0.741224124739254,1947,0,"Converged","weight","female","3dar1",3.2896350954707,6.19523366444858
"2303",24,1970,4.75737833502903,0.752823562550685,1946,0,"Converged","weight","female","3dar1",3.28184415242969,6.23291251762837
"2304",25,1970,4.7696727890422,0.762758119696545,1945,0,"Converged","weight","female","3dar1",3.27466687443697,6.26467870364743
"2305",26,1970,4.77978154004431,0.77120069476375,1944,0,"Converged","weight","female","3dar1",3.26822817830736,6.29133490178126
"2306",27,1970,4.78808878585677,0.778322026157119,1943,0,"Converged","weight","female","3dar1",3.26257761458881,6.31359995712472
"2307",28,1970,4.79491235609207,0.784286455974073,1942,0,"Converged","weight","female","3dar1",3.25771090238289,6.33211380980125
"2308",29,1970,4.80051486886603,0.78924868350736,1941,0,"Converged","weight","female","3dar1",3.2535874491916,6.34744228854045
"2309",30,1970,4.8051130978389,0.793351479827143,1940,0,"Converged","weight","female","3dar1",3.2501441973777,6.3600819983001
"2310",31,1970,4.80888581038612,0.796724284185187,1939,0,"Converged","weight","female","3dar1",3.24730621338315,6.37046540738909
"2311",2,1971,1.29550852299068,0.0596743369850124,1969,0,"Converged","weight","female","3dar1",1.17854682250005,1.4124702234813
"2312",3,1971,1.71055440085129,0.0983156667025783,1968,0,"Converged","weight","female","3dar1",1.51785569411423,1.90325310758834
"2313",4,1971,2.11303101689052,0.141142987841217,1967,0,"Converged","weight","female","3dar1",1.83639076072173,2.38967127305931
"2314",5,1971,2.48878418203235,0.184580723434301,1966,0,"Converged","weight","female","3dar1",2.12700596410112,2.85056239996358
"2315",6,1971,2.8300023484305,0.227618894328049,1965,0,"Converged","weight","female","3dar1",2.38386931554752,3.27613538131347
"2316",7,1971,3.1334825371921,0.270058110286612,1964,0,"Converged","weight","female","3dar1",2.60416864103034,3.66279643335386
"2317",8,1971,3.39913172710458,0.311886541271624,1963,0,"Converged","weight","female","3dar1",2.7878341062122,4.01042934799696
"2318",9,1971,3.62879980132999,0.353054362751145,1962,0,"Converged","weight","female","3dar1",2.93681325033775,4.32078635232224
"2319",10,1971,3.82542976442979,0.393424987538442,1961,0,"Converged","weight","female","3dar1",3.05431678885445,4.59654274000514
"2320",11,1971,3.99247111810981,0.43279635295618,1960,0,"Converged","weight","female","3dar1",3.1441902663157,4.84075196990393
"2321",12,1971,4.13349512906502,0.470938014851494,1959,0,"Converged","weight","female","3dar1",3.21045661995609,5.05653363817395
"2322",13,1971,4.25195707265726,0.507621720988938,1958,0,"Converged","weight","female","3dar1",3.25701849951894,5.24689564579558
"2323",14,1971,4.35106113189044,0.542640416703415,1957,0,"Converged","weight","female","3dar1",3.28748591515175,5.41463634862913
"2324",15,1971,4.43369432025873,0.575817794737759,1956,0,"Converged","weight","female","3dar1",3.30509144257273,5.56229719794474
"2325",16,1971,4.50240497314724,0.607012072923027,1955,0,"Converged","weight","female","3dar1",3.31266131021811,5.69214863607637
"2326",17,1971,4.55940861321449,0.636116938939103,1954,0,"Converged","weight","female","3dar1",3.31261941289385,5.80619781353513
"2327",18,1971,4.60660945823727,0.663061343147427,1953,0,"Converged","weight","female","3dar1",3.30700922566832,5.90620969080623
"2328",19,1971,4.64562980660962,0.687808803700236,1952,0,"Converged","weight","female","3dar1",3.29752455135715,5.99373506186208
"2329",20,1971,4.67784233592998,0.710356295594666,1951,0,"Converged","weight","female","3dar1",3.28554399656444,6.07014067529553
"2330",21,1971,4.70440227856422,0.730732563757704,1950,0,"Converged","weight","female","3dar1",3.27216645359912,6.13663810352932
"2331",22,1971,4.72627773453431,0.748995697955576,1949,0,"Converged","weight","female","3dar1",3.25824616654138,6.19430930252724
"2332",23,1971,4.74427723131507,0.765229913592154,1948,0,"Converged","weight","female","3dar1",3.24442660067444,6.24412786195569
"2333",24,1971,4.75907417936731,0.779541612995776,1947,0,"Converged","weight","female","3dar1",3.23117261789559,6.28697574083903
"2334",25,1971,4.77122820079968,0.79205490909029,1946,0,"Converged","weight","female","3dar1",3.21880057898272,6.32365582261665
"2335",26,1971,4.78120349680547,0.802906857878833,1945,0,"Converged","weight","female","3dar1",3.20750605536295,6.35490093824798
"2336",27,1971,4.78938451651168,0.812242666201895,1944,0,"Converged","weight","female","3dar1",3.19738889075596,6.38138014226739
"2337",28,1971,4.79608922922143,0.820211124436992,1943,0,"Converged","weight","female","3dar1",3.18847542532493,6.40370303311794
"2338",29,1971,4.8015803063927,0.826960471480094,1942,0,"Converged","weight","female","3dar1",3.18073778229171,6.42242283049368
"2339",30,1971,4.80607450406628,0.832634842926317,1941,0,"Converged","weight","female","3dar1",3.1741102119307,6.43803879620186
"2340",31,1971,4.80975051056588,0.83737139263906,1940,0,"Converged","weight","female","3dar1",3.16850258099332,6.45099844013844
"2341",2,1972,1.29580428552855,0.0596450670455446,1970,0,"Converged","weight","female","3dar1",1.17889995411928,1.41270861693781
"2342",3,1972,1.71128885047473,0.0982449945774571,1969,0,"Converged","weight","female","3dar1",1.51872866110291,1.90384903984655
"2343",4,1972,2.11429989534439,0.14098751873089,1968,0,"Converged","weight","female","3dar1",1.83796435863185,2.39063543205693
"2344",5,1972,2.49062726612382,0.18429085884754,1967,0,"Converged","weight","female","3dar1",2.12941718278264,2.851837349465
"2345",6,1972,2.83240728504339,0.227159937065324,1966,0,"Converged","weight","female","3dar1",2.38717380839535,3.27764076169143
"2346",7,1972,3.1363958139317,0.269424057238669,1965,0,"Converged","weight","female","3dar1",2.60832466174391,3.66446696611949
"2347",8,1972,3.40247227320457,0.311106478846342,1964,0,"Converged","weight","female","3dar1",2.79270357466574,4.0122409717434
"2348",9,1972,3.63247215162224,0.352194055412196,1963,0,"Converged","weight","female","3dar1",2.94217180301433,4.32277250023014
"2349",10,1972,3.82933506028142,0.392586949920567,1962,0,"Converged","weight","female","3dar1",3.0598646384371,4.59880548212573
"2350",11,1972,3.99651524994107,0.432120307067535,1961,0,"Converged","weight","female","3dar1",3.1495594480887,4.84347105179344
"2351",12,1972,4.13759401298426,0.470601709431416,1960,0,"Converged","weight","female","3dar1",3.21521466249868,5.05997336346983
"2352",13,1972,4.25603944569464,0.50784082150079,1959,0,"Converged","weight","female","3dar1",3.26067143555309,5.25140745583619
"2353",14,1972,4.35506942039368,0.543665905985325,1958,0,"Converged","weight","female","3dar1",3.28948424466244,5.42065459612492
"2354",15,1972,4.43758415879779,0.577929831428687,1957,0,"Converged","weight","female","3dar1",3.30484168919756,5.57032662839802
"2355",16,1972,4.50614388899598,0.610510124229395,1956,0,"Converged","weight","female","3dar1",3.30954404550637,5.7027437324856
"2356",17,1972,4.56297428988367,0.641306865818099,1955,0,"Converged","weight","female","3dar1",3.30601283288019,5.81993574688714
"2357",18,1972,4.60998788101499,0.670240732382717,1954,0,"Converged","weight","female","3dar1",3.29631604554486,5.92365971648511
"2358",19,1972,4.64881349156281,0.697252117270271,1953,0,"Converged","weight","female","3dar1",3.28219934171308,6.01542764141254
"2359",20,1972,4.68082876002125,0.722301359184571,1952,0,"Converged","weight","female","3dar1",3.26511809601949,6.09653942402301
"2360",21,1972,4.70719256491214,0.745369626127325,1951,0,"Converged","weight","female","3dar1",3.24626809770258,6.1681170321217
"2361",22,1972,4.72887560226793,0.766459868374611,1950,0,"Converged","weight","female","3dar1",3.22661426025369,6.23113694428217
"2362",23,1972,4.74668819110578,0.785597325859014,1949,0,"Converged","weight","female","3dar1",3.20691743242211,6.28645894978944
"2363",24,1972,4.76130494013792,0.802829247413233,1948,0,"Converged","weight","female","3dar1",3.18775961520798,6.33485026506785
"2364",25,1972,4.7732862469489,0.818223674291875,1947,0,"Converged","weight","female","3dar1",3.16956784533683,6.37700464856098
"2365",26,1972,4.78309679553906,0.831867311895969,1946,0,"Converged","weight","female","3dar1",3.15263686422296,6.41355672685516
"2366",27,1972,4.79112131907115,0.84386263978031,1945,0,"Converged","weight","female","3dar1",3.13715054510174,6.44509209304056
"2367",28,1972,4.79767793604038,0.854324485675985,1944,0,"Converged","weight","female","3dar1",3.12320194411545,6.47215392796531
"2368",29,1972,4.80302937311112,0.863376319186829,1943,0,"Converged","weight","female","3dar1",3.11081178750494,6.49524695871731
"2369",30,1972,4.80739237192903,0.871146514580925,1942,0,"Converged","weight","female","3dar1",3.09994520335042,6.51483954050765
"2370",31,1972,4.81094555041876,0.877764800634207,1941,0,"Converged","weight","female","3dar1",3.09052654117572,6.53136455966181
"2371",2,1973,1.29612830028904,0.0596099922743515,1971,0,"Converged","weight","female","3dar1",1.17929271543131,1.41296388514677
"2372",3,1973,1.71210610674343,0.0981520431707306,1970,0,"Converged","weight","female","3dar1",1.51972810212879,1.90448411135806
"2373",4,1973,2.11573272423232,0.14077881224978,1969,0,"Converged","weight","female","3dar1",1.83980625222275,2.39165919624189
"2374",5,1973,2.49273729645523,0.183900045803522,1968,0,"Converged","weight","female","3dar1",2.13229320668032,2.85318138623013
"2375",6,1973,2.83519600009607,0.22653674555876,1967,0,"Converged","weight","female","3dar1",2.3911839788009,3.27920802139124
"2376",7,1973,3.13981425883955,0.268550423366721,1966,0,"Converged","weight","female","3dar1",2.61345542904077,3.66617308863832
"2377",8,1973,3.4064351007348,0.310002553496714,1965,0,"Converged","weight","female","3dar1",2.79883009588124,4.01404010558836
"2378",9,1973,3.63687238207553,0.35091664978111,1964,0,"Converged","weight","female","3dar1",2.94907574850455,4.3246690156465
"2379",10,1973,3.83405724807815,0.391225050852322,1963,0,"Converged","weight","female","3dar1",3.06725614840759,4.6008583477487
"2380",11,1973,4.00144588062823,0.430791462041548,1962,0,"Converged","weight","female","3dar1",3.15709461502679,4.84579714622966
"2381",12,1973,4.14262879239386,0.469450888324559,1961,0,"Converged","weight","female","3dar1",3.22250505127772,5.06275253350999
"2382",13,1973,4.26108768427498,0.507041334192515,1960,0,"Converged","weight","female","3dar1",3.26728666925765,5.25488869929231
"2383",14,1973,4.36005600719753,0.543420800945453,1959,0,"Converged","weight","female","3dar1",3.29495123734444,5.42516077705062
"2384",15,1973,4.44244972657741,0.578471962115557,1958,0,"Converged","weight","female","3dar1",3.30864468083091,5.5762547723239
"2385",16,1973,4.51084375849974,0.612099485748404,1957,0,"Converged","weight","female","3dar1",3.31112876643287,5.71055875056661
"2386",17,1973,4.56747670048359,0.644224550409916,1956,0,"Converged","weight","female","3dar1",3.30479658168015,5.83015681928702
"2387",18,1973,4.61427190509637,0.67477965043019,1955,0,"Converged","weight","female","3dar1",3.2917037902532,5.93684001993954
"2388",19,1973,4.6528669175977,0.703705284889232,1954,0,"Converged","weight","female","3dar1",3.2736045592148,6.03212927598059
"2389",20,1973,4.68464612892131,0.73094895912072,1953,0,"Converged","weight","female","3dar1",3.2519861690447,6.11730608879792
"2390",21,1973,4.71077346281921,0.756466182171165,1952,0,"Converged","weight","female","3dar1",3.22809974576373,6.1934471798747
"2391",22,1973,4.73222325177231,0.780222771717192,1951,0,"Converged","weight","female","3dar1",3.20298661920661,6.26145988433801
"2392",23,1973,4.7498083404524,0.802197685369596,1950,0,"Converged","weight","female","3dar1",3.17750087712799,6.3221158037768
"2393",24,1973,4.76420502337355,0.822385684297805,1949,0,"Converged","weight","female","3dar1",3.15232908214985,6.37608096459725
"2394",25,1973,4.77597477384279,0.840799315574882,1948,0,"Converged","weight","female","3dar1",3.12800811531602,6.42394143236956
"2395",26,1973,4.78558292515544,0.857469908747657,1947,0,"Converged","weight","female","3dar1",3.10494190401003,6.46622394630084
"2396",27,1973,4.7934145721561,0.872447477214244,1946,0,"Converged","weight","female","3dar1",3.08341751681618,6.50341162749602
"2397",28,1973,4.79978800649979,0.885799572543817,1945,0,"Converged","weight","female","3dar1",3.0636208443139,6.53595516868567
"2398",29,1973,4.80496600596579,0.897609250906316,1944,0,"Converged","weight","female","3dar1",3.04565187418941,6.56428013774217
"2399",30,1973,4.80916528283014,0.907972375964015,1943,0,"Converged","weight","female","3dar1",3.02953942594068,6.58879113971961
"2400",31,1973,4.81256436907908,0.916994508143545,1942,0,"Converged","weight","female","3dar1",3.01525513311773,6.60987360504043
"2401",2,1974,1.29647366649676,0.0595696431158246,1972,0,"Converged","weight","female","3dar1",1.17971716598975,1.41323016700378
"2402",3,1974,1.71299266744587,0.098037047076053,1971,0,"Converged","weight","female","3dar1",1.52084005517681,1.90514527971494
"2403",4,1974,2.1173129926425,0.140514607083127,1970,0,"Converged","weight","female","3dar1",1.84190436275957,2.39272162252543
"2404",5,1974,2.49510074075458,0.183399677849225,1969,0,"Converged","weight","female","3dar1",2.1356373721701,2.85456410933906
"2405",6,1974,2.83836493026135,0.225729703651579,1968,0,"Converged","weight","female","3dar1",2.39593471110426,3.28079514941845
"2406",7,1974,3.14375090538618,0.267403120652726,1967,0,"Converged","weight","female","3dar1",2.61964078890683,3.66786102186552
"2407",8,1974,3.41105507608936,0.308526439703697,1966,0,"Converged","weight","female","3dar1",2.80634325427011,4.0157668979086
"2408",9,1974,3.64206045933111,0.349165512112229,1965,0,"Converged","weight","female","3dar1",2.95769605559114,4.32642486307108
"2409",10,1974,3.83968254632393,0.389286676063888,1964,0,"Converged","weight","female","3dar1",3.07668066123871,4.60268443140915
"2410",11,1974,4.00737469977107,0.428778978204208,1963,0,"Converged","weight","female","3dar1",3.16696790249082,4.84778149705131
"2411",12,1974,4.14873430260651,0.467497112178075,1962,0,"Converged","weight","female","3dar1",3.23243996273748,5.06502864247554
"2412",13,1974,4.26725637514616,0.505297064604333,1961,0,"Converged","weight","female","3dar1",3.27687412852166,5.25763862177065
"2413",14,1974,4.36619124140095,0.542056224667255,1960,0,"Converged","weight","female","3dar1",3.30376104105313,5.42862144174877
"2414",15,1974,4.44847296544996,0.577679430671627,1959,0,"Converged","weight","female","3dar1",3.31622128133357,5.58072464956634
"2415",16,1974,4.51669409093631,0.612095758615963,1958,0,"Converged","weight","female","3dar1",3.31698640404902,5.7164017778236
"2416",17,1974,4.57310926804915,0.645250946893559,1957,0,"Converged","weight","female","3dar1",3.30841741213777,5.83780112396053
"2417",18,1974,4.61965572173351,0.677099179547864,1956,0,"Converged","weight","female","3dar1",3.2925413298197,5.94677011364733
"2418",19,1974,4.6579824666663,0.707596531143754,1955,0,"Converged","weight","female","3dar1",3.27109326562454,6.04487166770806
"2419",20,1974,4.68948300662533,0.736697138827726,1954,0,"Converged","weight","female","3dar1",3.24555661452299,6.13340939872768
"2420",21,1974,4.71532823793297,0.764352249637537,1953,0,"Converged","weight","female","3dar1",3.2171978286434,6.21345864722254
"2421",22,1974,4.73649763207752,0.790511702542593,1952,0,"Converged","weight","female","3dar1",3.18709469509404,6.285900569061
"2422",23,1974,4.75380767709712,0.815127100704906,1951,0,"Converged","weight","female","3dar1",3.15615855971551,6.35145679447874
"2423",24,1974,4.76793714366335,0.838155845615018,1950,0,"Converged","weight","female","3dar1",3.12515168625792,6.41072260106879
"2424",25,1974,4.7794491079136,0.859565272671153,1949,0,"Converged","weight","female","3dar1",3.09470117347813,6.46419704234906
"2425",26,1974,4.78880987915685,0.879336284421141,1948,0,"Converged","weight","female","3dar1",3.06531076169142,6.51230899662229
"2426",27,1974,4.79640509671827,0.897466071304874,1947,0,"Converged","weight","female","3dar1",3.03737159696072,6.55543859647582
"2427",28,1974,4.80255331147991,0.9139697024216,1946,0,"Converged","weight","female","3dar1",3.01117269473357,6.59393392822624
"2428",29,1974,4.80751737852807,0.928880536509581,1945,0,"Converged","weight","female","3dar1",2.98691152696929,6.62812323008685
"2429",30,1974,4.81151397394141,0.942249533640994,1944,0,"Converged","weight","female","3dar1",2.96470488800506,6.65832305987776
"2430",31,1974,4.81472152201492,0.954143637679509,1943,0,"Converged","weight","female","3dar1",2.94459999216308,6.68484305186676
"2431",2,1975,1.29683016156201,0.0595252073708586,1973,0,"Converged","weight","female","3dar1",1.18016075511513,1.41349956800889
"2432",3,1975,1.71392635373043,0.0979029231150656,1972,0,"Converged","weight","female","3dar1",1.52203662442491,1.90581608303596
"2433",4,1975,2.11900900154269,0.14019844616695,1971,0,"Converged","weight","female","3dar1",1.84422004705546,2.39379795602991
"2434",5,1975,2.49768241518341,0.182790370698092,1970,0,"Converged","weight","female","3dar1",2.13941328861515,2.85595154175167
"2435",6,1975,2.84188359700857,0.224730545766262,1969,0,"Converged","weight","female","3dar1",2.4014117273067,3.28235546671044
"2436",7,1975,3.14818864816351,0.265958177762925,1968,0,"Converged","weight","female","3dar1",2.62691061974818,3.66946667657884
"2437",8,1975,3.41633616016419,0.306633299883471,1967,0,"Converged","weight","female","3dar1",2.81533489239259,4.0173374279358
"2438",9,1975,3.64806714108646,0.346874032151051,1966,0,"Converged","weight","female","3dar1",2.9681940380704,4.32794024410252
"2439",10,1975,3.84627181090494,0.386688557430007,1965,0,"Converged","weight","female","3dar1",3.08836223834212,4.60418138346775
"2440",11,1975,4.01439352067124,0.425994496539294,1964,0,"Converged","weight","female","3dar1",3.17944430745422,4.84934273388826
"2441",12,1975,4.15603204123432,0.464663921031558,1963,0,"Converged","weight","female","3dar1",3.24529075601247,5.06677332645617
"2442",13,1975,4.27469378593747,0.502563557444614,1962,0,"Converged","weight","female","3dar1",3.28966921334602,5.25971835852891
"2443",14,1975,4.3736461561183,0.53957977112009,1961,0,"Converged","weight","female","3dar1",3.31606980472292,5.43122250751367
"2444",15,1975,4.45584310176562,0.57562837986213,1960,0,"Converged","weight","female","3dar1",3.32761147723585,5.5840747262954
"2445",16,1975,4.52389760676453,0.610653417068492,1959,0,"Converged","weight","female","3dar1",3.32701690931028,5.72077830421877
"2446",17,1975,4.58008371677462,0.644619625079821,1958,0,"Converged","weight","female","3dar1",3.31662925161817,5.84353818193107
"2447",18,1975,4.62635600547881,0.677502682564713,1957,0,"Converged","weight","female","3dar1",3.29845074765197,5.95426126330564
"2448",19,1975,4.66437827896138,0.709279988016931,1956,0,"Converged","weight","female","3dar1",3.27418950244819,6.05456705547456
"2449",20,1975,4.69555613534647,0.739923682665685,1955,0,"Converged","weight","female","3dar1",3.24530571732172,6.14580655337121
"2450",21,1975,4.72106998468148,0.769396657736738,1954,0,"Converged","weight","female","3dar1",3.21305253551747,6.22908743384549
"2451",22,1975,4.74190650566866,0.797651590138163,1953,0,"Converged","weight","female","3dar1",3.17850938899786,6.30530362233945
"2452",23,1975,4.75888744054863,0.824632579904237,1952,0,"Converged","weight","female","3dar1",3.14260758393632,6.37516729716093
"2453",24,1975,4.77269523612603,0.85027869683719,1951,0,"Converged","weight","female","3dar1",3.10614899032514,6.43924148192692
"2454",25,1975,4.78389542367543,0.874528647556669,1950,0,"Converged","weight","female","3dar1",3.06981927446436,6.4979715728865
"2455",26,1975,4.79295586206269,0.897325806178692,1949,0,"Converged","weight","female","3dar1",3.03419728195245,6.55171444217292
"2456",27,1975,4.80026309663341,0.918622969053246,1948,0,"Converged","weight","female","3dar1",2.99976207728905,6.60076411597777
"2457",28,1975,4.80613614643871,0.938386356513193,1947,0,"Converged","weight","female","3dar1",2.96689888767285,6.64537340520457
"2458",29,1975,4.81083804940314,0.956598559646237,1946,0,"Converged","weight","female","3dar1",2.93590487249652,6.68577122630977
"2459",30,1975,4.81458548557909,0.973260293824862,1945,0,"Converged","weight","female","3dar1",2.90699530968237,6.72217566147582
"2460",31,1975,4.81755677379266,0.9883909583577,1944,0,"Converged","weight","female","3dar1",2.88031049541157,6.75480305217375
"2461",2,1976,1.29718431106664,0.0594784720249719,1974,0,"Converged","weight","female","3dar1",1.1806065058977,1.41376211623559
"2462",3,1976,1.71487573038124,0.0977555051508918,1973,0,"Converged","weight","female","3dar1",1.52327494028549,1.90647652047699
"2463",4,1976,2.12077173354542,0.139840973945937,1972,0,"Converged","weight","female","3dar1",1.84668342461138,2.39486004247946
"2464",5,1976,2.50042100997054,0.182085498975191,1971,0,"Converged","weight","female","3dar1",2.14353343197917,2.85730858796192
"2465",6,1976,2.84568731362223,0.223549485351068,1970,0,"Converged","weight","female","3dar1",2.40753032233414,3.28384430491033
"2466",7,1976,3.15307006856894,0.264213688902043,1969,0,"Converged","weight","female","3dar1",2.63521123832093,3.67092889881694
"2467",8,1976,3.42223868044828,0.304299453448112,1968,0,"Converged","weight","female","3dar1",2.82581175168998,4.01866560920658
"2468",9,1976,3.65487931253963,0.343989471338629,1967,0,"Converged","weight","female","3dar1",2.98065994871592,4.32909867636334
"2469",10,1976,3.85384471095684,0.38334667478555,1966,0,"Converged","weight","female","3dar1",3.10248522837716,4.60520419353651
"2470",11,1976,4.02255810035802,0.422327120718465,1965,0,"Converged","weight","female","3dar1",3.19479694374983,4.85031925696622
"2471",12,1976,4.16461436785608,0.460824755837837,1964,0,"Converged","weight","female","3dar1",3.26139784641392,5.06783088929824
"2472",13,1976,4.28352704859877,0.498715463993445,1963,0,"Converged","weight","female","3dar1",3.30604473917162,5.26100935802593
"2473",14,1976,4.3825790811797,0.535887615005309,1962,0,"Converged","weight","female","3dar1",3.3322393557693,5.43291880659011
"2474",15,1976,4.46474497485681,0.572257341558832,1961,0,"Converged","weight","female","3dar1",3.3431205854015,5.58636936431212
"2475",16,1976,4.53266042647559,0.607771533234351,1960,0,"Converged","weight","female","3dar1",3.34142822133627,5.72389263161492
"2476",17,1976,4.58862214974545,0.64240278608901,1959,0,"Converged","weight","female","3dar1",3.32951268901099,5.84773161047991
"2477",18,1976,4.63460582173439,0.676140211360913,1958,0,"Converged","weight","female","3dar1",3.309371007467,5.95984063600178
"2478",19,1976,4.67229387073601,0.708979142467918,1957,0,"Converged","weight","female","3dar1",3.28269475149889,6.06189298997313
"2479",20,1976,4.7031076069699,0.740911851702074,1956,0,"Converged","weight","female","3dar1",3.25092037763384,6.15529483630597
"2480",21,1976,4.72824017633044,0.771920560244622,1955,0,"Converged","weight","female","3dar1",3.21527587825098,6.2412044744099
"2481",22,1976,4.7486881975881,0.801973339067484,1954,0,"Converged","weight","female","3dar1",3.17682045301583,6.32055594216037
"2482",23,1976,4.76528088564459,0.831022959928407,1953,0,"Converged","weight","female","3dar1",3.13647588418491,6.39408588710427
"2483",24,1976,4.7787060906522,0.859008363788988,1952,0,"Converged","weight","female","3dar1",3.09504969762578,6.46236248367861
"2484",25,1976,4.78953308861823,0.885858164004984,1951,0,"Converged","weight","female","3dar1",3.05325108716846,6.525815090068
"2485",26,1976,4.79823220952993,0.911495481695671,1950,0,"Converged","weight","female","3dar1",3.01170106540641,6.58476335365344
"2486",27,1976,4.80519153276731,0.935843400411978,1949,0,"Converged","weight","female","3dar1",2.97093846795983,6.63944459757479
"2487",28,1976,4.81073095121644,0.958830399370642,1948,0,"Converged","weight","female","3dar1",2.93142336844998,6.6900385339829
"2488",29,1976,4.81511393151006,0.980395249474193,1947,0,"Converged","weight","female","3dar1",2.89353924254065,6.73668862047948
"2489",30,1976,4.81855729482323,1.00049100599328,1946,0,"Converged","weight","female","3dar1",2.85759492307641,6.77951966657005
"2490",31,1976,4.82123932165095,1.01908788314546,1945,0,"Converged","weight","female","3dar1",2.82382707068585,6.81865157261604
"2491",2,1977,1.29752006315381,0.0594315886429524,1975,0,"Converged","weight","female","3dar1",1.18103414941362,1.41400597689399
"2492",3,1977,1.7158007608292,0.0976031062763077,1974,0,"Converged","weight","female","3dar1",1.52449867252764,1.90710284913077
"2493",4,1977,2.12253437444028,0.139459895343034,1973,0,"Converged","weight","female","3dar1",1.84919297956794,2.39587576931263
"2494",5,1977,2.50322630162587,0.181312850411009,1972,0,"Converged","weight","female","3dar1",2.1478531148203,2.85859948843145
"2495",6,1977,2.84967117395193,0.22222034346659,1971,0,"Converged","weight","female","3dar1",2.41411930075741,3.28522304714644
"2496",7,1977,3.1582877509349,0.262200165956587,1970,0,"Converged","weight","female","3dar1",2.64437542565999,3.67220007620981
"2497",8,1977,3.42866604670997,0.301539168038185,1969,0,"Converged","weight","female","3dar1",2.83764927735512,4.01968281606481
"2498",9,1977,3.66242362489825,0.34049662162931,1968,0,"Converged","weight","female","3dar1",2.99505024650481,4.3297970032917
"2499",10,1977,3.86236111990869,0.379206427818528,1967,0,"Converged","weight","female","3dar1",3.11911652138437,4.605605718433
"2500",11,1977,4.03186825457385,0.417679057181853,1966,0,"Converged","weight","female","3dar1",3.21321730249742,4.85051920665028
"2501",12,1977,4.17452431032915,0.455842353602787,1965,0,"Converged","weight","female","3dar1",3.28107329726769,5.06797532339062
"2502",13,1977,4.29384251427045,0.493587237271259,1964,0,"Converged","weight","female","3dar1",3.32641152921879,5.26127349932212
"2503",14,1977,4.39311723240193,0.530803244177124,1963,0,"Converged","weight","female","3dar1",3.35274287381476,5.43349159098909
"2504",15,1977,4.47534235332807,0.567400023411404,1962,0,"Converged","weight","female","3dar1",3.36323830744172,5.58744639921442
"2505",16,1977,4.54317742003484,0.603316248451551,1961,0,"Converged","weight","female","3dar1",3.3606775730698,5.72567726699987
"2506",17,1977,4.59894457522828,0.638519229337055,1960,0,"Converged","weight","female","3dar1",3.34744688572766,5.85044226472891
"2507",18,1977,4.64464434346024,0.672998649065429,1959,0,"Converged","weight","female","3dar1",3.325566991292,5.96372169562848
"2508",19,1977,4.6819819590165,0.706757345173022,1958,0,"Converged","weight","female","3dar1",3.29673756247738,6.06722635555563
"2509",20,1977,4.71239864914647,0.739801405470325,1957,0,"Converged","weight","female","3dar1",3.26238789442463,6.16240940386831
"2510",21,1977,4.73710422861976,0.772131218436194,1956,0,"Converged","weight","female","3dar1",3.22372704048482,6.2504814167547
"2511",22,1977,4.75710873676244,0.803734553525374,1955,0,"Converged","weight","female","3dar1",3.1817890118527,6.33242846167217
"2512",23,1977,4.77325180111607,0.834582248121209,1954,0,"Converged","weight","female","3dar1",3.1374705947985,6.40903300743364
"2513",24,1977,4.78622905683058,0.864626650109993,1953,0,"Converged","weight","female","3dar1",3.09156082261499,6.48089729104616
"2514",25,1977,4.7966153789221,0.893802620100837,1952,0,"Converged","weight","female","3dar1",3.04476224352446,6.54846851431974
"2515",26,1977,4.80488495674338,0.922030647280987,1951,0,"Converged","weight","female","3dar1",2.99770488807265,6.61206502541411
"2516",27,1977,4.81142840302204,0.949221483558175,1950,0,"Converged","weight","female","3dar1",2.95095429524802,6.67190251079606
"2517",28,1977,4.81656717596612,0.975281646878678,1949,0,"Converged","weight","female","3dar1",2.90501514808391,6.72811920384833
"2518",29,1977,4.82056563100941,1.00011917186066,1948,0,"Converged","weight","female","3dar1",2.86033205416251,6.7807992078563
"2519",30,1977,4.82364102537996,1.02364907224661,1947,0,"Converged","weight","female","3dar1",2.8172888437766,6.82999320698332
"2520",31,1977,4.82597178380238,1.04579810116206,1946,0,"Converged","weight","female","3dar1",2.77620750552474,6.87573606208003
"2521",2,1978,1.29782033208201,0.0593866720705412,1976,0,"Converged","weight","female","3dar1",1.18142245482375,1.41421820934027
"2522",3,1978,1.71665537009327,0.0974552706968151,1975,0,"Converged","weight","female","3dar1",1.52564303952751,1.90766770065903
"2523",4,1978,2.12421463794276,0.139078011572494,1974,0,"Converged","weight","female","3dar1",1.85162173526068,2.39680754062485
"2524",5,1978,2.50597964844766,0.180513056003253,1973,0,"Converged","weight","female","3dar1",2.15217405868128,2.85978523821403
"2525",6,1978,2.85368723342514,0.22080150636115,1972,0,"Converged","weight","female","3dar1",2.42091628095729,3.286458185893
"2526",7,1978,3.16367711844614,0.259986647312811,1971,0,"Converged","weight","female","3dar1",2.65410328971303,3.67325094717925
"2527",8,1978,3.435452849244,0.298418188155143,1970,0,"Converged","weight","female","3dar1",2.85055320045992,4.02035249802808
"2528",9,1978,3.67055010419755,0.3364399704127,1969,0,"Converged","weight","female","3dar1",3.01112776218866,4.32997244620644
"2529",10,1978,3.8717009939497,0.374273351988205,1968,0,"Converged","weight","female","3dar1",3.13812522405281,4.60527676384658
"2530",11,1978,4.04224508220856,0.412003658948626,1967,0,"Converged","weight","female","3dar1",3.23471791066925,4.84977225374787
"2531",12,1978,4.18573133075206,0.449612095281972,1966,0,"Converged","weight","female","3dar1",3.3044916239994,5.06697103750472
"2532",13,1978,4.3056612115393,0.487019241521922,1965,0,"Converged","weight","female","3dar1",3.35110349815633,5.26021892492226
"2533",14,1978,4.4053328564346,0.52412340711128,1964,0,"Converged","weight","female","3dar1",3.37805097849649,5.43261473437271
"2534",15,1978,4.48775554601086,0.560827831522815,1963,0,"Converged","weight","female","3dar1",3.38853299622614,5.58697809579558
"2535",16,1978,4.55561183350526,0.597056330425424,1962,0,"Converged","weight","female","3dar1",3.38538142587143,5.7258422411391
"2536",17,1978,4.61125088269283,0.632759306727333,1961,0,"Converged","weight","female","3dar1",3.37104264150725,5.8514591238784
"2537",18,1978,4.65670132569775,0.66791266252328,1960,0,"Converged","weight","female","3dar1",3.34759250715213,5.96581014424338
"2538",19,1978,4.69369543805743,0.702512047033936,1959,0,"Converged","weight","female","3dar1",3.31677182587092,6.07061905024395
"2539",20,1978,4.72369900142461,0.736564550774778,1958,0,"Converged","weight","female","3dar1",3.28003248190604,6.16736552094317
"2540",21,1978,4.747943104238,0.770079591351138,1957,0,"Converged","weight","female","3dar1",3.23858710518977,6.25729910328623
"2541",22,1978,4.76745547909979,0.803060371754879,1956,0,"Converged","weight","female","3dar1",3.19345715046022,6.34145380773935
"2542",23,1978,4.78308992716065,0.83549692561523,1955,0,"Converged","weight","female","3dar1",3.1455159529548,6.4206639013665
"2543",24,1978,4.795553034738,0.867361393612767,1954,0,"Converged","weight","female","3dar1",3.09552470325698,6.49558136621902
"2544",25,1978,4.80542783629202,0.898605816401729,1953,0,"Converged","weight","female","3dar1",3.04416043614463,6.56669523643941
"2545",26,1978,4.81319437397665,0.929162405834555,1952,0,"Converged","weight","female","3dar1",2.99203605854092,6.63435268941237
"2546",27,1978,4.81924729056144,0.958945994166839,1951,0,"Converged","weight","female","3dar1",2.93971314199444,6.69878143912845
"2547",28,1978,4.82391069556161,0.987858178022695,1950,0,"Converged","weight","female","3dar1",2.88770866663712,6.76011272448609
"2548",29,1978,4.82745059755934,1.01579257806285,1949,0,"Converged","weight","female","3dar1",2.83649714455616,6.81840405056252
"2549",30,1978,4.83008521574575,1.04264062024546,1948,0,"Converged","weight","female","3dar1",2.78650960006466,6.87366083142685
"2550",31,1978,4.83199347705656,1.06829729397224,1947,0,"Converged","weight","female","3dar1",2.73813078087096,6.92585617324215
"2551",2,1979,1.29806968768845,0.059345321614647,1977,0,"Converged","weight","female","3dar1",1.18175285732374,1.41438651805315
"2552",3,1979,1.71739267306577,0.0973208399522066,1976,0,"Converged","weight","female","3dar1",1.52664382675944,1.90814151937209
"2553",4,1979,2.12572128036316,0.138719176056604,1975,0,"Converged","weight","female","3dar1",1.85383169529222,2.39761086543411
"2554",5,1979,2.50853982133681,0.17973381507271,1974,0,"Converged","weight","female","3dar1",2.1562615437943,2.86081809887932
"2555",6,1979,2.8575474990157,0.219370387253523,1973,0,"Converged","weight","female","3dar1",2.42758153999879,3.2875134580326
"2556",7,1979,3.16901475543948,0.257678764176146,1972,0,"Converged","weight","female","3dar1",2.66396437765423,3.67406513322472
"2557",8,1979,3.44235738519858,0.295059207973594,1971,0,"Converged","weight","female","3dar1",2.86404133757034,4.02067343282683
"2558",9,1979,3.6790185897404,0.331939566796222,1970,0,"Converged","weight","female","3dar1",3.02841703881981,4.329620140661
"2559",10,1979,3.88164519788103,0.368640656371335,1969,0,"Converged","weight","female","3dar1",3.15910951139321,4.60418088436885
"2560",11,1979,4.05350722256358,0.405343991492621,1968,0,"Converged","weight","female","3dar1",3.25903299923804,4.84798144588911
"2561",12,1979,4.19810437987423,0.442109398547669,1967,0,"Converged","weight","female","3dar1",3.3315699587208,5.06463880102766
"2562",13,1979,4.31891015157394,0.4789108221738,1966,0,"Converged","weight","female","3dar1",3.38024494011329,5.25757536303459
"2563",14,1979,4.41921414667347,0.515673312491398,1965,0,"Converged","weight","female","3dar1",3.40849445419033,5.42993383915661
"2564",15,1979,4.50203308074059,0.552303601118515,1964,0,"Converged","weight","female","3dar1",3.4195180225483,5.58454813893288
"2565",16,1979,4.57006862129206,0.588711938342394,1963,0,"Converged","weight","female","3dar1",3.41619322214097,5.72394402044315
"2566",17,1979,4.62569644947807,0.624825383361355,1962,0,"Converged","weight","female","3dar1",3.40103869808981,5.85035420086633
"2567",18,1979,4.67097535955724,0.660593745718801,1961,0,"Converged","weight","female","3dar1",3.37621161794839,5.96573910116609
"2568",19,1979,4.70766844421547,0.695989687773906,1960,0,"Converged","weight","female","3dar1",3.34352865617862,6.07180823225233
"2569",20,1979,4.73727079127608,0.73100455173398,1959,0,"Converged","weight","female","3dar1",3.30450186987748,6.17003971267468
"2570",21,1979,4.76103988315897,0.76564143989522,1958,0,"Converged","weight","female","3dar1",3.26038266096434,6.2616971053536
"2571",22,1979,4.78002617971028,0.799906987557159,1957,0,"Converged","weight","female","3dar1",3.21220848409825,6.34784387532232
"2572",23,1979,4.79510229622918,0.833803117047071,1956,0,"Converged","weight","female","3dar1",3.16084818681692,6.42935640564143
"2573",24,1979,4.8069898373262,0.867319836384981,1955,0,"Converged","weight","female","3dar1",3.10704295801164,6.50693671664076
"2574",25,1979,4.81628341117171,0.900429859602493,1954,0,"Converged","weight","female","3dar1",3.05144088635082,6.5811259359926
"2575",26,1979,4.82347166856831,0.933085502555359,1953,0,"Converged","weight","female","3dar1",2.9946240835598,6.65231925357681
"2576",27,1979,4.8289554271272,0.965217985765921,1952,0,"Converged","weight","female","3dar1",2.937128175026,6.72078267922841
"2577",28,1979,4.83306306202517,0.996738988750146,1951,0,"Converged","weight","female","3dar1",2.87945464407489,6.78667147997546
"2578",29,1979,4.83606341537548,1.02754408067896,1950,0,"Converged","weight","female","3dar1",2.82207701724472,6.85004981350624
"2579",30,1979,4.83817651478092,1.05751751542537,1949,0,"Converged","weight","female","3dar1",2.76544218454719,6.91091084501465
"2580",31,1979,4.83958239399585,1.0865378230818,1948,0,"Converged","weight","female","3dar1",2.70996826075553,6.96919652723618
"2581",2,1980,1.29825843544638,0.0593082430624825,1978,0,"Converged","weight","female","3dar1",1.18201427904391,1.41450259184884
"2582",3,1980,1.71797361492334,0.097205830483238,1977,0,"Converged","weight","female","3dar1",1.52745018717619,1.90849704267049
"2583",4,1980,2.12696630158456,0.138402822588817,1976,0,"Converged","weight","female","3dar1",1.85569676931048,2.39823583385864
"2584",5,1980,2.51075656659296,0.179020111469995,1975,0,"Converged","weight","female","3dar1",2.15987714811177,2.86163598507416
"2585",6,1980,2.86103600877819,0.218010180964767,1974,0,"Converged","weight","female","3dar1",2.43373605408725,3.28833596346913
"2586",7,1980,3.17402618606811,0.255405291991546,1973,0,"Converged","weight","female","3dar1",2.67343181376468,3.67462055837154
"2587",8,1980,3.449062955809,0.291633342258219,1972,0,"Converged","weight","female","3dar1",2.87746160498289,4.02066430663511
"2588",9,1980,3.6874923601947,0.327192861155186,1971,0,"Converged","weight","female","3dar1",3.04619435233054,4.32879036805887
"2589",10,1980,3.89186132481894,0.362505458453195,1970,0,"Converged","weight","female","3dar1",3.18135062625068,4.6023720233872
"2590",11,1980,4.06534963269244,0.397864936633064,1969,0,"Converged","weight","female","3dar1",3.28553435689164,4.84516490849325
"2591",12,1980,4.21138502041413,0.433436448635049,1968,0,"Converged","weight","female","3dar1",3.36184958108943,5.06092045973883
"2592",13,1980,4.33339150220248,0.46927831610484,1967,0,"Converged","weight","female","3dar1",3.413606002637,5.25317700176797
"2593",14,1980,4.43463221845121,0.505371402559849,1966,0,"Converged","weight","female","3dar1",3.44410426943391,5.42516016746852
"2594",15,1980,4.5181180815798,0.541648311328978,1965,0,"Converged","weight","female","3dar1",3.456487391375,5.5797487717846
"2595",16,1980,4.58656156279635,0.578018734763083,1964,0,"Converged","weight","female","3dar1",3.45364484266071,5.71947828293199
"2596",17,1980,4.64236102230086,0.614389359188642,1963,0,"Converged","weight","female","3dar1",3.43815787829112,5.8465641663106
"2597",18,1980,4.68760523050096,0.650677787354302,1962,0,"Converged","weight","female","3dar1",3.41227676728653,5.96293369371539
"2598",19,1980,4.7240906187861,0.686820545765992,1961,0,"Converged","weight","female","3dar1",3.37792234908476,6.07025888848744
"2599",20,1980,4.75334589202399,0.722775685305849,1960,0,"Converged","weight","female","3dar1",3.33670554882452,6.16998623522345
"2600",21,1980,4.77666022274676,0.758520846866877,1959,0,"Converged","weight","female","3dar1",3.28995936288768,6.26336108260583
"2601",22,1980,4.79511243112948,0.794047938394049,1958,0,"Converged","weight","female","3dar1",3.23877847187715,6.35144639038182
"2602",23,1980,4.8095994408047,0.829355730014602,1957,0,"Converged","weight","female","3dar1",3.18406220997608,6.43513667163332
"2603",24,1980,4.82086291405641,0.864441689190641,1956,0,"Converged","weight","female","3dar1",3.12655720324276,6.51516862487007
"2604",25,1980,4.82951343507426,0.89929425739799,1955,0,"Converged","weight","female","3dar1",3.0668966905742,6.59213017957432
"2605",26,1980,4.83605194832937,0.933886532964607,1954,0,"Converged","weight","female","3dar1",3.00563434371874,6.66646955294
"2606",27,1980,4.84088841375403,0.968172013983109,1953,0,"Converged","weight","female","3dar1",2.94327126634714,6.73850556116092
"2607",28,1980,4.84435777892987,1.00208271047386,1952,0,"Converged","weight","female","3dar1",2.88027566640111,6.80843989145863
"2608",29,1980,4.84673345679798,1.03552961202628,1951,0,"Converged","weight","female","3dar1",2.81709541722647,6.87637149636949
"2609",30,1980,4.84823856292177,1.06840523652423,1950,0,"Converged","weight","female","3dar1",2.75416429933428,6.94231282650927
"2610",31,1980,4.84905517567294,1.10058780167097,1949,0,"Converged","weight","female","3dar1",2.69190308439784,7.00620726694803
"2611",2,1981,1.29838823750885,0.05927521025043,1979,0,"Converged","weight","female","3dar1",1.18220882541801,1.41456764959969
"2612",3,1981,1.71837960731983,0.0971119760959935,1978,0,"Converged","weight","female","3dar1",1.52804013417168,1.90871908046797
"2613",4,1981,2.12788419922873,0.138138724439004,1977,0,"Converged","weight","female","3dar1",1.85713229932829,2.39863609912918
"2614",5,1981,2.51249436461236,0.178402534303011,1976,0,"Converged","weight","female","3dar1",2.16282539737846,2.86216333184627
"2615",6,1981,2.86393370669944,0.216790372908229,1975,0,"Converged","weight","female","3dar1",2.43902457579931,3.28884283759957
"2616",7,1981,3.17840795478478,0.253292380556597,1974,0,"Converged","weight","female","3dar1",2.68195488889385,3.67486102067571
"2617",8,1981,3.45519360454016,0.288333130130481,1973,0,"Converged","weight","female","3dar1",2.89006066948442,4.02032653959591
"2618",9,1981,3.69554500601145,0.322454034862676,1972,0,"Converged","weight","female","3dar1",3.06353509768061,4.3275549143423
"2619",10,1981,3.90190050037101,0.356162214069815,1971,0,"Converged","weight","female","3dar1",3.20382256079417,4.59997843994785
"2620",11,1981,4.07733041156467,0.389866309384205,1970,0,"Converged","weight","female","3dar1",3.31319244517163,4.84146837795771
"2621",12,1981,4.22516539867675,0.423856932178631,1969,0,"Converged","weight","female","3dar1",3.39440581160664,5.05592498574687
"2622",13,1981,4.34875350627984,0.458309547022204,1968,0,"Converged","weight","female","3dar1",3.45046679411632,5.24704021844336
"2623",14,1981,4.45130707028996,0.49329888717461,1967,0,"Converged","weight","female","3dar1",3.48444125142772,5.41817288915219
"2624",15,1981,4.53581136280233,0.528819426621672,1966,0,"Converged","weight","female","3dar1",3.49932528662386,5.57229743898081
"2625",16,1981,4.60497536980569,0.564808557682518,1965,0,"Converged","weight","female","3dar1",3.49795059674796,5.71200014286343
"2626",17,1981,4.6612113960874,0.601169825568607,1964,0,"Converged","weight","female","3dar1",3.48291853797293,5.83950425420187
"2627",18,1981,4.70663435910808,0.637793932760929,1963,0,"Converged","weight","female","3dar1",3.45655825089665,5.9567104673195
"2628",19,1981,4.74307413855352,0.674575684159994,1962,0,"Converged","weight","female","3dar1",3.42090579759993,6.0652424795071
"2629",20,1981,4.77209604631581,0.711425701236883,1961,0,"Converged","weight","female","3dar1",3.37770167189152,6.1664904207401
"2630",21,1981,4.79502580898184,0.748276500748444,1960,0,"Converged","weight","female","3dar1",3.32840386751489,6.26164775044879
"2631",22,1981,4.81297646980864,0.785083261737312,1959,0,"Converged","weight","female","3dar1",3.27421327680351,6.35173966281377
"2632",23,1981,4.8268754334382,0.821820200088549,1958,0,"Converged","weight","female","3dar1",3.21610784126464,6.43764302561175
"2633",24,1981,4.83749040574881,0.858473847329203,1957,0,"Converged","weight","female","3dar1",3.15488166498357,6.52009914651405
"2634",25,1981,4.84545342045228,0.895034694124246,1956,0,"Converged","weight","female","3dar1",3.09118541996876,6.5997214209358
"2635",26,1981,4.8512824827754,0.9314886163365,1955,0,"Converged","weight","female","3dar1",3.02556479475586,6.67700017079494
"2636",27,1981,4.85540067317194,0.967809300601581,1954,0,"Converged","weight","female","3dar1",2.95849444399284,6.75230690235104
"2637",28,1981,4.85815270557837,1.00395255478545,1953,0,"Converged","weight","female","3dar1",2.89040569819889,6.82589971295785
"2638",29,1981,4.85981903545376,1.03985300397694,1952,0,"Converged","weight","female","3dar1",2.82170714765896,6.89793092324856
"2639",30,1981,4.86062772378908,1.07542330597349,1951,0,"Converged","weight","female","3dar1",2.75279804408104,6.96845740349712
"2640",31,1981,4.86076427382549,1.11055569606241,1950,0,"Converged","weight","female","3dar1",2.68407510954317,7.0374534381078
"2641",2,1982,1.2984792585978,0.0592455870581407,1980,0,"Converged","weight","female","3dar1",1.18235790796385,1.41460060923176
"2642",3,1982,1.71862937904717,0.0970369231177532,1979,0,"Converged","weight","female","3dar1",1.52843700973637,1.90882174835796
"2643",4,1982,2.12845914940666,0.13792440256028,1978,0,"Converged","weight","female","3dar1",1.85812732038851,2.39879097842481
"2644",5,1982,2.51366842332213,0.177887864738149,1977,0,"Converged","weight","female","3dar1",2.16500820843536,2.8623286382089
"2645",6,1982,2.86605971813913,0.21574626811385,1976,0,"Converged","weight","female","3dar1",2.44319703263598,3.28892240364227
"2646",7,1982,3.18186928066397,0.251429948364744,1975,0,"Converged","weight","female","3dar1",2.68906658186907,3.67467197945887
"2647",8,1982,3.46035101245101,0.285328109747997,1974,0,"Converged","weight","female","3dar1",2.90110791734494,4.01959410755709
"2648",9,1982,3.70268824932778,0.317986135374451,1973,0,"Converged","weight","female","3dar1",3.07943542399386,4.3259410746617
"2649",10,1982,3.91121328177113,0.349962268430169,1972,0,"Converged","weight","female","3dar1",3.225287235648,4.59713932789426
"2650",11,1982,4.08887361868448,0.381760917854671,1971,0,"Converged","weight","female","3dar1",3.34062221968933,4.83712501767964
"2651",12,1982,4.23887837797068,0.413800592632228,1970,0,"Converged","weight","female","3dar1",3.42782921641151,5.04992753952985
"2652",13,1982,4.36446950340711,0.44639774111001,1969,0,"Converged","weight","female","3dar1",3.48952993083149,5.23940907598273
"2653",14,1982,4.4687777681303,0.479760607676753,1968,0,"Converged","weight","female","3dar1",3.52844697708386,5.40910855917673
"2654",15,1982,4.55473531355725,0.513992325614306,1967,0,"Converged","weight","female","3dar1",3.54731035535322,5.5621602717613
"2655",16,1982,4.62502574929841,0.549102990975112,1966,0,"Converged","weight","female","3dar1",3.54878388698719,5.70126761160963
"2656",17,1982,4.68205986269862,0.585029121344124,1965,0,"Converged","weight","female","3dar1",3.53540278486413,5.8287169405331
"2657",18,1982,4.7279694569834,0.621657505675427,1964,0,"Converged","weight","female","3dar1",3.50952074585956,5.94641816810723
"2658",19,1982,4.76461397061592,0.658849797097105,1963,0,"Converged","weight","female","3dar1",3.4732683683056,6.05595957292625
"2659",20,1982,4.79359569396589,0.696464459737871,1962,0,"Converged","weight","female","3dar1",3.42852535287967,6.15866603505212
"2660",21,1982,4.81628036327425,0.734373604409031,1961,0,"Converged","weight","female","3dar1",3.37690809863255,6.25565262791595
"2661",22,1982,4.83382066432022,0.772473425570197,1960,0,"Converged","weight","female","3dar1",3.31977275020264,6.34786857843781
"2662",23,1982,4.84718092177082,0.810688115275967,1959,0,"Converged","weight","female","3dar1",3.25823221582992,6.43612962771172
"2663",24,1982,4.85716161790476,0.848968029518849,1958,0,"Converged","weight","female","3dar1",3.19318428004782,6.52113895576171
"2664",25,1982,4.86442275053484,0.887283493143455,1957,0,"Converged","weight","female","3dar1",3.12534710397367,6.60349839709601
"2665",26,1982,4.86950532824654,0.925615928135597,1956,0,"Converged","weight","female","3dar1",3.05529810910077,6.68371254739231
"2666",27,1982,4.87285071425885,0.963948044357357,1955,0,"Converged","weight","female","3dar1",2.98351254731843,6.76218888119927
"2667",28,1982,4.87481768553235,1.00225462560976,1954,0,"Converged","weight","female","3dar1",2.91039861933722,6.83923675172749
"2668",29,1982,4.87569716437326,1.0404950717196,1953,0,"Converged","weight","female","3dar1",2.83632682380285,6.91506750494367
"2669",30,1982,4.8757247806396,1.07860843681745,1952,0,"Converged","weight","female","3dar1",2.76165224447739,6.9897973168018
"2670",31,1982,4.87509142851639,1.11651124526463,1951,0,"Converged","weight","female","3dar1",2.68672938779773,7.06345346923506
"2671",2,1983,1.29857859342083,0.0592194947497825,1981,0,"Converged","weight","female","3dar1",1.18250838371126,1.4146488031304
"2672",3,1983,1.71879968471266,0.0969767628882799,1980,0,"Converged","weight","female","3dar1",1.52872522945163,1.90887413997369
"2673",4,1983,2.1287600390269,0.137747504954091,1979,0,"Converged","weight","female","3dar1",1.85877492931689,2.39874514873692
"2674",5,1983,2.51429380762203,0.177457093040334,1978,0,"Converged","weight","female","3dar1",2.16647790526297,2.86210970998108
"2675",6,1983,2.8673316568841,0.214866126262664,1977,0,"Converged","weight","female","3dar1",2.44619404940927,3.28846926435892
"2676",7,1983,3.18419809247126,0.249841248953335,1976,0,"Converged","weight","female","3dar1",2.69450924452272,3.67388694041979
"2677",8,1983,3.46417954739912,0.282713385518824,1975,0,"Converged","weight","female","3dar1",2.91006131178222,4.01829778301601
"2678",9,1983,3.70842952960966,0.31399156237188,1974,0,"Converged","weight","female","3dar1",3.09300606736078,4.32385299185855
"2679",10,1983,3.91919466213591,0.344236441082464,1973,0,"Converged","weight","female","3dar1",3.24449123761428,4.59389808665754
"2680",11,1983,4.09929854538457,0.374004509200871,1972,0,"Converged","weight","female","3dar1",3.36624970735087,4.83234738341828
"2681",12,1983,4.25181003890527,0.403816391968904,1971,0,"Converged","weight","female","3dar1",3.46032991064622,5.04329016716432
"2682",13,1983,4.37983445751423,0.434129625343965,1970,0,"Converged","weight","female","3dar1",3.52894039184006,5.2307285231884
"2683",14,1983,4.48638509090777,0.465312717362292,1969,0,"Converged","weight","female","3dar1",3.57437216487768,5.39839801693787
"2684",15,1983,4.57430545940413,0.497624807625755,1968,0,"Converged","weight","female","3dar1",3.59896083645765,5.54965008235061
"2685",16,1983,4.6462229106338,0.531206328439417,1967,0,"Converged","weight","female","3dar1",3.60505850689255,5.68738731437506
"2686",17,1983,4.70452258510771,0.566083503942394,1966,0,"Converged","weight","female","3dar1",3.59499891738062,5.81404625283481
"2687",18,1983,4.7513363568879,0.602185836631023,1965,0,"Converged","weight","female","3dar1",3.57105211709109,5.9316205966847
"2688",19,1983,4.78854329032243,0.639372669073734,1964,0,"Converged","weight","female","3dar1",3.53537285893791,6.04171372170694
"2689",20,1983,4.81777861028674,0.677463446772993,1963,0,"Converged","weight","female","3dar1",3.48995025461168,6.14560696596181
"2690",21,1983,4.84044866059417,0.716266508945737,1962,0,"Converged","weight","female","3dar1",3.43656630306053,6.24433101812782
"2691",22,1983,4.85774965871785,0.755602478380972,1961,0,"Converged","weight","female","3dar1",3.37676880109115,6.33873051634456
"2692",23,1983,4.87068879745263,0.79532006663642,1960,0,"Converged","weight","female","3dar1",3.31186146684524,6.42951612806001
"2693",24,1983,4.88010633799077,0.835303700810224,1959,0,"Converged","weight","female","3dar1",3.24291108440273,6.51730159157881
"2694",25,1983,4.8866975624807,0.875473656954357,1958,0,"Converged","weight","female","3dar1",3.17076919485015,6.60262593011123
"2695",26,1983,4.89103355864507,0.915780224174355,1957,0,"Converged","weight","female","3dar1",3.09610431926334,6.68596279802681
"2696",27,1983,4.89358041986392,0.956193951833587,1956,0,"Converged","weight","female","3dar1",3.01944027427009,6.76772056545775
"2697",28,1983,4.89471659004392,0.996694132089534,1955,0,"Converged","weight","female","3dar1",2.94119609114843,6.8482370889394
"2698",29,1983,4.89474808814183,1.03725743627401,1954,0,"Converged","weight","female","3dar1",2.86172351304476,6.92777266323889
"2699",30,1983,4.89392174338338,1.07784827206192,1953,0,"Converged","weight","female","3dar1",2.78133913014202,7.00650435662474
"2700",31,1983,4.89243658637063,1.1184118895256,1952,0,"Converged","weight","female","3dar1",2.70034928290045,7.0845238898408
"2701",2,1984,1.29876949629837,0.0591994519789028,1982,0,"Converged","weight","female","3dar1",1.18273857041972,1.41480042217702
"2702",3,1984,1.71904881572157,0.0969307472571789,1981,0,"Converged","weight","female","3dar1",1.5290645510975,1.90903308034564
"2703",4,1984,2.12898189726447,0.137594054754293,1980,0,"Converged","weight","female","3dar1",1.85929754994606,2.39866624458289
"2704",5,1984,2.51454662510154,0.177074689955293,1979,0,"Converged","weight","female","3dar1",2.16748023278917,2.86161301741392
"2705",6,1984,2.86784542877358,0.214094799868285,1978,0,"Converged","weight","female","3dar1",2.44821962103174,3.28747123651542
"2706",7,1984,3.18535440255573,0.248470745695173,1977,0,"Converged","weight","female","3dar1",2.69835174099319,3.67235706411827
"2707",8,1984,3.4664653553246,0.280471291659811,1976,0,"Converged","weight","female","3dar1",2.91674162367137,4.01618908697783
"2708",9,1984,3.71236808235725,0.310541505846188,1975,0,"Converged","weight","female","3dar1",3.10370673089872,4.32102943381578
"2709",10,1984,3.92526920964,0.339195029569681,1974,0,"Converged","weight","female","3dar1",3.26044695168343,4.59009146759658
"2710",11,1984,4.10788792732974,0.366979531456865,1973,0,"Converged","weight","female","3dar1",3.38860804567429,4.8271678089852
"2711",12,1984,4.2631475590444,0.39446099499351,1972,0,"Converged","weight","female","3dar1",3.49000400885712,5.03629110923168
"2712",13,1984,4.3939916958573,0.422201278708462,1971,0,"Converged","weight","female","3dar1",3.56647718958872,5.22150620212589
"2713",14,1984,4.50327840551884,0.450723423936771,1970,0,"Converged","weight","female","3dar1",3.61986049460276,5.38669631643491
"2714",15,1984,4.59372011227928,0.480470601691753,1969,0,"Converged","weight","female","3dar1",3.65199773296345,5.53544249159512
"2715",16,1984,4.66784734657128,0.51176926328482,1968,0,"Converged","weight","female","3dar1",3.66477959053303,5.67091510260953
"2716",17,1984,4.72798508453662,0.544806338171222,1967,0,"Converged","weight","female","3dar1",3.66016466172103,5.79580550735222
"2717",18,1984,4.77623863131684,0.579626040947263,1966,0,"Converged","weight","female","3dar1",3.64017159106021,5.91230567157348
"2718",19,1984,4.81448825673321,0.616146123849861,1965,0,"Converged","weight","female","3dar1",3.60684185398748,6.02213465947893
"2719",20,1984,4.84439132389269,0.654188602112076,1964,0,"Converged","weight","female","3dar1",3.56218166375302,6.12660098403236
"2720",21,1984,4.86739051072839,0.693517596581538,1963,0,"Converged","weight","female","3dar1",3.50809602142858,6.22668500002821
"2721",22,1984,4.88472631361591,0.733876898565704,1962,0,"Converged","weight","female","3dar1",3.44632759242713,6.32312503480469
"2722",23,1984,4.89745303104397,0.775021666258113,1961,0,"Converged","weight","female","3dar1",3.37841056517806,6.41649549690987
"2723",24,1984,4.90645709563526,0.816740929960441,1960,0,"Converged","weight","female","3dar1",3.30564487291279,6.50726931835772
"2724",25,1984,4.91247663736044,0.858869781238096,1959,0,"Converged","weight","female","3dar1",3.22909186613377,6.59586140858711
"2725",26,1984,4.91612074106057,0.901291752112504,1958,0,"Converged","weight","female","3dar1",3.14958890692006,6.68265257520107
"2726",27,1984,4.91788789091865,0.943933215642568,1957,0,"Converged","weight","female","3dar1",3.06777878825922,6.76799699357808
"2727",28,1984,4.91818323241478,0.986752327053061,1956,0,"Converged","weight","female","3dar1",2.98414867139078,6.85221779343878
"2728",29,1984,4.91733397436449,1.02972511168051,1955,0,"Converged","weight","female","3dar1",2.89907275547069,6.93559519325828
"2729",30,1984,4.91560307823778,1.07283126881927,1954,0,"Converged","weight","female","3dar1",2.812853791352,7.01835236512356
"2730",31,1984,4.91320149929668,1.11604180776654,1953,0,"Converged","weight","female","3dar1",2.72575955607426,7.10064344251909
"2731",2,1985,1.29918080022675,0.0591919910983865,1983,0,"Converged","weight","female","3dar1",1.18316449767391,1.41519710277958
"2732",3,1985,1.71964128862027,0.096906799230679,1982,0,"Converged","weight","female","3dar1",1.52970396212814,1.9095786151124
"2733",4,1985,2.12949073868379,0.137460751458352,1981,0,"Converged","weight","female","3dar1",1.86006766582542,2.39891381154216
"2734",5,1985,2.5148334789504,0.176708704333244,1980,0,"Converged","weight","female","3dar1",2.16848441845724,2.86118253944356
"2735",6,1985,2.86797152556964,0.213358026969667,1979,0,"Converged","weight","female","3dar1",2.44978979270909,3.28615325843019
"2736",7,1985,3.18559038130089,0.247202691581011,1978,0,"Converged","weight","female","3dar1",2.70107310580211,3.67010765679967
"2737",8,1985,3.46727227732726,0.278469216016055,1977,0,"Converged","weight","female","3dar1",2.92147261393579,4.01307194071872
"2738",9,1985,3.71433614169404,0.307537000842568,1976,0,"Converged","weight","female","3dar1",3.11156362004261,4.31710866334548
"2739",10,1985,3.92902662359881,0.334841413671898,1975,0,"Converged","weight","female","3dar1",3.27273745280189,4.58531579439573
"2740",11,1985,4.11400826434648,0.360862266731847,1974,0,"Converged","weight","female","3dar1",3.40671822155206,4.8212983071409
"2741",12,1985,4.27207742891982,0.386135202980962,1973,0,"Converged","weight","female","3dar1",3.51525243107713,5.0289024267625
"2742",13,1985,4.40600549205891,0.41125181557322,1972,0,"Converged","weight","female","3dar1",3.5999519335354,5.21205905058242
"2743",14,1985,4.51846213034341,0.436836051073743,1971,0,"Converged","weight","female","3dar1",3.66226347023887,5.37466079044794
"2744",15,1985,4.61198246370311,0.463498245841595,1970,0,"Converged","weight","female","3dar1",3.70352590185358,5.52043902555263
"2745",16,1985,4.68895073285343,0.491777096777018,1969,0,"Converged","weight","female","3dar1",3.72506762317047,5.65283384253638
"2746",17,1985,4.75158589126489,0.522084275857583,1968,0,"Converged","weight","female","3dar1",3.72830071058403,5.77487107194575
"2747",18,1985,4.80192817067786,0.554665920392153,1967,0,"Converged","weight","female","3dar1",3.71478296670924,5.88907337464648
"2748",19,1985,4.84182950467019,0.589589995826227,1966,0,"Converged","weight","female","3dar1",3.68623311285079,5.9974258964896
"2749",20,1985,4.87294901628053,0.626760732360168,1965,0,"Converged","weight","female","3dar1",3.6444979808546,6.10140005170646
"2750",21,1985,4.8967539482191,0.665954395385344,1964,0,"Converged","weight","female","3dar1",3.59148333326383,6.20202456317438
"2751",22,1985,4.91452445757489,0.706866518496643,1963,0,"Converged","weight","female","3dar1",3.52906608132147,6.29998283382831
"2752",23,1985,4.92736269120352,0.749160626239934,1962,0,"Converged","weight","female","3dar1",3.45900786377325,6.39571751863379
"2753",24,1985,4.93620562388996,0.792510554128854,1961,0,"Converged","weight","female","3dar1",3.38288493779741,6.48952630998252
"2754",25,1985,4.94184101143749,0.836631617935787,1960,0,"Converged","weight","female","3dar1",3.30204304028334,6.58163898259163
"2755",26,1985,4.94492401217896,0.881298537954181,1959,0,"Converged","weight","female","3dar1",3.21757887778876,6.67226914656915
"2756",27,1985,4.94599397366966,0.926350611720185,1958,0,"Converged","weight","female","3dar1",3.13034677469809,6.76164117264122
"2757",28,1985,4.94549111852877,0.971686352836848,1957,0,"Converged","weight","female","3dar1",3.04098586696855,6.84999637008899
"2758",29,1985,4.94377159040544,1.0172504202307,1956,0,"Converged","weight","female","3dar1",2.94996076675326,6.93758241405762
"2759",30,1985,4.94112104412138,1.06301635066538,1955,0,"Converged","weight","female","3dar1",2.85760899681724,7.02463309142552
"2760",31,1985,4.93776753956097,1.10896860873314,1954,0,"Converged","weight","female","3dar1",2.76418906644401,7.11134601267793
"2761",2,1986,1.29999605860076,0.0592084847814939,1984,0,"Converged","weight","female","3dar1",1.18394742842903,1.41604468877249
"2762",3,1986,1.72097215293597,0.0969252376621758,1983,0,"Converged","weight","female","3dar1",1.5309986871181,1.91094561875383
"2763",4,1986,2.13086782682873,0.137366283485184,1982,0,"Converged","weight","female","3dar1",1.86162991119777,2.40010574245969
"2764",5,1986,2.5158625359334,0.176354953656923,1981,0,"Converged","weight","female","3dar1",2.17020682676583,2.86151824510097
"2765",6,1986,2.86846036950678,0.212601917803337,1980,0,"Converged","weight","female","3dar1",2.45176061061224,3.28516012840133
"2766",7,1986,3.18559120974229,0.245911160449839,1979,0,"Converged","weight","female","3dar1",2.7036053352606,3.66757708422397
"2767",8,1986,3.46711199484497,0.276506514525344,1978,0,"Converged","weight","female","3dar1",2.9251592263753,4.00906476331465
"2768",9,1986,3.71458716284196,0.30473159405667,1977,0,"Converged","weight","female","3dar1",3.11731323849089,4.31186108719304
"2769",10,1986,3.93041457127852,0.330946647068665,1976,0,"Converged","weight","female","3dar1",3.28175914302394,4.5790699995331
"2770",11,1986,4.11729369080101,0.355530827737497,1975,0,"Converged","weight","female","3dar1",3.42045326843551,4.8141341131665
"2771",12,1986,4.27794896673167,0.378921372247456,1974,0,"Converged","weight","female","3dar1",3.53526307712666,5.02063485633668
"2772",13,1986,4.41499666676885,0.401646823276789,1973,0,"Converged","weight","female","3dar1",3.62776889314634,5.20222444039136
"2773",14,1986,4.53089993196572,0.424334190096032,1972,0,"Converged","weight","female","3dar1",3.6992049193775,5.36259494455395
"2774",15,1986,4.62797316249918,0.447682852090804,1971,0,"Converged","weight","female","3dar1",3.75051477240121,5.50543155259716
"2775",16,1986,4.70839901251587,0.472407976118269,1970,0,"Converged","weight","female","3dar1",3.78247937932406,5.63431864570767
"2776",17,1986,4.77423382442575,0.499164996384185,1969,0,"Converged","weight","female","3dar1",3.79587043151275,5.75259721733875
"2777",18,1986,4.82740122660878,0.52847307091129,1968,0,"Converged","weight","female","3dar1",3.79159400762265,5.86320844559491
"2778",19,1986,4.8696817854196,0.560656743287307,1967,0,"Converged","weight","female","3dar1",3.77079456857648,5.96856900226272
"2779",20,1986,4.90270330318057,0.595819828187645,1966,0,"Converged","weight","female","3dar1",3.73489643993278,6.07051016642835
"2780",21,1986,4.92793512768995,0.633855891705268,1965,0,"Converged","weight","female","3dar1",3.68557757994763,6.17029267543228
"2781",22,1986,4.9466842272368,0.674488986425539,1964,0,"Converged","weight","female","3dar1",3.62468581384274,6.26868264063085
"2782",23,1986,4.9600954485804,0.717332304005792,1963,0,"Converged","weight","female","3dar1",3.55412413272905,6.36606676443175
"2783",24,1986,4.96915661150813,0.76195109016626,1962,0,"Converged","weight","female","3dar1",3.47573247478226,6.462580748234
"2784",25,1986,4.97470946933566,0.807919025805726,1961,0,"Converged","weight","female","3dar1",3.39118817875643,6.55823075991488
"2785",26,1986,4.97746226754689,0.854860673855111,1960,0,"Converged","weight","female","3dar1",3.30193534679087,6.65298918830291
"2786",27,1986,4.97800355953495,0.902477005321841,1959,0,"Converged","weight","female","3dar1",3.20914862910414,6.74685848996576
"2787",28,1986,4.97681783663991,0.950554570715863,1958,0,"Converged","weight","female","3dar1",3.11373087803682,6.839904795243
"2788",29,1986,4.97429954066634,0.998960132520156,1957,0,"Converged","weight","female","3dar1",3.01633768092683,6.93226140040584
"2789",30,1986,4.97076548557128,1.04762456847215,1956,0,"Converged","weight","female","3dar1",2.91742133136586,7.0241096397767
"2790",31,1986,4.96646783060102,1.09652097593081,1955,0,"Converged","weight","female","3dar1",2.81728671777663,7.1156489434254
"2791",2,1987,1.30146256890265,0.0592643585300658,1985,0,"Converged","weight","female","3dar1",1.18530442618372,1.41762071162158
"2792",3,1987,1.72359088665465,0.0970176546301401,1984,0,"Converged","weight","female","3dar1",1.53343628357958,1.91374548972973
"2793",4,1987,2.13395021358191,0.137354317227657,1983,0,"Converged","weight","female","3dar1",1.8647357518157,2.40316467534812
"2794",5,1987,2.51870782139297,0.176052517666415,1982,0,"Converged","weight","female","3dar1",2.1736448867668,2.86377075601915
"2795",6,1987,2.87054495223363,0.211830742529591,1981,0,"Converged","weight","female","3dar1",2.45535669687563,3.28573320759163
"2796",7,1987,3.18662466189765,0.244524655568408,1980,0,"Converged","weight","female","3dar1",2.70735633698357,3.66589298681173
"2797",8,1987,3.46713864495961,0.274400559765628,1979,0,"Converged","weight","female","3dar1",2.92931354781898,4.00496374210024
"2798",9,1987,3.71402560639985,0.301821796601175,1978,0,"Converged","weight","female","3dar1",3.12245488506154,4.30559632773815
"2799",10,1987,3.92998912558582,0.327116473890116,1977,0,"Converged","weight","female","3dar1",3.2888408367612,4.57113741441045
"2800",11,1987,4.11789988526048,0.350574678316207,1976,0,"Converged","weight","female","3dar1",3.43077351576071,4.80502625476025
"2801",12,1987,4.28051506934764,0.372504852515158,1975,0,"Converged","weight","female","3dar1",3.55040555841794,5.01062458027735
"2802",13,1987,4.42035730397987,0.393297621536876,1974,0,"Converged","weight","female","3dar1",3.64949396576759,5.19122064219215
"2803",14,1987,4.53969554566068,0.413472123340639,1973,0,"Converged","weight","female","3dar1",3.72929018391303,5.35010090740833
"2804",15,1987,4.64059373630319,0.433690398855471,1972,0,"Converged","weight","female","3dar1",3.79056055454647,5.49062691805992
"2805",16,1987,4.72497825037483,0.454732194769765,1971,0,"Converged","weight","female","3dar1",3.83370314862609,5.61625335212357
"2806",17,1987,4.79467865289138,0.477431015866459,1970,0,"Converged","weight","female","3dar1",3.85891386179312,5.73044344398964
"2807",18,1987,4.85143807164952,0.502581837397319,1969,0,"Converged","weight","female","3dar1",3.86637767035077,5.83649847294826
"2808",19,1987,4.89690789326594,0.530840202912557,1968,0,"Converged","weight","female","3dar1",3.85646109555733,5.93735469097455
"2809",20,1987,4.93263585039905,0.56263755592842,1967,0,"Converged","weight","female","3dar1",3.82986624077935,6.03540546001876
"2810",21,1987,4.96005665976626,0.598134969429237,1966,0,"Converged","weight","female","3dar1",3.78771211968496,6.13240119984757
"2811",22,1987,4.98047956690985,0.637224695227506,1965,0,"Converged","weight","female","3dar1",3.73151916426394,6.22943996955576
"2812",23,1987,4.99507813442194,0.679574797822848,1964,0,"Converged","weight","female","3dar1",3.66311153068916,6.32704473815473
"2813",24,1987,5.00488454979997,0.724701232982455,1963,0,"Converged","weight","female","3dar1",3.58447013315436,6.42529896644559
"2814",25,1987,5.01079425595531,0.772049522261522,1962,0,"Converged","weight","female","3dar1",3.49757719232272,6.52401131958789
"2815",26,1987,5.01357271422836,0.821069567693799,1961,0,"Converged","weight","female","3dar1",3.40427636154852,6.62286906690821
"2816",27,1987,5.01386418490896,0.871273258919569,1960,0,"Converged","weight","female","3dar1",3.3061685974266,6.72155977239131
"2817",28,1987,5.01220614199757,0.922271329271164,1959,0,"Converged","weight","female","3dar1",3.20455433662609,6.81985794736906
"2818",29,1987,5.00904178350616,0.973787763410022,1958,0,"Converged","weight","female","3dar1",3.10041776722252,6.9176657997898
"2819",30,1987,5.00472949163211,1.02565408395165,1957,0,"Converged","weight","female","3dar1",2.99444748708687,7.01501149617735
"2820",31,1987,4.99955473150038,1.07778914389426,1956,0,"Converged","weight","female","3dar1",2.88708800946764,7.11202145353313
"2821",2,1988,1.30390160030319,0.0593761206397146,1986,0,"Converged","weight","female","3dar1",1.18752440384935,1.42027879675703
"2822",3,1988,1.72822893891041,0.0972188127449344,1985,0,"Converged","weight","female","3dar1",1.53768006593034,1.91877781189048
"2823",4,1988,2.13986930413773,0.137481260371008,1984,0,"Converged","weight","female","3dar1",1.87040603381055,2.4093325744649
"2824",5,1988,2.52485999430382,0.175875071090631,1983,0,"Converged","weight","female","3dar1",2.18014485496618,2.86957513364146
"2825",6,1988,2.8760268424269,0.211117705072042,1982,0,"Converged","weight","female","3dar1",2.46223614048569,3.2898175443681
"2826",7,1988,3.19068232527918,0.243071806713722,1981,0,"Converged","weight","female","3dar1",2.71426158412029,3.66710306643808
"2827",8,1988,3.46935094245819,0.272075045969953,1980,0,"Converged","weight","female","3dar1",2.93608385235708,4.00261803255929
"2828",9,1988,3.7144641212042,0.298573741611113,1979,0,"Converged","weight","female","3dar1",3.12925958764641,4.29966865476198
"2829",10,1988,3.92921413495346,0.322937659733028,1978,0,"Converged","weight","female","3dar1",3.29625632187673,4.5621719480302
"2830",11,1988,4.11682642142047,0.345426469912017,1977,0,"Converged","weight","female","3dar1",3.43979054039291,4.79386230244802
"2831",12,1988,4.280255631651,0.366245283181378,1976,0,"Converged","weight","female","3dar1",3.5624148766155,4.9980963866865
"2832",13,1988,4.42205605079823,0.385624605907554,1975,0,"Converged","weight","female","3dar1",3.66623182321942,5.17788027837704
"2833",14,1988,4.54436654673731,0.403898510315283,1974,0,"Converged","weight","female","3dar1",3.75272546651935,5.33600762695526
"2834",15,1988,4.64900077692885,0.421564200101598,1973,0,"Converged","weight","female","3dar1",3.82273494472972,5.47526660912798
"2835",16,1988,4.7375853416314,0.439307326831709,1972,0,"Converged","weight","female","3dar1",3.87654298104126,5.59862770222155
"2836",17,1988,4.81165791271139,0.457983498449833,1971,0,"Converged","weight","female","3dar1",3.91401025574972,5.70930556967307
"2837",18,1988,4.87270846057148,0.478553024461213,1970,0,"Converged","weight","female","3dar1",3.93474453262751,5.81067238851546
"2838",19,1988,4.92218765097733,0.501974736583267,1969,0,"Converged","weight","female","3dar1",3.93831716727412,5.90605813468053
"2839",20,1988,4.9614967107012,0.52907744585638,1968,0,"Converged","weight","female","3dar1",3.92450491682269,5.9984885045797
"2840",21,1988,4.99198109897859,0.560440687671822,1967,0,"Converged","weight","female","3dar1",3.89351735114182,6.09044484681536
"2841",22,1988,5.01491221982308,0.596316923290407,1966,0,"Converged","weight","female","3dar1",3.84613105017388,6.18369338947227
"2842",23,1988,5.03146627751865,0.636615826244835,1965,0,"Converged","weight","female","3dar1",3.78369925807877,6.27923329695853
"2843",24,1988,5.04270326359245,0.680949169422117,1964,0,"Converged","weight","female","3dar1",3.7080428915251,6.3773636356598
"2844",25,1988,5.04956445243934,0.728719436225111,1963,0,"Converged","weight","female","3dar1",3.62127435743812,6.47785454744056
"2845",26,1988,5.0528715181709,0.779225408290833,1962,0,"Converged","weight","female","3dar1",3.52558971792087,6.58015331842094
"2846",27,1988,5.05332647946175,0.831761303897115,1961,0,"Converged","weight","female","3dar1",3.42307432382341,6.6835786351001
"2847",28,1988,5.0515255284683,0.885697592871951,1960,0,"Converged","weight","female","3dar1",3.31555824643928,6.78749281049732
"2848",29,1988,5.04797074888437,0.940533607404957,1959,0,"Converged","weight","female","3dar1",3.20452487837066,6.89141661939809
"2849",30,1988,5.04307388015478,0.995919052673488,1958,0,"Converged","weight","female","3dar1",3.09107253691474,6.99507522339481
"2850",31,1988,5.03716515084108,1.05164872062578,1957,0,"Converged","weight","female","3dar1",2.97593365841455,7.09839664326761
"2851",2,1989,1.30772229440447,0.0595560514765895,1987,0,"Converged","weight","female","3dar1",1.19099243351036,1.42445215529859
"2852",3,1989,1.73584269907082,0.0975519299772395,1986,0,"Converged","weight","female","3dar1",1.54464091631543,1.92704448182621
"2853",4,1989,2.15010150730002,0.137786509229662,1985,0,"Converged","weight","female","3dar1",1.88003994920988,2.42016306539016
"2854",5,1989,2.53626541402051,0.175886348234862,1984,0,"Converged","weight","female","3dar1",2.19152817148018,2.88100265656084
"2855",6,1989,2.88733469018803,0.2105629368895,1983,0,"Converged","weight","female","3dar1",2.47463133388461,3.30003804649145
"2856",7,1989,3.20059445076484,0.241666677283951,1982,0,"Converged","weight","female","3dar1",2.72692776328829,3.67426113824138
"2857",8,1989,3.47678076877707,0.269594605244094,1981,0,"Converged","weight","female","3dar1",2.94837534249865,4.00518619505549
"2858",9,1989,3.71888684139761,0.294920124806803,1980,0,"Converged","weight","female","3dar1",3.14084339677627,4.29693028601894
"2859",10,1989,3.93079190105207,0.318137442229273,1979,0,"Converged","weight","female","3dar1",3.3072425142827,4.55434128782145
"2860",11,1989,4.11629667352989,0.339566527675984,1978,0,"Converged","weight","female","3dar1",3.45074627928496,4.78184706777482
"2861",12,1989,4.27878029935555,0.359387934586848,1977,0,"Converged","weight","female","3dar1",3.57437994756533,4.98318065114577
"2862",13,1989,4.42103762258076,0.377717754856739,1976,0,"Converged","weight","female","3dar1",3.68071082306156,5.16136442209997
"2863",14,1989,4.54522102570017,0.394697695305192,1975,0,"Converged","weight","female","3dar1",3.77161354290199,5.31882850849834
"2864",15,1989,4.65294651902007,0.41058813212565,1974,0,"Converged","weight","female","3dar1",3.8481937800538,5.45769925798635
"2865",16,1989,4.74552376260705,0.425842525223421,1973,0,"Converged","weight","female","3dar1",3.91087241316915,5.58017511204496
"2866",17,1989,4.82414301220636,0.441147462881715,1972,0,"Converged","weight","female","3dar1",3.9594939849582,5.68879203945452
"2867",18,1989,4.88996717204765,0.457418682380609,1971,0,"Converged","weight","female","3dar1",3.99342655458166,5.78650778951365
"2868",19,1989,4.94416610768505,0.475744130922093,1970,0,"Converged","weight","female","3dar1",4.01170761107775,5.87662460429235
"2869",20,1989,4.9879106064823,0.4972701489698,1969,0,"Converged","weight","female","3dar1",4.01326111450149,5.96256009846311
"2870",21,1989,5.02238130520943,0.523044897939611,1968,0,"Converged","weight","female","3dar1",3.9972133052478,6.04754930517107
"2871",22,1989,5.04875184960009,0.553852964978651,1967,0,"Converged","weight","female","3dar1",3.96320003824193,6.13430366095825
"2872",23,1989,5.0681598352577,0.59009035256528,1966,0,"Converged","weight","female","3dar1",3.91158274422975,6.22473692628565
"2873",24,1989,5.08166266185162,0.631715887144405,1965,0,"Converged","weight","female","3dar1",3.84349952304859,6.31982580065466
"2874",25,1989,5.09022868886791,0.678291234425214,1964,0,"Converged","weight","female","3dar1",3.76077786939449,6.41967950834133
"2875",26,1989,5.09472766994563,0.729087123136367,1963,0,"Converged","weight","female","3dar1",3.66571690859836,6.52373843129291
"2876",27,1989,5.09591372057845,0.783217713396699,1962,0,"Converged","weight","female","3dar1",3.56080700232092,6.63102043883598
"2877",28,1989,5.09444032944296,0.839777797214075,1961,0,"Converged","weight","female","3dar1",3.44847584690337,6.74040481198254
"2878",29,1989,5.09087543442871,0.897956510741266,1960,0,"Converged","weight","female","3dar1",3.33088067337583,6.85087019548159
"2879",30,1989,5.08569556203002,0.957112060689452,1959,0,"Converged","weight","female","3dar1",3.2097559230787,6.96163520098135
"2880",31,1989,5.07928822923868,1.0168064686495,1958,0,"Converged","weight","female","3dar1",3.08634755068565,7.0722289077917
"2881",2,1990,1.31344055978488,0.0598042064667698,1988,0,"Converged","weight","female","3dar1",1.19622431511001,1.43065680445975
"2882",3,1990,1.74769489609704,0.0980101218519373,1987,0,"Converged","weight","female","3dar1",1.55559505726725,1.93979473492684
"2883",4,1990,2.16656955950537,0.138251151399768,1986,0,"Converged","weight","female","3dar1",1.89559730276183,2.43754181624892
"2884",5,1990,2.55537613519241,0.176059443192772,1985,0,"Converged","weight","female","3dar1",2.21029962653458,2.90045264385024
"2885",6,1990,2.90755678120622,0.210183788532209,1984,0,"Converged","weight","female","3dar1",2.4955965556831,3.31951700672935
"2886",7,1990,3.22010747107088,0.240398406560383,1983,0,"Converged","weight","female","3dar1",2.74892659421253,3.69128834792923
"2887",8,1990,3.4936505518385,0.267087372914038,1982,0,"Converged","weight","female","3dar1",2.97015930092698,4.01714180275001
"2888",9,1990,3.73169637684104,0.290945819067886,1981,0,"Converged","weight","female","3dar1",3.16144257146799,4.3019501822141
"2889",10,1990,3.93900298899597,0.312654463807219,1980,0,"Converged","weight","female","3dar1",3.32620023993382,4.55180573805811
"2890",11,1990,4.12017827078824,0.332687015782602,1979,0,"Converged","weight","female","3dar1",3.46811171985433,4.77224482172214
"2891",12,1990,4.27930019441295,0.351309027155372,1978,0,"Converged","weight","female","3dar1",3.59073450118842,4.96786588763748
"2892",13,1990,4.41971204681613,0.368626444013999,1977,0,"Converged","weight","female","3dar1",3.6972042165487,5.14221987708357
"2893",14,1990,4.54383852885827,0.384658771352467,1976,0,"Converged","weight","female","3dar1",3.78990733700743,5.2977697207091
"2894",15,1990,4.65323362423151,0.399443992141992,1975,0,"Converged","weight","female","3dar1",3.87032339963321,5.43614384882982
"2895",16,1990,4.74891870215213,0.413147914656661,1974,0,"Converged","weight","female","3dar1",3.93914878942508,5.55868861487919
"2896",17,1990,4.83170441509546,0.426151475665957,1973,0,"Converged","weight","female","3dar1",3.99644752279019,5.66696130740074
"2897",18,1990,4.90236275343562,0.439108379979535,1972,0,"Converged","weight","female","3dar1",4.04171032867573,5.76301517819551
"2898",19,1990,4.96170577326088,0.45296525280258,1971,0,"Converged","weight","female","3dar1",4.07389387776782,5.84951766875393
"2899",20,1990,5.0105766777579,0.468925953360904,1970,0,"Converged","weight","female","3dar1",4.09148180917052,5.92967154634527
"2900",21,1990,5.04989318846703,0.48834459192275,1969,0,"Converged","weight","female","3dar1",4.09273778829844,6.00704858863562
"2901",22,1990,5.0806467992895,0.512542271148125,1968,0,"Converged","weight","female","3dar1",4.07606394783917,6.08522965073982
"2902",23,1990,5.10387796641269,0.542585940597376,1967,0,"Converged","weight","female","3dar1",4.04040952284183,6.16734640998355
"2903",24,1990,5.12059319216959,0.579091011252328,1966,0,"Converged","weight","female","3dar1",3.98557481011503,6.25561157422416
"2904",25,1990,5.13175432510639,0.622119564773185,1965,0,"Converged","weight","female","3dar1",3.91239997815094,6.35110867206183
"2905",26,1990,5.13826366767457,0.671201066512562,1964,0,"Converged","weight","female","3dar1",3.82270957730995,6.45381775803919
"2906",27,1990,5.14091126382469,0.725448695265375,1963,0,"Converged","weight","female","3dar1",3.71903182110456,6.56279070654483
"2907",28,1990,5.14039313248179,0.783739293557445,1962,0,"Converged","weight","female","3dar1",3.6042641171092,6.67652214785438
"2908",29,1990,5.13734222984668,0.844904215259444,1961,0,"Converged","weight","female","3dar1",3.48132996793816,6.79335449175519
"2909",30,1990,5.1323074205092,0.907888290898531,1960,0,"Converged","weight","female","3dar1",3.35284637034808,6.91176847067032
"2910",31,1990,5.12574271860741,0.97186308389774,1959,0,"Converged","weight","female","3dar1",3.22089107416784,7.03059436304698
"2911",2,1991,1.32169431538147,0.0600952507112036,1989,0,"Converged","weight","female","3dar1",1.20390762398751,1.43948100677543
"2912",3,1991,1.76550757216963,0.0985331933458694,1988,0,"Converged","weight","female","3dar1",1.57238251321173,1.95863263112754
"2913",4,1991,2.19187597211044,0.13875655048531,1987,0,"Converged","weight","female","3dar1",1.91991313315924,2.46383881106165
"2914",5,1991,2.58527453352209,0.176174015626483,1986,0,"Converged","weight","female","3dar1",2.23997346289418,2.93057560415
"2915",6,1991,2.94047631143534,0.20974218712514,1985,0,"Converged","weight","female","3dar1",2.52938162467006,3.35157099820061
"2916",7,1991,3.25393226028074,0.239110621629591,1984,0,"Converged","weight","female","3dar1",2.78527544188674,3.72258907867474
"2917",8,1991,3.52549720102166,0.26451400751608,1983,0,"Converged","weight","female","3dar1",3.00704974629015,4.04394465575318
"2918",9,1991,3.75893162527689,0.286689033976473,1982,0,"Converged","weight","female","3dar1",3.19702111868301,4.32084213187078
"2919",10,1991,3.96003790488857,0.306514550611175,1981,0,"Converged","weight","female","3dar1",3.35926938569067,4.56080642408648
"2920",11,1991,4.13443041893,0.324676067127638,1980,0,"Converged","weight","female","3dar1",3.49806532735983,4.77079551050017
"2921",12,1991,4.28716022852852,0.341626503571675,1979,0,"Converged","weight","female","3dar1",3.61757228152803,4.956748175529
"2922",13,1991,4.42252768807856,0.357596625290474,1978,0,"Converged","weight","female","3dar1",3.72163830250923,5.12341707364789
"2923",14,1991,4.54365107113493,0.372613814114357,1977,0,"Converged","weight","female","3dar1",3.81332799547079,5.27397414679907
"2924",15,1991,4.65228395417064,0.386586797019296,1976,0,"Converged","weight","female","3dar1",3.89457383201282,5.40999407632846
"2925",16,1991,4.74925777083952,0.399436978228937,1975,0,"Converged","weight","female","3dar1",3.9663612935108,5.53215424816824
"2926",17,1991,4.8350092387826,0.411215820792804,1974,0,"Converged","weight","female","3dar1",4.0290262300287,5.64099224753649
"2927",18,1991,4.90987791105263,0.422198461313577,1973,0,"Converged","weight","female","3dar1",4.08236892687802,5.73738689522724
"2928",19,1991,4.9742646906376,0.432962716160248,1972,0,"Converged","weight","female","3dar1",4.12565776696351,5.82287161431169
"2929",20,1991,5.02858598304229,0.444438985774009,1971,0,"Converged","weight","female","3dar1",4.15748557092523,5.89968639515935
"2930",21,1991,5.07337728937227,0.457920245582782,1970,0,"Converged","weight","female","3dar1",4.17585360803002,5.97090097071452
"2931",22,1991,5.10933281888415,0.474976909593669,1969,0,"Converged","weight","female","3dar1",4.17837807608056,6.04028756168775
"2932",23,1991,5.13732037889583,0.497262082342922,1968,0,"Converged","weight","female","3dar1",4.1626866975037,6.11195406028795
"2933",24,1991,5.15822482813809,0.526222541150754,1967,0,"Converged","weight","female","3dar1",4.12682864748261,6.18962100879357
"2934",25,1991,5.17294686385954,0.562808202482805,1966,0,"Converged","weight","female","3dar1",4.06984278699325,6.27605094072584
"2935",26,1991,5.18240234257168,0.607278474248934,1965,0,"Converged","weight","female","3dar1",3.99213653304377,6.37266815209959
"2936",27,1991,5.18739112911843,0.659160309275928,1964,0,"Converged","weight","female","3dar1",3.89543692293761,6.47934533529925
"2937",28,1991,5.18861550557757,0.717378297681222,1963,0,"Converged","weight","female","3dar1",3.78255404212237,6.59467696903276
"2938",29,1991,5.18675855307798,0.780494822944545,1962,0,"Converged","weight","female","3dar1",3.65698870010667,6.71652840604929
"2939",30,1991,5.18244010629233,0.846967364626978,1961,0,"Converged","weight","female","3dar1",3.52238407162345,6.8424961409612
"2940",31,1991,5.17617492569745,0.915380557397976,1960,0,"Converged","weight","female","3dar1",3.38202903319742,6.97032081819748
"2941",2,1992,1.33321153187016,0.0603535555518636,1990,0,"Converged","weight","female","3dar1",1.2149185629885,1.45150450075181
"2942",3,1992,1.79171101874889,0.098957579134122,1989,0,"Converged","weight","female","3dar1",1.59775416364601,1.98566787385177
"2943",4,1992,2.229816995594,0.139035029138861,1988,0,"Converged","weight","female","3dar1",1.95730833848183,2.50232565270617
"2944",5,1992,2.6300088977831,0.175703184863401,1987,0,"Converged","weight","female","3dar1",2.28563065545083,2.97438714011537
"2945",6,1992,2.99068619681347,0.208524450618335,1986,0,"Converged","weight","female","3dar1",2.58197827360153,3.39939412002541
"2946",7,1992,3.30780534206299,0.237075949626737,1985,0,"Converged","weight","female","3dar1",2.84313648079458,3.77247420333139
"2947",8,1992,3.57929183405119,0.261266240359635,1984,0,"Converged","weight","female","3dar1",3.0672100029463,4.09137366515607
"2948",9,1992,3.80846670963225,0.28170908366317,1983,0,"Converged","weight","female","3dar1",3.25631690565244,4.36061651361207
"2949",10,1992,4.00232028657072,0.299423330114141,1982,0,"Converged","weight","female","3dar1",3.41545055954701,4.58919001359444
"2950",11,1992,4.16758251261997,0.315290369092037,1981,0,"Converged","weight","female","3dar1",3.54961338919957,4.78555163604036
"2951",12,1992,4.31044386922596,0.329996861889803,1980,0,"Converged","weight","female","3dar1",3.66365001992195,4.95723771852998
"2952",13,1992,4.43663810685578,0.344023716796822,1979,0,"Converged","weight","female","3dar1",3.762351621934,5.11092459177755
"2953",14,1992,4.55062748755027,0.357569087898032,1978,0,"Converged","weight","female","3dar1",3.84979207527013,5.25146289983041
"2954",15,1992,4.65482063176934,0.370552349979913,1977,0,"Converged","weight","female","3dar1",3.92853802580871,5.38110323772997
"2955",16,1992,4.75005848269465,0.382762400555516,1976,0,"Converged","weight","female","3dar1",3.99984417760584,5.50027278778346
"2956",17,1992,4.83645888995465,0.394000238159167,1975,0,"Converged","weight","female","3dar1",4.06421842316269,5.60869935674662
"2957",18,1992,4.91391415189625,0.404182993931975,1974,0,"Converged","weight","female","3dar1",4.12171548378958,5.70611282000292
"2958",19,1992,4.98241632794758,0.413454365361514,1973,0,"Converged","weight","female","3dar1",4.17204577183901,5.79278688405615
"2959",20,1992,5.0418758302348,0.422257224513681,1972,0,"Converged","weight","female","3dar1",4.21425167018798,5.86949999028161
"2960",21,1992,5.09231251529747,0.431447613270054,1971,0,"Converged","weight","female","3dar1",4.24667519328816,5.93794983730677
"2961",22,1992,5.13396594903841,0.442358170644294,1970,0,"Converged","weight","female","3dar1",4.2669439345756,6.00098796350123
"2962",23,1992,5.16744441209657,0.45676647020958,1969,0,"Converged","weight","female","3dar1",4.27218213048579,6.06270669370734
"2963",24,1992,5.19341286302807,0.476700212364581,1968,0,"Converged","weight","female","3dar1",4.25908044679349,6.12774527926265
"2964",25,1992,5.21262079379075,0.504116049649592,1967,0,"Converged","weight","female","3dar1",4.22455333647755,6.20068825110395
"2965",26,1992,5.22598627332558,0.540480003796171,1966,0,"Converged","weight","female","3dar1",4.16664546588509,6.28532708076608
"2966",27,1992,5.23429296526094,0.586396963643249,1965,0,"Converged","weight","female","3dar1",4.08495491652018,6.38363101400171
"2967",28,1992,5.23818192095048,0.641458042124231,1964,0,"Converged","weight","female","3dar1",3.98092415838699,6.49543968351398
"2968",29,1992,5.23835106471863,0.704372033894993,1963,0,"Converged","weight","female","3dar1",3.85778187828444,6.61892025115282
"2969",30,1992,5.23547834902144,0.773245862929585,1962,0,"Converged","weight","female","3dar1",3.71991645767945,6.75104024036342
"2970",31,1992,5.23009227286466,0.845925428810199,1961,0,"Converged","weight","female","3dar1",3.57207843239667,6.88810611333265
"2971",2,1993,1.34859107536668,0.0604101817077985,1991,0,"Converged","weight","female","3dar1",1.2301871192194,1.46699503151397
"2972",3,1993,1.82973132753442,0.0988692983555065,1990,0,"Converged","weight","female","3dar1",1.63594750275763,2.02351515231122
"2973",4,1993,2.28641595503526,0.138500652923718,1989,0,"Converged","weight","female","3dar1",2.01495467530478,2.55787723476575
"2974",5,1993,2.69539415686368,0.17362213420107,1988,0,"Converged","weight","female","3dar1",2.35509477382959,3.03569353989778
"2975",6,1993,3.06393376550907,0.205034582543285,1987,0,"Converged","weight","female","3dar1",2.66206598372424,3.46580154729391
"2976",7,1993,3.38865280066687,0.23253297499572,1986,0,"Converged","weight","female","3dar1",2.93288816967526,3.84441743165848
"2977",8,1993,3.66363375083248,0.255553800219406,1985,0,"Converged","weight","female","3dar1",3.16274830240245,4.16451919926252
"2978",9,1993,3.89023660358567,0.274362249677406,1984,0,"Converged","weight","female","3dar1",3.35248659421795,4.42798661295338
"2979",10,1993,4.07684419804096,0.28998714771435,1983,0,"Converged","weight","female","3dar1",3.50846938852084,4.64521900756109
"2980",11,1993,4.2312790340373,0.30338512119086,1982,0,"Converged","weight","female","3dar1",3.63664419650321,4.82591387157139
"2981",12,1993,4.36070765783732,0.315416654578292,1981,0,"Converged","weight","female","3dar1",3.74249101486387,4.97892430081077
"2982",13,1993,4.47271933989979,0.326876735262139,1980,0,"Converged","weight","female","3dar1",3.832040938786,5.11339774101358
"2983",14,1993,4.57409907558099,0.338310642291713,1979,0,"Converged","weight","female","3dar1",3.91101021668924,5.23718793447275
"2984",15,1993,4.66868223232052,0.349796003218067,1978,0,"Converged","weight","female","3dar1",3.98308206601311,5.35428239862793
"2985",16,1993,4.75767171130934,0.361123248201739,1977,0,"Converged","weight","female","3dar1",4.04987014483393,5.46547327778475
"2986",17,1993,4.8409778253183,0.371973730288555,1976,0,"Converged","weight","female","3dar1",4.11190931395273,5.57004633668387
"2987",18,1993,4.91803303976002,0.381997224847247,1975,0,"Converged","weight","female","3dar1",4.16931847905941,5.66674760046062
"2988",19,1993,4.98852329382628,0.39100854828608,1974,0,"Converged","weight","female","3dar1",4.22214653918557,5.754900048467
"2989",20,1993,5.05183306313014,0.398966630896128,1973,0,"Converged","weight","female","3dar1",4.26985846657373,5.83380765968655
"2990",21,1993,5.10733888220761,0.406125486814668,1972,0,"Converged","weight","female","3dar1",4.31133292805086,5.90334483636436
"2991",22,1993,5.15459943731596,0.41320258687138,1971,0,"Converged","weight","female","3dar1",4.34472236704806,5.96447650758387
"2992",23,1993,5.19388278704901,0.421516064851459,1970,0,"Converged","weight","female","3dar1",4.36771129994015,6.02005427415787
"2993",24,1993,5.22550512618046,0.432960185105661,1969,0,"Converged","weight","female","3dar1",4.37690316337336,6.07410708898755
"2994",25,1993,5.24990039413863,0.449975772997494,1968,0,"Converged","weight","female","3dar1",4.36794787906354,6.13185290921371
"2995",26,1993,5.268004726185,0.475191984111996,1967,0,"Converged","weight","female","3dar1",4.33662843732548,6.19938101504451
"2996",27,1993,5.28059091533914,0.510863531190721,1966,0,"Converged","weight","female","3dar1",4.27929839420533,6.28188343647296
"2997",28,1993,5.288128341731,0.558203583856405,1965,0,"Converged","weight","female","3dar1",4.19404931737245,6.38220736608956
"2998",29,1993,5.2912705102421,0.617065594567083,1964,0,"Converged","weight","female","3dar1",4.08182194489062,6.50071907559359
"2999",30,1993,5.29074447201606,0.685908437635253,1963,0,"Converged","weight","female","3dar1",3.94636393425097,6.63512500978116
"3000",31,1993,5.28695208012109,0.762020765087457,1962,0,"Converged","weight","female","3dar1",3.79339138054967,6.7805127796925
"3001",2,1994,1.36752193895553,0.0599412040814303,1992,0,"Converged","weight","female","3dar1",1.25003717895592,1.48500669895513
"3002",3,1994,1.88395145421717,0.0972440807105345,1991,0,"Converged","weight","female","3dar1",1.69335305602453,2.07454985240982
"3003",4,1994,2.37180446230558,0.135500433923629,1990,0,"Converged","weight","female","3dar1",2.10622361181526,2.63738531279589
"3004",5,1994,2.79070468029137,0.167700159868807,1989,0,"Converged","weight","female","3dar1",2.46201236694851,3.11939699363423
"3005",6,1994,3.1679327171348,0.196246774558524,1988,0,"Converged","weight","female","3dar1",2.7832890390001,3.55257639526951
"3006",7,1994,3.50498429329348,0.22175997680892,1987,0,"Converged","weight","female","3dar1",3.07033473874799,3.93963384783896
"3007",8,1994,3.7891563315836,0.24325226640579,1986,0,"Converged","weight","female","3dar1",3.31238188942825,4.26593077373895
"3008",9,1994,4.01657104447618,0.260474112694605,1985,0,"Converged","weight","female","3dar1",3.50604178359475,4.5271003053576
"3009",10,1994,4.1975508500771,0.274263422465418,1984,0,"Converged","weight","female","3dar1",3.65999454204488,4.73510715810932
"3010",11,1994,4.34094395836007,0.285385650072682,1983,0,"Converged","weight","female","3dar1",3.78158808421762,4.90029983250253
"3011",12,1994,4.45396760770297,0.29467918674156,1982,0,"Converged","weight","female","3dar1",3.87639640168951,5.03153881371643
"3012",13,1994,4.54608088822324,0.303186703502265,1981,0,"Converged","weight","female","3dar1",3.9518349493588,5.14032682708768
"3013",14,1994,4.62784171906717,0.312026230905873,1980,0,"Converged","weight","female","3dar1",4.01627030649166,5.23941313164268
"3014",15,1994,4.70584251135718,0.32153024017227,1979,0,"Converged","weight","female","3dar1",4.07564324061953,5.33604178209483
"3015",16,1994,4.78226372977461,0.331596007918225,1978,0,"Converged","weight","female","3dar1",4.13233555425488,5.43219190529433
"3016",17,1994,4.85698974804433,0.34195997229522,1977,0,"Converged","weight","female","3dar1",4.1867482023457,5.52723129374296
"3017",18,1994,4.9288836174382,0.3520035876864,1976,0,"Converged","weight","female","3dar1",4.23895658557285,5.61881064930354
"3018",19,1994,4.99758454569011,0.361406196739583,1975,0,"Converged","weight","female","3dar1",4.28922840008053,5.7059406912997
"3019",20,1994,5.06205615427869,0.369819177442434,1974,0,"Converged","weight","female","3dar1",4.33721056649152,5.78690174206586
"3020",21,1994,5.12096121226298,0.376958577977931,1973,0,"Converged","weight","female","3dar1",4.38212239942624,5.85980002509973
"3021",22,1994,5.17281461533829,0.382860758486508,1972,0,"Converged","weight","female","3dar1",4.42240752870473,5.92322170197184
"3022",23,1994,5.2175139926874,0.388159066002541,1971,0,"Converged","weight","female","3dar1",4.45672222332242,5.97830576205238
"3023",24,1994,5.25488126397784,0.393910170154756,1970,0,"Converged","weight","female","3dar1",4.48281733047452,6.02694519748116
"3024",25,1994,5.28469454303007,0.402076276475288,1969,0,"Converged","weight","female","3dar1",4.49662504113851,6.07276404492164
"3025",26,1994,5.30797219167931,0.415424029302204,1968,0,"Converged","weight","female","3dar1",4.49374109424699,6.12220328911163
"3026",27,1994,5.32558809041815,0.437480128889373,1967,0,"Converged","weight","female","3dar1",4.46812703779498,6.18304914304132
"3027",28,1994,5.33766728373001,0.471643320234608,1966,0,"Converged","weight","female","3dar1",4.41324637607018,6.26208819138984
"3028",29,1994,5.34473377818007,0.52043980282497,1965,0,"Converged","weight","female","3dar1",4.32467176464313,6.36479579171701
"3029",30,1994,5.34763678437886,0.584499490382983,1964,0,"Converged","weight","female","3dar1",4.20201778322822,6.49325578552951
"3030",31,1994,5.34632963361531,0.661833793785166,1963,0,"Converged","weight","female","3dar1",4.04913539779638,6.64352386943424
"3031",2,1995,1.38656166819068,0.0582845924080777,1993,0,"Converged","weight","female","3dar1",1.27232386707085,1.50079946931052
"3032",3,1995,1.95802168159227,0.0916947086978806,1992,0,"Converged","weight","female","3dar1",1.77830005254442,2.13774331064012
"3033",4,1995,2.50326057821215,0.124281876168649,1991,0,"Converged","weight","female","3dar1",2.2596681009216,2.74685305550271
"3034",5,1995,2.93190180915231,0.151135439787088,1990,0,"Converged","weight","female","3dar1",2.63567634716962,3.22812727113501
"3035",6,1995,3.31390427853852,0.174414198920795,1989,0,"Converged","weight","female","3dar1",2.97205244865376,3.65575610842328
"3036",7,1995,3.66756592275262,0.19572618621393,1988,0,"Converged","weight","female","3dar1",3.28394259777331,4.05118924773192
"3037",8,1995,3.96930031779343,0.214176843825648,1987,0,"Converged","weight","female","3dar1",3.54951370389516,4.3890869316917
"3038",9,1995,4.20271454108737,0.229459335686487,1986,0,"Converged","weight","female","3dar1",3.75297424314186,4.65245483903288
"3039",10,1995,4.38167605678182,0.241859967390264,1985,0,"Converged","weight","female","3dar1",3.9076305206969,4.85572159286673
"3040",11,1995,4.5165379523409,0.251310377862056,1984,0,"Converged","weight","female","3dar1",4.02396961173127,5.00910629295053
"3041",12,1995,4.61209803035724,0.258353497481128,1983,0,"Converged","weight","female","3dar1",4.10572517529423,5.11847088542025
"3042",13,1995,4.67833285491632,0.263917597852576,1982,0,"Converged","weight","female","3dar1",4.16105436312527,5.19561134670737
"3043",14,1995,4.73165805259355,0.27033196680805,1981,0,"Converged","weight","female","3dar1",4.20180739764977,5.26150870753733
"3044",15,1995,4.7838096814064,0.278063960751863,1980,0,"Converged","weight","female","3dar1",4.23880431833275,5.32881504448005
"3045",16,1995,4.8390857810335,0.287006053642475,1979,0,"Converged","weight","female","3dar1",4.27655391589425,5.40161764617276
"3046",17,1995,4.89767665939308,0.297414413365607,1978,0,"Converged","weight","female","3dar1",4.31474440919649,5.48060890958967
"3047",18,1995,4.95739490949268,0.307954935964531,1977,0,"Converged","weight","female","3dar1",4.3538032350022,5.56098658398316
"3048",19,1995,5.01830940055185,0.318343661114675,1976,0,"Converged","weight","female","3dar1",4.39435582476708,5.64226297633661
"3049",20,1995,5.07929826062959,0.328216793463955,1975,0,"Converged","weight","female","3dar1",4.43599334544023,5.72260317581894
"3050",21,1995,5.13843318889143,0.336854605650162,1974,0,"Converged","weight","female","3dar1",4.47819816181711,5.79866821596575
"3051",22,1995,5.19250915450442,0.343667167981894,1973,0,"Converged","weight","female","3dar1",4.51892150525991,5.86609680374893
"3052",23,1995,5.24117336496392,0.349026931651163,1972,0,"Converged","weight","female","3dar1",4.55708057892764,5.9252661510002
"3053",24,1995,5.28368010029119,0.352891674621049,1971,0,"Converged","weight","female","3dar1",4.59201241803394,5.97534778254845
"3054",25,1995,5.31839039448483,0.356326826149518,1970,0,"Converged","weight","female","3dar1",4.61998981523177,6.01679097373788
"3055",26,1995,5.34650942079724,0.360808124448698,1969,0,"Converged","weight","female","3dar1",4.63932549687779,6.05369334471669
"3056",27,1995,5.36939776793775,0.369535974353967,1968,0,"Converged","weight","female","3dar1",4.64510725820398,6.09368827767153
"3057",28,1995,5.38655366914161,0.386611378715478,1967,0,"Converged","weight","female","3dar1",4.62879536685927,6.14431197142395
"3058",29,1995,5.39823213044226,0.417764886773554,1966,0,"Converged","weight","female","3dar1",4.57941295236609,6.21705130851842
"3059",30,1995,5.4058146333309,0.468712953172165,1965,0,"Converged","weight","female","3dar1",4.48713724511345,6.32449202154834
"3060",31,1995,5.40819340227545,0.542053487790111,1964,0,"Converged","weight","female","3dar1",4.34576856620683,6.47061823834406
"3061",2,1996,1.39374596202184,0.0536280083168127,1994,0,"Converged","weight","female","3dar1",1.28863506572089,1.4988568583228
"3062",3,1996,2.04748385156985,0.075358724627885,1993,0,"Converged","weight","female","3dar1",1.8997807512992,2.1951869518405
"3063",4,1996,2.70912203356004,0.076074128615601,1992,0,"Converged","weight","female","3dar1",2.56001674147346,2.85822732564662
"3064",5,1996,3.14720017810889,0.0878856614796225,1991,0,"Converged","weight","female","3dar1",2.97494428160883,3.31945607460895
"3065",6,1996,3.5187890119255,0.102705729236044,1990,0,"Converged","weight","female","3dar1",3.31748578262285,3.72009224122815
"3066",7,1996,3.88984041906319,0.115089935627125,1989,0,"Converged","weight","female","3dar1",3.66426414523402,4.11541669289235
"3067",8,1996,4.22136018825361,0.125212118030823,1988,0,"Converged","weight","female","3dar1",3.9759444369132,4.46677593959402
"3068",9,1996,4.4674204841694,0.138504811611117,1987,0,"Converged","weight","female","3dar1",4.19595105341161,4.73888991492719
"3069",10,1996,4.64959319188803,0.152498956198567,1986,0,"Converged","weight","female","3dar1",4.35069523773884,4.94849114603722
"3070",11,1996,4.78294227804521,0.162620863986378,1985,0,"Converged","weight","female","3dar1",4.46420538463191,5.10167917145851
"3071",12,1996,4.86464225237485,0.169659258815543,1984,0,"Converged","weight","female","3dar1",4.53211010509639,5.19717439965332
"3072",13,1996,4.89995247684318,0.172659118015655,1983,0,"Converged","weight","female","3dar1",4.5615406055325,5.23836434815386
"3073",14,1996,4.91386099286649,0.179524964079728,1982,0,"Converged","weight","female","3dar1",4.56199206327022,5.26572992246276
"3074",15,1996,4.92771566797625,0.189563687457205,1981,0,"Converged","weight","female","3dar1",4.55617084056013,5.29926049539237
"3075",16,1996,4.95022125392511,0.200667923491145,1980,0,"Converged","weight","female","3dar1",4.55691212388247,5.34353038396775
"3076",17,1996,4.9827067456759,0.215988397747507,1979,0,"Converged","weight","female","3dar1",4.55936948609079,5.40604400526102
"3077",18,1996,5.02040323474538,0.230971692982412,1978,0,"Converged","weight","female","3dar1",4.56769871649985,5.47310775299091
"3078",19,1996,5.06454512981623,0.245400261159539,1977,0,"Converged","weight","female","3dar1",4.58356061794354,5.54552964168893
"3079",20,1996,5.1146467210019,0.259630393575899,1976,0,"Converged","weight","female","3dar1",4.60577114959314,5.62352229241066
"3080",21,1996,5.16887612216703,0.272447845981799,1975,0,"Converged","weight","female","3dar1",4.6348783440427,5.70287390029135
"3081",22,1996,5.2208583044039,0.282146803522763,1974,0,"Converged","weight","female","3dar1",4.66785056949929,5.77386603930852
"3082",23,1996,5.27045592456874,0.290340320604913,1973,0,"Converged","weight","female","3dar1",4.70138889618311,5.83952295295437
"3083",24,1996,5.3166993260251,0.295488750055913,1972,0,"Converged","weight","female","3dar1",4.73754137591552,5.89585727613469
"3084",25,1996,5.35480276689235,0.298871360063919,1971,0,"Converged","weight","female","3dar1",4.76901490116707,5.94059063261763
"3085",26,1996,5.3861736865606,0.299812123053385,1970,0,"Converged","weight","female","3dar1",4.79854192537597,5.97380544774523
"3086",27,1996,5.41369043180104,0.300546436127046,1969,0,"Converged","weight","female","3dar1",4.82461941699203,6.00276144661006
"3087",28,1996,5.4357057478447,0.302157148944423,1968,0,"Converged","weight","female","3dar1",4.84347773591363,6.02793375977577
"3088",29,1996,5.45181992221796,0.310112154413308,1967,0,"Converged","weight","female","3dar1",4.84400009956787,6.05963974486804
"3089",30,1996,5.46538334853743,0.335889790819144,1966,0,"Converged","weight","female","3dar1",4.8070393585319,6.12372733854295
"3090",31,1996,5.47331770473979,0.393467507660144,1965,0,"Converged","weight","female","3dar1",4.7021213897259,6.24451401975367
"3091",2,1997,1.31973090887316,0.0471229547062722,1995,0,"Converged","weight","female","3dar1",1.22736991764887,1.41209190009746
"3092",3,1997,1.87927489457171,0.0695982085204946,1994,0,"Converged","weight","female","3dar1",1.74286240587154,2.01568738327188
"3093",4,1997,2.55954567446346,0.0826644427011326,1993,0,"Converged","weight","female","3dar1",2.39752336676924,2.72156798215768
"3094",5,1997,3.14931750756413,0.085205595091298,1992,0,"Converged","weight","female","3dar1",2.98231454118519,3.31632047394308
"3095",6,1997,3.56695316279118,0.0866880981559644,1991,0,"Converged","weight","female","3dar1",3.39704449040549,3.73686183517687
"3096",7,1997,3.86752328711647,0.0960924569261451,1990,0,"Converged","weight","female","3dar1",3.67918207154122,4.05586450269171
"3097",8,1997,4.13998354367828,0.113619460117127,1989,0,"Converged","weight","female","3dar1",3.91728940184871,4.36267768550785
"3098",9,1997,4.40454210909948,0.127839635807232,1988,0,"Converged","weight","female","3dar1",4.15397642291731,4.65510779528165
"3099",10,1997,4.64385398139117,0.14075614083695,1987,0,"Converged","weight","female","3dar1",4.36797194535075,4.91973601743159
"3100",11,1997,4.82640604937825,0.150400225423283,1986,0,"Converged","weight","female","3dar1",4.53162160754862,5.12119049120789
"3101",12,1997,4.95098055222513,0.162309638326975,1985,0,"Converged","weight","female","3dar1",4.63285366110426,5.269107443346
"3102",13,1997,5.02674072419172,0.171805151380717,1984,0,"Converged","weight","female","3dar1",4.69000262748552,5.36347882089793
"3103",14,1997,5.07268576976171,0.18208499309726,1983,0,"Converged","weight","female","3dar1",4.71579918329108,5.42957235623234
"3104",15,1997,5.10528769504407,0.194627519549616,1982,0,"Converged","weight","female","3dar1",4.72381775672682,5.48675763336131
"3105",16,1997,5.13746952433319,0.208441025720592,1981,0,"Converged","weight","female","3dar1",4.72892511392083,5.54601393474555
"3106",17,1997,5.1666529250573,0.222146672342481,1980,0,"Converged","weight","female","3dar1",4.73124544726603,5.60206040284856
"3107",18,1997,5.19346519425628,0.236119677146262,1979,0,"Converged","weight","female","3dar1",4.73067062704961,5.65625976146296
"3108",19,1997,5.21782925328347,0.247711635916142,1978,0,"Converged","weight","female","3dar1",4.73231444688783,5.7033440596791
"3109",20,1997,5.2442015184284,0.25782988032632,1977,0,"Converged","weight","female","3dar1",4.73885495298881,5.74954808386798
"3110",21,1997,5.27420647582925,0.266183198400229,1976,0,"Converged","weight","female","3dar1",4.75248740696481,5.7959255446937
"3111",22,1997,5.30724801313645,0.273051657308899,1975,0,"Converged","weight","female","3dar1",4.77206676481101,5.84242926146189
"3112",23,1997,5.34304107625091,0.280383616359303,1974,0,"Converged","weight","female","3dar1",4.79348918818668,5.89259296431515
"3113",24,1997,5.38255690692707,0.287030474817177,1973,0,"Converged","weight","female","3dar1",4.8199771762854,5.94513663756874
"3114",25,1997,5.41908431583887,0.29213787717972,1972,0,"Converged","weight","female","3dar1",4.84649407656661,5.99167455511112
"3115",26,1997,5.45072715056715,0.295015989981696,1971,0,"Converged","weight","female","3dar1",4.87249581020303,6.02895849093128
"3116",27,1997,5.47820916171011,0.296810799697443,1970,0,"Converged","weight","female","3dar1",4.89645999430312,6.0599583291171
"3117",28,1997,5.50176681562018,0.297800045445587,1969,0,"Converged","weight","female","3dar1",4.91807872654683,6.08545490469353
"3118",29,1997,5.52217855395016,0.301761793255316,1968,0,"Converged","weight","female","3dar1",4.93072543916974,6.11363166873058
"3119",30,1997,5.53917002033421,0.315871076624777,1967,0,"Converged","weight","female","3dar1",4.92006271014965,6.15827733051877
"3120",31,1997,5.55225188094084,0.352283784011396,1966,0,"Converged","weight","female","3dar1",4.8617756642785,6.24272809760318
"3121",2,1998,1.29980596800523,0.0459543071619542,1996,0,"Converged","weight","female","3dar1",1.2097355259678,1.38987641004266
"3122",3,1998,1.75642320345959,0.0598618370449004,1995,0,"Converged","weight","female","3dar1",1.63909400285158,1.87375240406759
"3123",4,1998,2.29281736173925,0.0718068696550989,1994,0,"Converged","weight","female","3dar1",2.15207589721525,2.43355882626324
"3124",5,1998,2.90664541312921,0.083067525833342,1993,0,"Converged","weight","female","3dar1",2.74383306249586,3.06945776376256
"3125",6,1998,3.47748301480284,0.0913962597720833,1992,0,"Converged","weight","female","3dar1",3.29834634564956,3.65661968395613
"3126",7,1998,3.8900977702375,0.0976489909357886,1991,0,"Converged","weight","female","3dar1",3.69870574800335,4.08148979247164
"3127",8,1998,4.17217006939926,0.106303895681615,1990,0,"Converged","weight","female","3dar1",3.96381443386329,4.38052570493522
"3128",9,1998,4.40255484235301,0.123521259172535,1989,0,"Converged","weight","female","3dar1",4.16045317437484,4.64465651033117
"3129",10,1998,4.61524553392011,0.140573345449853,1988,0,"Converged","weight","female","3dar1",4.3397217768384,4.89076929100182
"3130",11,1998,4.81496569499374,0.152729829302289,1987,0,"Converged","weight","female","3dar1",4.51561522956126,5.11431616042623
"3131",12,1998,4.99608509769221,0.160904178054728,1986,0,"Converged","weight","female","3dar1",4.68071290870494,5.31145728667948
"3132",13,1998,5.12882231744207,0.165884910789196,1985,0,"Converged","weight","female","3dar1",4.80368789229525,5.4539567425889
"3133",14,1998,5.20890489989571,0.16892152341679,1984,0,"Converged","weight","female","3dar1",4.8778187139988,5.53999108579262
"3134",15,1998,5.25179868026953,0.17638749642312,1983,0,"Converged","weight","female","3dar1",4.90607918728021,5.59751817325885
"3135",16,1998,5.28406879250552,0.18355927372759,1982,0,"Converged","weight","female","3dar1",4.92429261599944,5.64384496901159
"3136",17,1998,5.30116835702864,0.194439758864164,1981,0,"Converged","weight","female","3dar1",4.92006642965488,5.6822702844024
"3137",18,1998,5.30821646882954,0.207833736845687,1980,0,"Converged","weight","female","3dar1",4.900862344612,5.71557059304709
"3138",19,1998,5.2998891685852,0.223147405921709,1979,0,"Converged","weight","female","3dar1",4.86252025297865,5.73725808419175
"3139",20,1998,5.29454760226311,0.237048094960296,1978,0,"Converged","weight","female","3dar1",4.82993333614093,5.75916186838529
"3140",21,1998,5.29921034569303,0.248174979001619,1977,0,"Converged","weight","female","3dar1",4.81278738684986,5.7856333045362
"3141",22,1998,5.31616865747453,0.25814600237853,1976,0,"Converged","weight","female","3dar1",4.81020249281261,5.82213482213644
"3142",23,1998,5.3469413194015,0.267670250166646,1975,0,"Converged","weight","female","3dar1",4.82230762907487,5.87157500972813
"3143",24,1998,5.38348888563396,0.27610962402813,1974,0,"Converged","weight","female","3dar1",4.84231402253882,5.92466374872909
"3144",25,1998,5.41648038691767,0.282654031166387,1973,0,"Converged","weight","female","3dar1",4.86247848583155,5.97048228800379
"3145",26,1998,5.43753480743796,0.287074591663078,1972,0,"Converged","weight","female","3dar1",4.87486860777833,6.00020100709759
"3146",27,1998,5.44670566244619,0.290125802626687,1971,0,"Converged","weight","female","3dar1",4.87805908929789,6.0153522355945
"3147",28,1998,5.44768789877296,0.291948682383792,1970,0,"Converged","weight","female","3dar1",4.87546848130073,6.01990731624519
"3148",29,1998,5.44676137014575,0.295153061856607,1969,0,"Converged","weight","female","3dar1",4.8682613689068,6.0252613713847
"3149",30,1998,5.45430275554622,0.304279581622422,1968,0,"Converged","weight","female","3dar1",4.85791477556627,6.05069073552616
"3150",31,1998,5.47721398709147,0.33067547847276,1967,0,"Converged","weight","female","3dar1",4.82909004928486,6.12533792489807
"3151",2,1999,1.34773597023991,0.0432809198147013,1997,0,"Converged","weight","female","3dar1",1.2629053674031,1.43256657307673
"3152",3,1999,1.82801764791182,0.0541344792184542,1996,0,"Converged","weight","female","3dar1",1.72191406864365,1.93412122717999
"3153",4,1999,2.25969500160931,0.0666983755661256,1995,0,"Converged","weight","female","3dar1",2.1289661854997,2.39042381771892
"3154",5,1999,2.74822575035319,0.0821049928692031,1994,0,"Converged","weight","female","3dar1",2.58729996432955,2.90915153637682
"3155",6,1999,3.33065985864896,0.0991894711134642,1993,0,"Converged","weight","female","3dar1",3.13624849526657,3.52507122203135
"3156",7,1999,3.86007595927729,0.107555554678622,1992,0,"Converged","weight","female","3dar1",3.64926707210719,4.07088484644739
"3157",8,1999,4.24436993213664,0.120709104170367,1991,0,"Converged","weight","female","3dar1",4.00778008796272,4.48095977631056
"3158",9,1999,4.5198936514859,0.137191999787296,1990,0,"Converged","weight","female","3dar1",4.2509973319028,4.788789971069
"3159",10,1999,4.72596542041227,0.151611257227759,1989,0,"Converged","weight","female","3dar1",4.42880735624586,5.02312348457868
"3160",11,1999,4.90563008620223,0.163736505647779,1988,0,"Converged","weight","female","3dar1",4.58470653513258,5.22655363727187
"3161",12,1999,5.0766673302382,0.17251782237029,1987,0,"Converged","weight","female","3dar1",4.73853239839243,5.41480226208397
"3162",13,1999,5.22449944843037,0.178196804582735,1986,0,"Converged","weight","female","3dar1",4.87523371144821,5.57376518541253
"3163",14,1999,5.32955917606146,0.184280538287447,1985,0,"Converged","weight","female","3dar1",4.96836932101806,5.69074903110485
"3164",15,1999,5.40047357168857,0.192420030281394,1984,0,"Converged","weight","female","3dar1",5.02333031233704,5.7776168310401
"3165",16,1999,5.45521644627193,0.201900856846254,1983,0,"Converged","weight","female","3dar1",5.05949076685327,5.85094212569058
"3166",17,1999,5.48546070861691,0.214423805503678,1982,0,"Converged","weight","female","3dar1",5.0651900498297,5.90573136740412
"3167",18,1999,5.49406519080838,0.227167116575132,1981,0,"Converged","weight","female","3dar1",5.04881764232112,5.93931273929563
"3168",19,1999,5.48222217137324,0.239645224403593,1980,0,"Converged","weight","female","3dar1",5.0125175315422,5.95192681120428
"3169",20,1999,5.46562855299164,0.251032301701168,1979,0,"Converged","weight","female","3dar1",4.97360524165735,5.95765186432592
"3170",21,1999,5.45212909101635,0.25781630732041,1978,0,"Converged","weight","female","3dar1",4.94680912866835,5.95744905336436
"3171",22,1999,5.44764440660426,0.264110453781678,1977,0,"Converged","weight","female","3dar1",4.92998791719217,5.96530089601635
"3172",23,1999,5.45721313570817,0.269313481166694,1976,0,"Converged","weight","female","3dar1",4.92935871262145,5.98506755879489
"3173",24,1999,5.47624258891777,0.275551848137431,1975,0,"Converged","weight","female","3dar1",4.93616096656841,6.01632421126714
"3174",25,1999,5.49602079844518,0.281391829975073,1974,0,"Converged","weight","female","3dar1",4.94449281169404,6.04754878519632
"3175",26,1999,5.50884550596183,0.285671290390186,1973,0,"Converged","weight","female","3dar1",4.94892977679706,6.06876123512659
"3176",27,1999,5.51090560864388,0.288338165549928,1972,0,"Converged","weight","female","3dar1",4.94576280416602,6.07604841312173
"3177",28,1999,5.50347748162314,0.29054463142225,1971,0,"Converged","weight","female","3dar1",4.93401000403553,6.07294495921074
"3178",29,1999,5.49223662672417,0.294227135387627,1970,0,"Converged","weight","female","3dar1",4.91555144136442,6.06892181208391
"3179",30,1999,5.48782179275504,0.303483871232073,1969,0,"Converged","weight","female","3dar1",4.89299340514017,6.0826501803699
"3180",31,1999,5.49845845458888,0.326633704787713,1968,0,"Converged","weight","female","3dar1",4.85825639320496,6.1386605159728
"3181",2,2000,1.37173074881206,0.0463087285812446,1998,0,"Converged","weight","female","3dar1",1.28096564079282,1.4624958568313
"3182",3,2000,1.82966457796431,0.0485837740973639,1997,0,"Converged","weight","female","3dar1",1.73444038073348,1.92488877519514
"3183",4,2000,2.16918221266068,0.0567511043071067,1996,0,"Converged","weight","female","3dar1",2.05795004821875,2.28041437710261
"3184",5,2000,2.50055077318197,0.0653038326640808,1995,0,"Converged","weight","female","3dar1",2.37255526116038,2.62854628520357
"3185",6,2000,2.95318131952301,0.0858429303557099,1994,0,"Converged","weight","female","3dar1",2.78492917602582,3.1214334630202
"3186",7,2000,3.45781967857738,0.104360962018802,1993,0,"Converged","weight","female","3dar1",3.25327219302053,3.66236716413423
"3187",8,2000,3.90879063368311,0.116456252343349,1992,0,"Converged","weight","female","3dar1",3.68053637909015,4.13704488827607
"3188",9,2000,4.24844796464133,0.127963326860748,1991,0,"Converged","weight","female","3dar1",3.99763984399426,4.49925608528839
"3189",10,2000,4.5160748165125,0.140481899453754,1990,0,"Converged","weight","female","3dar1",4.24073029358314,4.79141933944186
"3190",11,2000,4.75666280677573,0.150808157769133,1989,0,"Converged","weight","female","3dar1",4.46107881754823,5.05224679600323
"3191",12,2000,4.96331390509185,0.156790186039374,1988,0,"Converged","weight","female","3dar1",4.65600514045468,5.27062266972903
"3192",13,2000,5.12631176307638,0.159961715971169,1987,0,"Converged","weight","female","3dar1",4.81278679977289,5.43983672637987
"3193",14,2000,5.23843532016882,0.164349840310456,1986,0,"Converged","weight","female","3dar1",4.91630963316032,5.56056100717731
"3194",15,2000,5.31739884097333,0.170544143173578,1985,0,"Converged","weight","female","3dar1",4.98313232035312,5.65166536159355
"3195",16,2000,5.38643683845462,0.183513911599512,1984,0,"Converged","weight","female","3dar1",5.02674957171958,5.74612410518967
"3196",17,2000,5.44528194659482,0.198778836859023,1983,0,"Converged","weight","female","3dar1",5.05567542635114,5.83488846683851
"3197",18,2000,5.49236073071811,0.216404917753295,1982,0,"Converged","weight","female","3dar1",5.06820709192166,5.91651436951457
"3198",19,2000,5.51660865876183,0.231933458133692,1981,0,"Converged","weight","female","3dar1",5.0620190808198,5.97119823670387
"3199",20,2000,5.52563250290062,0.247581490290125,1980,0,"Converged","weight","female","3dar1",5.04037278193197,6.01089222386926
"3200",21,2000,5.52236737162617,0.258039264908083,1979,0,"Converged","weight","female","3dar1",5.01661041240633,6.02812433084602
"3201",22,2000,5.51356220117151,0.266214829240115,1978,0,"Converged","weight","female","3dar1",4.99178113586089,6.03534326648214
"3202",23,2000,5.5073617541621,0.27272401131725,1977,0,"Converged","weight","female","3dar1",4.97282269198029,6.04190081634391
"3203",24,2000,5.50670455179209,0.276990282126203,1976,0,"Converged","weight","female","3dar1",4.96380359882473,6.04960550475945
"3204",25,2000,5.50668826249037,0.279842924987053,1975,0,"Converged","weight","female","3dar1",4.95819612951574,6.05518039546499
"3205",26,2000,5.50513593695194,0.280953943767717,1974,0,"Converged","weight","female","3dar1",4.95446620716721,6.05580566673667
"3206",27,2000,5.49964012287714,0.281508889458137,1973,0,"Converged","weight","female","3dar1",4.94788269953919,6.05139754621509
"3207",28,2000,5.49004483930546,0.282506892486187,1972,0,"Converged","weight","female","3dar1",4.93633133003253,6.04375834857839
"3208",29,2000,5.48114006029842,0.28660163871995,1971,0,"Converged","weight","female","3dar1",4.91940084840732,6.04287927218952
"3209",30,2000,5.47966564675425,0.296766235863803,1970,0,"Converged","weight","female","3dar1",4.8980038244612,6.0613274690473
"3210",31,2000,5.49252001997856,0.319995113012062,1969,0,"Converged","weight","female","3dar1",4.86532959847492,6.11971044148221
"3211",2,2001,1.40220430420388,0.0509231493796611,1999,0,"Converged","weight","female","3dar1",1.30239493141975,1.50201367698802
"3212",3,2001,1.99777557543721,0.0573584553725312,1998,0,"Converged","weight","female","3dar1",1.88535300290705,2.11019814796737
"3213",4,2001,2.42193202519487,0.0482715189658546,1997,0,"Converged","weight","female","3dar1",2.3273198480218,2.51654420236795
"3214",5,2001,2.71701298499903,0.0529615180266293,1996,0,"Converged","weight","female","3dar1",2.61320840966683,2.82081756033122
"3215",6,2001,3.0156023955586,0.0680778833361401,1995,0,"Converged","weight","female","3dar1",2.88216974421976,3.14903504689743
"3216",7,2001,3.35577752381228,0.089703235221944,1994,0,"Converged","weight","female","3dar1",3.17995918277727,3.53159586484729
"3217",8,2001,3.73007665677389,0.113483721238759,1993,0,"Converged","weight","female","3dar1",3.50764856314592,3.95250475040186
"3218",9,2001,4.09222249720252,0.13656267198897,1992,0,"Converged","weight","female","3dar1",3.82455966010414,4.3598853343009
"3219",10,2001,4.41146163051405,0.154105624047064,1991,0,"Converged","weight","female","3dar1",4.1094146073818,4.71350865364629
"3220",11,2001,4.68088600479071,0.17103051696539,1990,0,"Converged","weight","female","3dar1",4.34566619153855,5.01610581804288
"3221",12,2001,4.89393999985864,0.183835152605778,1989,0,"Converged","weight","female","3dar1",4.53362310075132,5.25425689896597
"3222",13,2001,5.04495590647569,0.192307125679924,1988,0,"Converged","weight","female","3dar1",4.66803394014303,5.42187787280834
"3223",14,2001,5.13763992983257,0.198641981423594,1987,0,"Converged","weight","female","3dar1",4.74830164624232,5.52697821342281
"3224",15,2001,5.19986677354892,0.203396145691778,1986,0,"Converged","weight","female","3dar1",4.80121032799304,5.59852321910481
"3225",16,2001,5.25824565664815,0.211932720899339,1985,0,"Converged","weight","female","3dar1",4.84285752368545,5.67363378961085
"3226",17,2001,5.32286408386892,0.22194702507604,1984,0,"Converged","weight","female","3dar1",4.88784791471988,5.75788025301796
"3227",18,2001,5.39496762133218,0.234087758302576,1983,0,"Converged","weight","female","3dar1",4.93615561505913,5.85377962760523
"3228",19,2001,5.45756852715295,0.24653667492479,1982,0,"Converged","weight","female","3dar1",4.97435664430036,5.94078041000554
"3229",20,2001,5.50802360634119,0.257986001119808,1981,0,"Converged","weight","female","3dar1",5.00237104414637,6.01367616853601
"3230",21,2001,5.54173347711227,0.26688366587604,1980,0,"Converged","weight","female","3dar1",5.01864149199523,6.06482546222931
"3231",22,2001,5.56311109946062,0.273745123625532,1979,0,"Converged","weight","female","3dar1",5.02657065715457,6.09965154176666
"3232",23,2001,5.57592941989571,0.279049277169558,1978,0,"Converged","weight","female","3dar1",5.02899283664337,6.12286600314804
"3233",24,2001,5.58604727461194,0.283229001966029,1977,0,"Converged","weight","female","3dar1",5.03091843075852,6.14117611846536
"3234",25,2001,5.58710625074051,0.285523114348541,1976,0,"Converged","weight","female","3dar1",5.02748094661737,6.14673155486365
"3235",26,2001,5.58221562994745,0.286325002011208,1975,0,"Converged","weight","female","3dar1",5.02101862600548,6.14341263388941
"3236",27,2001,5.56685162517696,0.286102682403855,1974,0,"Converged","weight","female","3dar1",5.0060903676654,6.12761288268851
"3237",28,2001,5.54346521194391,0.285441995744765,1973,0,"Converged","weight","female","3dar1",4.98399890028417,6.10293152360365
"3238",29,2001,5.51768046286522,0.287515746081464,1972,0,"Converged","weight","female","3dar1",4.95414960054555,6.08121132518489
"3239",30,2001,5.50020892579007,0.294750603370733,1971,0,"Converged","weight","female","3dar1",4.92249774318343,6.0779201083967
"3240",31,2001,5.50132275465221,0.316094534242009,1970,0,"Converged","weight","female","3dar1",4.88177746753787,6.12086804176655
"3241",2,2002,1.34190723393773,0.0505875143366225,2000,0,"Converged","weight","female","3dar1",1.24275570583795,1.44105876203751
"3242",3,2002,1.90201571704006,0.0684962568362525,1999,0,"Converged","weight","female","3dar1",1.767763053641,2.03626838043911
"3243",4,2002,2.47393097746699,0.067146146994173,1998,0,"Converged","weight","female","3dar1",2.34232452935841,2.60553742557557
"3244",5,2002,2.92033208717073,0.0619385707327265,1997,0,"Converged","weight","female","3dar1",2.79893248853459,3.04173168580687
"3245",6,2002,3.23703096393957,0.0671476895219283,1996,0,"Converged","weight","female","3dar1",3.10542149247659,3.36864043540255
"3246",7,2002,3.52487489781147,0.08318315906438,1995,0,"Converged","weight","female","3dar1",3.36183590604528,3.68791388957765
"3247",8,2002,3.82155293294944,0.110338974440497,1994,0,"Converged","weight","female","3dar1",3.60528854304607,4.03781732285282
"3248",9,2002,4.12421411977052,0.141404355573358,1993,0,"Converged","weight","female","3dar1",3.84706158284673,4.4013666566943
"3249",10,2002,4.43007191971128,0.164370971222211,1992,0,"Converged","weight","female","3dar1",4.10790481611575,4.75223902330682
"3250",11,2002,4.7084918204789,0.180549524849859,1991,0,"Converged","weight","female","3dar1",4.35461475177317,5.06236888918462
"3251",12,2002,4.93145875969616,0.190838214887223,1990,0,"Converged","weight","female","3dar1",4.5574158585172,5.30550166087512
"3252",13,2002,5.08211817012512,0.197313604226123,1989,0,"Converged","weight","female","3dar1",4.69538350584192,5.46885283440832
"3253",14,2002,5.17041012626591,0.202570184546611,1988,0,"Converged","weight","female","3dar1",4.77337256455456,5.56744768797727
"3254",15,2002,5.22326999055847,0.208295514437241,1987,0,"Converged","weight","female","3dar1",4.81501078226147,5.63152919885546
"3255",16,2002,5.27080077421654,0.217563510095382,1986,0,"Converged","weight","female","3dar1",4.84437629442959,5.69722525400349
"3256",17,2002,5.33199930475322,0.229219815344596,1985,0,"Converged","weight","female","3dar1",4.88272846667782,5.78127014282863
"3257",18,2002,5.40715650426937,0.241729190152375,1984,0,"Converged","weight","female","3dar1",4.93336729157071,5.88094571696802
"3258",19,2002,5.47787081768071,0.25246665343261,1983,0,"Converged","weight","female","3dar1",4.9830361769528,5.97270545840863
"3259",20,2002,5.53821178014634,0.261489130209471,1982,0,"Converged","weight","female","3dar1",5.02569308493577,6.0507304753569
"3260",21,2002,5.58100890391628,0.267938545127592,1981,0,"Converged","weight","female","3dar1",5.0558493554662,6.10616845236636
"3261",22,2002,5.60982279898985,0.271558943424312,1980,0,"Converged","weight","female","3dar1",5.0775672698782,6.14207832810151
"3262",23,2002,5.62737777756808,0.273996567739308,1979,0,"Converged","weight","female","3dar1",5.09034450479904,6.16441105033713
"3263",24,2002,5.63810504688892,0.275913657840232,1978,0,"Converged","weight","female","3dar1",5.09731427752207,6.17889581625578
"3264",25,2002,5.63891506882177,0.277211182447912,1977,0,"Converged","weight","female","3dar1",5.09558115122386,6.18224898641968
"3265",26,2002,5.63892890823053,0.277401632727812,1976,0,"Converged","weight","female","3dar1",5.09522170808401,6.18263610837704
"3266",27,2002,5.62881633065501,0.27765766022864,1975,0,"Converged","weight","female","3dar1",5.08460731660688,6.17302534470314
"3267",28,2002,5.61057789481711,0.276689259372444,1974,0,"Converged","weight","female","3dar1",5.06826694644711,6.1528888431871
"3268",29,2002,5.58484832057427,0.277063972374431,1973,0,"Converged","weight","female","3dar1",5.04180293472038,6.12789370642815
"3269",30,2002,5.5609848900432,0.283936887539554,1972,0,"Converged","weight","female","3dar1",5.00446859046568,6.11750118962073
"3270",31,2002,5.55168523213709,0.305249780000517,1971,0,"Converged","weight","female","3dar1",4.95339566333607,6.1499748009381
"3271",2,2003,1.32807979276161,0.0494726691970947,2001,0,"Converged","weight","female","3dar1",1.2311133611353,1.42504622438792
"3272",3,2003,1.8186873830717,0.0661666311900375,2000,0,"Converged","weight","female","3dar1",1.68900078593922,1.94837398020417
"3273",4,2003,2.35027760436207,0.0729166627299913,1999,0,"Converged","weight","female","3dar1",2.20736094541129,2.49319426331286
"3274",5,2003,2.82214320119005,0.0660336708289985,1998,0,"Converged","weight","female","3dar1",2.69271720636521,2.95156919601488
"3275",6,2003,3.13510365003126,0.0654081604296273,1997,0,"Converged","weight","female","3dar1",3.00690365558919,3.26330364447333
"3276",7,2003,3.36905317459361,0.0799290774559244,1996,0,"Converged","weight","female","3dar1",3.21239218278,3.52571416640722
"3277",8,2003,3.6044063404068,0.101742874662032,1995,0,"Converged","weight","female","3dar1",3.40499030606922,3.80382237474438
"3278",9,2003,3.84752261908609,0.123165944601666,1994,0,"Converged","weight","female","3dar1",3.60611736766683,4.08892787050536
"3279",10,2003,4.10999155994422,0.143673598515826,1993,0,"Converged","weight","female","3dar1",3.8283913068532,4.39159181303523
"3280",11,2003,4.40244311834105,0.163458648711058,1992,0,"Converged","weight","female","3dar1",4.08206416686737,4.72282206981472
"3281",12,2003,4.70928370323491,0.185267641067842,1991,0,"Converged","weight","female","3dar1",4.34615912674194,5.07240827972788
"3282",13,2003,5.00069945995555,0.203421838399446,1990,0,"Converged","weight","female","3dar1",4.60199265669263,5.39940626321846
"3283",14,2003,5.23422313403514,0.21351316426122,1989,0,"Converged","weight","female","3dar1",4.81573733208315,5.65270893598713
"3284",15,2003,5.39959039444133,0.218175928351421,1988,0,"Converged","weight","female","3dar1",4.97196557487254,5.82721521401012
"3285",16,2003,5.510535318154,0.22635460525143,1987,0,"Converged","weight","female","3dar1",5.0668802918612,5.9541903444468
"3286",17,2003,5.58625696768248,0.236590037864824,1986,0,"Converged","weight","female","3dar1",5.12254049346742,6.04997344189754
"3287",18,2003,5.6413436816992,0.247466303882707,1985,0,"Converged","weight","female","3dar1",5.15630972608909,6.1263776373093
"3288",19,2003,5.68127360270937,0.258710454752849,1984,0,"Converged","weight","female","3dar1",5.17420111139378,6.18834609402495
"3289",20,2003,5.70696270650556,0.267686748740868,1983,0,"Converged","weight","female","3dar1",5.18229667897346,6.23162873403767
"3290",21,2003,5.71616381616225,0.274874630589666,1982,0,"Converged","weight","female","3dar1",5.17740954020651,6.254918092118
"3291",22,2003,5.71936195626821,0.279488894683549,1981,0,"Converged","weight","female","3dar1",5.17156372268845,6.26716018984796
"3292",23,2003,5.71907493184068,0.283595140951078,1980,0,"Converged","weight","female","3dar1",5.16322845557656,6.27492140810479
"3293",24,2003,5.724930306379,0.287476275951352,1979,0,"Converged","weight","female","3dar1",5.16147680551435,6.28838380724365
"3294",25,2003,5.73657429715752,0.292684334073488,1978,0,"Converged","weight","female","3dar1",5.16291300237349,6.31023559194156
"3295",26,2003,5.75926883749827,0.299487009884775,1977,0,"Converged","weight","female","3dar1",5.17227429812411,6.34626337687243
"3296",27,2003,5.77936481326276,0.306683709571789,1976,0,"Converged","weight","female","3dar1",5.17826474250206,6.38046488402347
"3297",28,2003,5.79177248745262,0.313169197057659,1975,0,"Converged","weight","female","3dar1",5.17796086121961,6.40558411368564
"3298",29,2003,5.79046973666229,0.320265561785462,1974,0,"Converged","weight","female","3dar1",5.16274923556278,6.4181902377618
"3299",30,2003,5.77636383789565,0.330706407563748,1973,0,"Converged","weight","female","3dar1",5.12817927907071,6.4245483967206
"3300",31,2003,5.75322185276766,0.349088835229208,1972,0,"Converged","weight","female","3dar1",5.06900773571841,6.43743596981691
"3301",2,2004,1.32760106651478,0.0498799982777039,2002,0,"Converged","weight","female","3dar1",1.22983626989048,1.42536586313908
"3302",3,2004,1.83048771447228,0.0586665580226399,2001,0,"Converged","weight","female","3dar1",1.71550126074791,1.94547416819666
"3303",4,2004,2.28444364209649,0.062052030800067,2000,0,"Converged","weight","female","3dar1",2.16282166172836,2.40606562246462
"3304",5,2004,2.69715315988983,0.0655614848972004,1999,0,"Converged","weight","female","3dar1",2.56865264949131,2.82565367028834
"3305",6,2004,3.04970893085642,0.070276655990908,1998,0,"Converged","weight","female","3dar1",2.91196668511424,3.1874511765986
"3306",7,2004,3.34736820941462,0.0817761385796295,1997,0,"Converged","weight","female","3dar1",3.18708697779855,3.50764944103069
"3307",8,2004,3.60857354388327,0.0992292075150708,1996,0,"Converged","weight","female","3dar1",3.41408429715373,3.80306279061281
"3308",9,2004,3.83549638127231,0.117181108168535,1995,0,"Converged","weight","female","3dar1",3.60582140926198,4.06517135328264
"3309",10,2004,4.06291155277177,0.138541280562691,1994,0,"Converged","weight","female","3dar1",3.7913706428689,4.33445246267465
"3310",11,2004,4.3316918941663,0.160748320814781,1993,0,"Converged","weight","female","3dar1",4.01662518536933,4.64675860296328
"3311",12,2004,4.62643327561637,0.184811916139429,1992,0,"Converged","weight","female","3dar1",4.26420191998309,4.98866463124965
"3312",13,2004,4.92053535511993,0.207056278327911,1991,0,"Converged","weight","female","3dar1",4.51470504959723,5.32636566064264
"3313",14,2004,5.17620914117222,0.226406253370046,1990,0,"Converged","weight","female","3dar1",4.73245288456693,5.61996539777751
"3314",15,2004,5.38230670696655,0.240429170681359,1989,0,"Converged","weight","female","3dar1",4.91106553243109,5.85354788150202
"3315",16,2004,5.54249854489893,0.249783475238353,1988,0,"Converged","weight","female","3dar1",5.05292293343175,6.0320741563661
"3316",17,2004,5.66214202788823,0.254939514576037,1987,0,"Converged","weight","female","3dar1",5.1624605793192,6.16182347645726
"3317",18,2004,5.74665509469377,0.260884618725364,1986,0,"Converged","weight","female","3dar1",5.23532124199205,6.25798894739548
"3318",19,2004,5.80030722024362,0.267473460070241,1985,0,"Converged","weight","female","3dar1",5.27605923850595,6.32455520198129
"3319",20,2004,5.82897097272508,0.275519164873472,1984,0,"Converged","weight","female","3dar1",5.28895340957308,6.36898853587709
"3320",21,2004,5.83507987296999,0.281995795529797,1983,0,"Converged","weight","female","3dar1",5.28236811373158,6.38779163220839
"3321",22,2004,5.8309185017018,0.287045431384453,1982,0,"Converged","weight","female","3dar1",5.26830945618828,6.39352754721533
"3322",23,2004,5.82379084043508,0.290716384053578,1981,0,"Converged","weight","female","3dar1",5.25398672769007,6.3935949531801
"3323",24,2004,5.82472247504164,0.294883531632186,1980,0,"Converged","weight","female","3dar1",5.24675075304256,6.40269419704073
"3324",25,2004,5.83737834239399,0.298507657722235,1979,0,"Converged","weight","female","3dar1",5.25230333325841,6.42245335152957
"3325",26,2004,5.86755277430583,0.305445959690906,1978,0,"Converged","weight","female","3dar1",5.26887869331165,6.46622685530001
"3326",27,2004,5.90357046535067,0.313811449596144,1977,0,"Converged","weight","female","3dar1",5.28850002414223,6.51864090655912
"3327",28,2004,5.93488430963335,0.322549587077425,1976,0,"Converged","weight","female","3dar1",5.3026871189616,6.5670815003051
"3328",29,2004,5.95677833618769,0.333712886298339,1975,0,"Converged","weight","female","3dar1",5.30270107904294,6.61085559333243
"3329",30,2004,5.96265233765211,0.349278734660564,1974,0,"Converged","weight","female","3dar1",5.27806601771741,6.64723865758682
"3330",31,2004,5.94771267726721,0.373245602644495,1973,0,"Converged","weight","female","3dar1",5.216151296084,6.67927405845042
"3331",2,2005,1.29145055283837,0.0482478463128588,2003,0,"Converged","weight","female","3dar1",1.19688477406517,1.38601633161157
"3332",3,2005,1.79521436997505,0.0654859432898004,2002,0,"Converged","weight","female","3dar1",1.66686192112705,1.92356681882306
"3333",4,2005,2.25492788270639,0.0626759992511585,2001,0,"Converged","weight","female","3dar1",2.13208292417412,2.37777284123866
"3334",5,2005,2.59756862658744,0.0613283936472802,2000,0,"Converged","weight","female","3dar1",2.47736497503877,2.71777227813611
"3335",6,2005,2.93316939020816,0.0661377404859328,1999,0,"Converged","weight","female","3dar1",2.80353941885574,3.06279936156059
"3336",7,2005,3.22589578010294,0.0733027819447427,1998,0,"Converged","weight","female","3dar1",3.08222232749124,3.36956923271464
"3337",8,2005,3.46142560834713,0.0867689931213347,1997,0,"Converged","weight","female","3dar1",3.29135838182932,3.63149283486495
"3338",9,2005,3.67361914280724,0.104246645759382,1996,0,"Converged","weight","female","3dar1",3.46929571711885,3.87794256849562
"3339",10,2005,3.9054861443094,0.128338176496484,1995,0,"Converged","weight","female","3dar1",3.65394331837629,4.15702897024251
"3340",11,2005,4.181772187214,0.153834369632239,1994,0,"Converged","weight","female","3dar1",3.88025682273481,4.48328755169319
"3341",12,2005,4.48604978246508,0.178210918833273,1993,0,"Converged","weight","female","3dar1",4.13675638155187,4.8353431833783
"3342",13,2005,4.7959832157443,0.198870794049844,1992,0,"Converged","weight","female","3dar1",4.4061964594066,5.18576997208199
"3343",14,2005,5.07364651536498,0.218619304573645,1991,0,"Converged","weight","female","3dar1",4.64515267840064,5.50214035232933
"3344",15,2005,5.30078390618981,0.238724788122684,1990,0,"Converged","weight","female","3dar1",4.83288332146935,5.76868449091027
"3345",16,2005,5.48732592934313,0.254679164147573,1989,0,"Converged","weight","female","3dar1",4.98815476761389,5.98649709107238
"3346",17,2005,5.63657362297998,0.266438365443615,1988,0,"Converged","weight","female","3dar1",5.11435442671049,6.15879281924946
"3347",18,2005,5.74957105845237,0.274151920709829,1987,0,"Converged","weight","female","3dar1",5.21223329386111,6.28690882304364
"3348",19,2005,5.83112637887111,0.279641129599809,1986,0,"Converged","weight","female","3dar1",5.28302976485548,6.37922299288673
"3349",20,2005,5.88604936603808,0.283864380743222,1985,0,"Converged","weight","female","3dar1",5.32967517978137,6.4424235522948
"3350",21,2005,5.9157687653091,0.28951397233104,1984,0,"Converged","weight","female","3dar1",5.34832137954027,6.48321615107794
"3351",22,2005,5.92776897016631,0.296100951913807,1983,0,"Converged","weight","female","3dar1",5.34741110441525,6.50812683591737
"3352",23,2005,5.9281681017109,0.301864144887376,1982,0,"Converged","weight","female","3dar1",5.33651437773164,6.51982182569015
"3353",24,2005,5.92702070638615,0.308155059902011,1981,0,"Converged","weight","female","3dar1",5.32303678897821,6.53100462379409
"3354",25,2005,5.93369436334158,0.313340303040536,1980,0,"Converged","weight","female","3dar1",5.31954736938213,6.54784135730103
"3355",26,2005,5.95378731404778,0.318601590964826,1979,0,"Converged","weight","female","3dar1",5.32932819575672,6.57824643233884
"3356",27,2005,5.98092380176344,0.324438589865489,1978,0,"Converged","weight","female","3dar1",5.34502416562708,6.61682343789979
"3357",28,2005,6.00943278664387,0.331289653780982,1977,0,"Converged","weight","female","3dar1",5.36010506523314,6.65876050805459
"3358",29,2005,6.0361747330197,0.341249266649073,1976,0,"Converged","weight","female","3dar1",5.36732617038752,6.70502329565188
"3359",30,2005,6.05375643775874,0.357874106100554,1975,0,"Converged","weight","female","3dar1",5.35232318980165,6.75518968571582
"3360",31,2005,6.05830013642584,0.384960351087682,1974,0,"Converged","weight","female","3dar1",5.30377784829399,6.8128224245577
"3361",2,2006,1.34506036067983,0.0510519107432513,2004,0,"Converged","weight","female","3dar1",1.24499861562306,1.44512210573661
"3362",3,2006,1.84857443511959,0.0693386655633951,2003,0,"Converged","weight","female","3dar1",1.71267065061533,1.98447821962384
"3363",4,2006,2.34906583816995,0.0770000681158637,2002,0,"Converged","weight","female","3dar1",2.19814570466286,2.49998597167705
"3364",5,2006,2.77172185643228,0.0735353381861778,2001,0,"Converged","weight","female","3dar1",2.62759259358737,2.91585111927719
"3365",6,2006,3.07014470242993,0.0700626870970866,2000,0,"Converged","weight","female","3dar1",2.93282183571964,3.20746756914022
"3366",7,2006,3.30649488528846,0.0725575689275424,1999,0,"Converged","weight","female","3dar1",3.16428205019047,3.44870772038644
"3367",8,2006,3.51577665797613,0.0832337248549603,1998,0,"Converged","weight","female","3dar1",3.35263855726041,3.67891475869185
"3368",9,2006,3.69115481638218,0.0964390778768206,1997,0,"Converged","weight","female","3dar1",3.50213422374361,3.88017540902074
"3369",10,2006,3.84992170998059,0.112918614313917,1996,0,"Converged","weight","female","3dar1",3.62860122592531,4.07124219403586
"3370",11,2006,4.02867437040005,0.130414923160315,1995,0,"Converged","weight","female","3dar1",3.77306112100583,4.28428761979427
"3371",12,2006,4.25280105409514,0.154629004654112,1994,0,"Converged","weight","female","3dar1",3.94972820497308,4.5558739032172
"3372",13,2006,4.51962774809349,0.179338185093598,1993,0,"Converged","weight","female","3dar1",4.16812490531004,4.87113059087695
"3373",14,2006,4.80856032327441,0.203209512734714,1992,0,"Converged","weight","female","3dar1",4.41026967831437,5.20685096823445
"3374",15,2006,5.084814889234,0.222416979859044,1991,0,"Converged","weight","female","3dar1",4.64887760871027,5.52075216975772
"3375",16,2006,5.32989631039802,0.237927831602323,1990,0,"Converged","weight","female","3dar1",4.86355776045747,5.79623486033858
"3376",17,2006,5.5344028548209,0.25226241339453,1989,0,"Converged","weight","female","3dar1",5.03996852456762,6.02883718507417
"3377",18,2006,5.69312132170423,0.263686250004215,1988,0,"Converged","weight","female","3dar1",5.17629627169597,6.20994637171249
"3378",19,2006,5.81212327503606,0.274385138501324,1987,0,"Converged","weight","female","3dar1",5.27432840357347,6.34991814649866
"3379",20,2006,5.89919291414044,0.2828568900963,1986,0,"Converged","weight","female","3dar1",5.34479340955169,6.45359241872919
"3380",21,2006,5.95887986272018,0.290547677536435,1985,0,"Converged","weight","female","3dar1",5.38940641474877,6.5283533106916
"3381",22,2006,5.99501548844773,0.296546386460326,1984,0,"Converged","weight","female","3dar1",5.4137845709855,6.57624640590997
"3382",23,2006,6.01379691497325,0.301130678096162,1983,0,"Converged","weight","female","3dar1",5.42358078590477,6.60401304404173
"3383",24,2006,6.01942278564646,0.304246846714158,1982,0,"Converged","weight","female","3dar1",5.42309896608672,6.61574660520621
"3384",25,2006,6.02250213906011,0.307396408334816,1981,0,"Converged","weight","female","3dar1",5.42000517872387,6.62499909939635
"3385",26,2006,6.03072525096241,0.309607886940805,1980,0,"Converged","weight","female","3dar1",5.42389379255843,6.63755670936639
"3386",27,2006,6.04473420912955,0.311785183289172,1979,0,"Converged","weight","female","3dar1",5.43363524988278,6.65583316837633
"3387",28,2006,6.06475307238445,0.316146615186391,1978,0,"Converged","weight","female","3dar1",5.44510570661913,6.68440043814978
"3388",29,2006,6.09038815156946,0.322697180447887,1977,0,"Converged","weight","female","3dar1",5.4579016778916,6.72287462524732
"3389",30,2006,6.11536494449605,0.337111765903754,1976,0,"Converged","weight","female","3dar1",5.45462588332469,6.77610400566741
"3390",31,2006,6.13898014821481,0.367391682629414,1975,0,"Converged","weight","female","3dar1",5.41889245026116,6.85906784616846
"3391",2,2007,1.32448189997598,0.0508385610672649,2005,0,"Converged","weight","female","3dar1",1.22483832028414,1.42412547966782
"3392",3,2007,1.81915069286784,0.0639150558088145,2004,0,"Converged","weight","female","3dar1",1.69387718348256,1.94442420225312
"3393",4,2007,2.31144650223358,0.0692224784678219,2003,0,"Converged","weight","female","3dar1",2.17577044443664,2.44712256003051
"3394",5,2007,2.76278573425901,0.0752413915478212,2002,0,"Converged","weight","female","3dar1",2.61531260682528,2.91025886169274
"3395",6,2007,3.11522629099371,0.0769098054882066,2001,0,"Converged","weight","female","3dar1",2.96448307223683,3.2659695097506
"3396",7,2007,3.37112671883067,0.0811036050483224,2000,0,"Converged","weight","female","3dar1",3.21216365293596,3.53008978472538
"3397",8,2007,3.5663603975672,0.0887687669377691,1999,0,"Converged","weight","female","3dar1",3.39237361436918,3.74034718076523
"3398",9,2007,3.70999243530331,0.0956179356934202,1998,0,"Converged","weight","female","3dar1",3.5225812813442,3.89740358926241
"3399",10,2007,3.82400111443485,0.104241993274062,1997,0,"Converged","weight","female","3dar1",3.61968680761769,4.02831542125201
"3400",11,2007,3.93789967902897,0.119441617203582,1996,0,"Converged","weight","female","3dar1",3.70379410930995,4.17200524874799
"3401",12,2007,4.09278447493527,0.140180948957441,1995,0,"Converged","weight","female","3dar1",3.81802981497869,4.36753913489186
"3402",13,2007,4.29549828130717,0.164698638210033,1994,0,"Converged","weight","female","3dar1",3.9726889504155,4.61830761219883
"3403",14,2007,4.55370936585736,0.192741493508643,1993,0,"Converged","weight","female","3dar1",4.17593603858042,4.9314826931343
"3404",15,2007,4.84443673810303,0.218010078762046,1992,0,"Converged","weight","female","3dar1",4.41713698372942,5.27173649247664
"3405",16,2007,5.13691815120258,0.238497355443452,1991,0,"Converged","weight","female","3dar1",4.66946333453342,5.60437296787175
"3406",17,2007,5.4001227656818,0.255186122974954,1990,0,"Converged","weight","female","3dar1",4.89995796465089,5.90028756671271
"3407",18,2007,5.61105369076163,0.2695098599406,1989,0,"Converged","weight","female","3dar1",5.08281436527805,6.1392930162452
"3408",19,2007,5.76838382731088,0.28256139682273,1988,0,"Converged","weight","female","3dar1",5.21456348953833,6.32220416508343
"3409",20,2007,5.88154977885497,0.294162026805957,1987,0,"Converged","weight","female","3dar1",5.3049922063153,6.45810735139465
"3410",21,2007,5.95862457348545,0.303759981832888,1986,0,"Converged","weight","female","3dar1",5.36325500909299,6.55399413787791
"3411",22,2007,6.00553373876274,0.310366397470512,1985,0,"Converged","weight","female","3dar1",5.39721559972054,6.61385187780495
"3412",23,2007,6.0285940999491,0.314651143744747,1984,0,"Converged","weight","female","3dar1",5.4118778582094,6.64531034168881
"3413",24,2007,6.03390782265732,0.316330531948881,1983,0,"Converged","weight","female","3dar1",5.41389998003752,6.65391566527713
"3414",25,2007,6.02879849691427,0.31643305484518,1982,0,"Converged","weight","female","3dar1",5.40858970941771,6.64900728441082
"3415",26,2007,6.01737646352093,0.315085256831694,1981,0,"Converged","weight","female","3dar1",5.39980936013081,6.63494356691105
"3416",27,2007,6.0008428819098,0.312747093065388,1980,0,"Converged","weight","female","3dar1",5.38785857950164,6.61382718431796
"3417",28,2007,5.98196460932289,0.310678469301436,1979,0,"Converged","weight","female","3dar1",5.37303480949208,6.5908944091537
"3418",29,2007,5.96943758847676,0.310694684379735,1978,0,"Converged","weight","female","3dar1",5.36047600709248,6.57839916986104
"3419",30,2007,5.96945019767484,0.318035283896733,1977,0,"Converged","weight","female","3dar1",5.34610104123724,6.59279935411244
"3420",31,2007,6.00196626191047,0.344138420106072,1976,0,"Converged","weight","female","3dar1",5.32745495850257,6.67647756531838
"3421",2,2008,1.28320361386146,0.0487992462237383,2006,0,"Converged","weight","female","3dar1",1.18755709126294,1.37885013645999
"3422",3,2008,1.72605676640717,0.0620757765120928,2005,0,"Converged","weight","female","3dar1",1.60438824444347,1.84772528837087
"3423",4,2008,2.24045343443962,0.0749748702749311,2004,0,"Converged","weight","female","3dar1",2.09350268870075,2.38740418017848
"3424",5,2008,2.7770948822783,0.0851818799087519,2003,0,"Converged","weight","female","3dar1",2.61013839765715,2.94405136689945
"3425",6,2008,3.24433401633588,0.0888722377314573,2002,0,"Converged","weight","female","3dar1",3.07014443038222,3.41852360228953
"3426",7,2008,3.55453327125057,0.0940479853587841,2001,0,"Converged","weight","female","3dar1",3.37019921994735,3.73886732255379
"3427",8,2008,3.73706702276577,0.0999708481939515,2000,0,"Converged","weight","female","3dar1",3.54112416030562,3.93300988522591
"3428",9,2008,3.83221294149834,0.106542020356052,1999,0,"Converged","weight","female","3dar1",3.62339058160048,4.0410353013962
"3429",10,2008,3.88754586559826,0.112358508184133,1998,0,"Converged","weight","female","3dar1",3.66732318955736,4.10776854163916
"3430",11,2008,3.93372116887397,0.121465709555978,1997,0,"Converged","weight","female","3dar1",3.69564837814425,4.17179395960369
"3431",12,2008,4.00965068025144,0.133675007713278,1996,0,"Converged","weight","female","3dar1",3.74764766513342,4.27165369536947
"3432",13,2008,4.13495040135646,0.150398939545225,1995,0,"Converged","weight","female","3dar1",3.84016847984781,4.4297323228651
"3433",14,2008,4.32264872398932,0.171655680618909,1994,0,"Converged","weight","female","3dar1",3.98620358997626,4.65909385800238
"3434",15,2008,4.56535669375561,0.195970253787574,1993,0,"Converged","weight","female","3dar1",4.18125499633196,4.94945839117925
"3435",16,2008,4.84754614987205,0.221235568740325,1992,0,"Converged","weight","female","3dar1",4.41392443514101,5.28116786460308
"3436",17,2008,5.13741706141007,0.245808694804044,1991,0,"Converged","weight","female","3dar1",4.65563201959415,5.619202103226
"3437",18,2008,5.41159125606602,0.267249025931842,1990,0,"Converged","weight","female","3dar1",4.88778316523961,5.93539934689244
"3438",19,2008,5.6472463303016,0.283596217072229,1989,0,"Converged","weight","female","3dar1",5.09139774484003,6.20309491576317
"3439",20,2008,5.83818301065828,0.296366652069198,1988,0,"Converged","weight","female","3dar1",5.25730437260265,6.4190616487139
"3440",21,2008,5.98091517992596,0.30541102583015,1987,0,"Converged","weight","female","3dar1",5.38230956929887,6.57952079055305
"3441",22,2008,6.08143882832283,0.311811872425743,1986,0,"Converged","weight","female","3dar1",5.47028755836838,6.69259009827729
"3442",23,2008,6.14444909692131,0.315516806994994,1985,0,"Converged","weight","female","3dar1",5.52603615521112,6.7628620386315
"3443",24,2008,6.18067136511314,0.317027390783433,1984,0,"Converged","weight","female","3dar1",5.55929767917761,6.80204505104866
"3444",25,2008,6.19911091109096,0.316292860796316,1983,0,"Converged","weight","female","3dar1",5.57917690393018,6.81904491825174
"3445",26,2008,6.20768015324715,0.31279678802953,1982,0,"Converged","weight","female","3dar1",5.59459844870927,6.82076185778503
"3446",27,2008,6.2080244751626,0.308416113841707,1981,0,"Converged","weight","female","3dar1",5.60352889203285,6.81252005829234
"3447",28,2008,6.20039836324797,0.304255893838146,1980,0,"Converged","weight","female","3dar1",5.6040568113252,6.79673991517074
"3448",29,2008,6.1937527123928,0.30382985343125,1979,0,"Converged","weight","female","3dar1",5.59824619966755,6.78925922511805
"3449",30,2008,6.19333632728093,0.309487703972602,1978,0,"Converged","weight","female","3dar1",5.58674042749464,6.79993222706723
"3450",31,2008,6.20411642029475,0.335303568825022,1977,0,"Converged","weight","female","3dar1",5.54692142539771,6.8613114151918
"3451",2,2009,1.23944151633336,0.0461881604531816,2007,0,"Converged","weight","female","3dar1",1.14891272184512,1.32997031082159
"3452",3,2009,1.63953368695661,0.0632273938165118,2006,0,"Converged","weight","female","3dar1",1.51560799507624,1.76345937883697
"3453",4,2009,2.10578164846416,0.074373797328353,2005,0,"Converged","weight","female","3dar1",1.96000900570059,2.25155429122773
"3454",5,2009,2.56986327612186,0.0835063866876556,2004,0,"Converged","weight","female","3dar1",2.40619075821405,2.73353579402966
"3455",6,2009,3.02120235040732,0.0948169087635061,2003,0,"Converged","weight","female","3dar1",2.83536120923085,3.20704349158379
"3456",7,2009,3.43999931642086,0.105430114741346,2002,0,"Converged","weight","female","3dar1",3.23335629152783,3.6466423413139
"3457",8,2009,3.74569464335113,0.110785950347743,2001,0,"Converged","weight","female","3dar1",3.52855418066955,3.9628351060327
"3458",9,2009,3.90161556930924,0.114961082851199,2000,0,"Converged","weight","female","3dar1",3.67629184692089,4.12693929169759
"3459",10,2009,3.95941661214543,0.121621870943441,1999,0,"Converged","weight","female","3dar1",3.72103774509628,4.19779547919457
"3460",11,2009,3.97621639862348,0.126512198002911,1998,0,"Converged","weight","female","3dar1",3.72825249053777,4.22418030670919
"3461",12,2009,4.00335227646746,0.132237176083287,1997,0,"Converged","weight","female","3dar1",3.74416741134421,4.2625371415907
"3462",13,2009,4.07082074584472,0.142299539305716,1996,0,"Converged","weight","female","3dar1",3.79191364880552,4.34972784288393
"3463",14,2009,4.19985456066601,0.156894636307153,1995,0,"Converged","weight","female","3dar1",3.89234107350399,4.50736804782803
"3464",15,2009,4.38450416913806,0.177169493009215,1994,0,"Converged","weight","female","3dar1",4.03725196284,4.73175637543612
"3465",16,2009,4.62264827883295,0.200293476412839,1993,0,"Converged","weight","female","3dar1",4.23007306506378,5.01522349260211
"3466",17,2009,4.89151763220923,0.22438477551156,1992,0,"Converged","weight","female","3dar1",4.45172347220658,5.33131179221189
"3467",18,2009,5.17547537754756,0.247966201387286,1991,0,"Converged","weight","female","3dar1",4.68946162282848,5.66148913226664
"3468",19,2009,5.44737474093951,0.269301966563819,1990,0,"Converged","weight","female","3dar1",4.91954288647442,5.9752065954046
"3469",20,2009,5.6853704667003,0.287785964470189,1989,0,"Converged","weight","female","3dar1",5.12130997633873,6.24943095706187
"3470",21,2009,5.87778024639931,0.301401882091115,1988,0,"Converged","weight","female","3dar1",5.28703255750072,6.46852793529789
"3471",22,2009,6.01955387592532,0.310855285221929,1987,0,"Converged","weight","female","3dar1",5.41027751689034,6.6288302349603
"3472",23,2009,6.10787637869482,0.31658749175919,1986,0,"Converged","weight","female","3dar1",5.48736489484681,6.72838786254283
"3473",24,2009,6.15041211041509,0.318778417818193,1985,0,"Converged","weight","female","3dar1",5.52560641149143,6.77521780933875
"3474",25,2009,6.15552960204291,0.317934323745019,1984,0,"Converged","weight","female","3dar1",5.53237832750267,6.77868087658315
"3475",26,2009,6.13348283693764,0.314847014796429,1983,0,"Converged","weight","female","3dar1",5.51638268793664,6.75058298593865
"3476",27,2009,6.09493948334038,0.309906823877046,1982,0,"Converged","weight","female","3dar1",5.48752210854137,6.70235685813939
"3477",28,2009,6.05131708441438,0.304661764822366,1981,0,"Converged","weight","female","3dar1",5.45418002536254,6.64845414346622
"3478",29,2009,6.01665168970473,0.302566515664619,1980,0,"Converged","weight","female","3dar1",5.42362131900208,6.60968206040739
"3479",30,2009,6.00586581652196,0.30722477709014,1979,0,"Converged","weight","female","3dar1",5.40370525342529,6.60802637961864
"3480",31,2009,6.04221087989778,0.331417217054199,1978,0,"Converged","weight","female","3dar1",5.39263313447155,6.69178862532401
"3481",2,2010,1.17416863678266,0.0397941908317721,2008,0,"Converged","weight","female","3dar1",1.09617202275239,1.25216525081294
"3482",3,2010,1.49589422458777,0.0547736383411822,2007,0,"Converged","weight","female","3dar1",1.38853789343905,1.60325055573649
"3483",4,2010,1.91897914447719,0.0665862522400828,2006,0,"Converged","weight","female","3dar1",1.78847009008662,2.04948819886775
"3484",5,2010,2.38148102169086,0.0744205444998461,2005,0,"Converged","weight","female","3dar1",2.23561675447116,2.52734528891056
"3485",6,2010,2.83956579309032,0.085932242562152,2004,0,"Converged","weight","female","3dar1",2.6711385976685,3.00799298851214
"3486",7,2010,3.28712676684436,0.0991551022794094,2003,0,"Converged","weight","female","3dar1",3.09278276637671,3.481470767312
"3487",8,2010,3.6709169430337,0.104905400168578,2002,0,"Converged","weight","female","3dar1",3.46530235870329,3.87653152736411
"3488",9,2010,3.92177912531117,0.107505586722602,2001,0,"Converged","weight","female","3dar1",3.71106817533487,4.13249007528747
"3489",10,2010,4.05061284555683,0.109043585009159,2000,0,"Converged","weight","female","3dar1",3.83688741893888,4.26433827217478
"3490",11,2010,4.1051662122331,0.115745892936596,1999,0,"Converged","weight","female","3dar1",3.87830426207737,4.33202816238883
"3491",12,2010,4.13351312227815,0.124295484450251,1998,0,"Converged","weight","female","3dar1",3.88989397275566,4.37713227180064
"3492",13,2010,4.17124288081588,0.133369889090912,1997,0,"Converged","weight","female","3dar1",3.90983789819769,4.43264786343407
"3493",14,2010,4.24825142057405,0.146597894582397,1996,0,"Converged","weight","female","3dar1",3.96091954719256,4.53558329395555
"3494",15,2010,4.36505624759211,0.163507422598971,1995,0,"Converged","weight","female","3dar1",4.04458169929813,4.6855307958861
"3495",16,2010,4.53930803443926,0.185394735747082,1994,0,"Converged","weight","female","3dar1",4.17593435237498,4.90268171650354
"3496",17,2010,4.75873900320187,0.210451727837793,1993,0,"Converged","weight","female","3dar1",4.3462536166398,5.17122438976395
"3497",18,2010,5.00853242731194,0.235939450838314,1992,0,"Converged","weight","female","3dar1",4.54609110366885,5.47097375095504
"3498",19,2010,5.26653376324963,0.259131993918953,1991,0,"Converged","weight","female","3dar1",4.75863505516848,5.77443247133078
"3499",20,2010,5.5101497731352,0.27906394897874,1990,0,"Converged","weight","female","3dar1",4.96318443313687,6.05711511313353
"3500",21,2010,5.72523121878654,0.29458773778478,1989,0,"Converged","weight","female","3dar1",5.14783925272837,6.30262318484471
"3501",22,2010,5.90350928980241,0.306066075382065,1988,0,"Converged","weight","female","3dar1",5.30361978205356,6.50339879755126
"3502",23,2010,6.03982805321392,0.31461200144485,1987,0,"Converged","weight","female","3dar1",5.42318853038201,6.65646757604583
"3503",24,2010,6.13026693763989,0.319268544751437,1986,0,"Converged","weight","female","3dar1",5.50450058992707,6.7560332853527
"3504",25,2010,6.17386162892112,0.320031708757236,1985,0,"Converged","weight","female","3dar1",5.54659947975694,6.8011237780853
"3505",26,2010,6.16930232800256,0.31640641752152,1984,0,"Converged","weight","female","3dar1",5.54914574966038,6.78945890634474
"3506",27,2010,6.13005573400317,0.308928102361642,1983,0,"Converged","weight","female","3dar1",5.52455665337435,6.73555481463199
"3507",28,2010,6.0736419180758,0.299146679595816,1982,0,"Converged","weight","female","3dar1",5.487314426068,6.6599694100836
"3508",29,2010,6.01528945503239,0.291179862676575,1981,0,"Converged","weight","female","3dar1",5.44457692418631,6.58600198587848
"3509",30,2010,5.97653919985559,0.290098300631101,1980,0,"Converged","weight","female","3dar1",5.40794653061863,6.54513186909255
"3510",31,2010,5.98722467252025,0.307854697789883,1979,0,"Converged","weight","female","3dar1",5.38382946485208,6.59061988018842
"3511",2,2011,1.15707321774861,0.0374487850154593,2009,0,"Converged","weight","female","3dar1",1.08367359911831,1.23047283637891
"3512",3,2011,1.38130721966696,0.0415609436264097,2008,0,"Converged","weight","female","3dar1",1.2998477701592,1.46276666917473
"3513",4,2011,1.64465790979909,0.0507553951935791,2007,0,"Converged","weight","female","3dar1",1.54517733521968,1.74413848437851
"3514",5,2011,1.96627101165396,0.0616131415839962,2006,0,"Converged","weight","female","3dar1",1.84550925414933,2.08703276915859
"3515",6,2011,2.36300367507255,0.0771137237420344,2005,0,"Converged","weight","female","3dar1",2.21186077653816,2.51414657360693
"3516",7,2011,2.79767102573576,0.0933257387933146,2004,0,"Converged","weight","female","3dar1",2.61475257770086,2.98058947377065
"3517",8,2011,3.22844501123012,0.108506742469511,2003,0,"Converged","weight","female","3dar1",3.01577179598988,3.44111822647037
"3518",9,2011,3.59050355660235,0.118767142644359,2002,0,"Converged","weight","female","3dar1",3.3577199570194,3.82328715618529
"3519",10,2011,3.83967053344436,0.127719361800861,2001,0,"Converged","weight","female","3dar1",3.58934058431467,4.09000048257405
"3520",11,2011,3.98899064129505,0.134092660588008,2000,0,"Converged","weight","female","3dar1",3.72616902654256,4.25181225604755
"3521",12,2011,4.0848294105656,0.140703583653304,1999,0,"Converged","weight","female","3dar1",3.80905038660512,4.36060843452607
"3522",13,2011,4.1685281758509,0.14721209510203,1998,0,"Converged","weight","female","3dar1",3.87999246945092,4.45706388225088
"3523",14,2011,4.26412316724077,0.15574435566549,1997,0,"Converged","weight","female","3dar1",3.95886423013641,4.56938210434513
"3524",15,2011,4.36403686556414,0.165492207069693,1996,0,"Converged","weight","female","3dar1",4.03967213970754,4.68840159142074
"3525",16,2011,4.49665791089877,0.18107593571567,1995,0,"Converged","weight","female","3dar1",4.14174907689605,4.85156674490148
"3526",17,2011,4.66645156142401,0.2007321330402,1994,0,"Converged","weight","female","3dar1",4.27301658066522,5.0598865421828
"3527",18,2011,4.87096603706712,0.224406374916937,1993,0,"Converged","weight","female","3dar1",4.43112954222992,5.31080253190431
"3528",19,2011,5.09753171972312,0.248669931382757,1992,0,"Converged","weight","female","3dar1",4.61013865421292,5.58492478523333
"3529",20,2011,5.32716428419858,0.271365587395197,1991,0,"Converged","weight","female","3dar1",4.79528773290399,5.85904083549316
"3530",21,2011,5.54628964465168,0.290831372289389,1990,0,"Converged","weight","female","3dar1",4.97626015496448,6.11631913433889
"3531",22,2011,5.74773967495247,0.306989258756889,1989,0,"Converged","weight","female","3dar1",5.14604072778897,6.34943862211598
"3532",23,2011,5.9223485086885,0.31860213998051,1988,0,"Converged","weight","female","3dar1",5.2978883143267,6.5468087030503
"3533",24,2011,6.05874278217427,0.325996845991703,1987,0,"Converged","weight","female","3dar1",5.41978896403054,6.69769660031801
"3534",25,2011,6.14843285821291,0.330258815022626,1986,0,"Converged","weight","female","3dar1",5.50112558076857,6.79574013565726
"3535",26,2011,6.1868665976944,0.332278191972664,1985,0,"Converged","weight","female","3dar1",5.53560134142798,6.83813185396082
"3536",27,2011,6.1815127129362,0.331497390195775,1984,0,"Converged","weight","female","3dar1",5.53177782815248,6.83124759771992
"3537",28,2011,6.14696168621201,0.32922354191158,1983,0,"Converged","weight","female","3dar1",5.50168354406532,6.79223982835871
"3538",29,2011,6.09839551490293,0.328609497092023,1982,0,"Converged","weight","female","3dar1",5.45432090060257,6.7424701292033
"3539",30,2011,6.05718638362191,0.332739619227747,1981,0,"Converged","weight","female","3dar1",5.40501672993552,6.70935603730829
"3540",31,2011,6.05143048610331,0.349551973686718,1980,0,"Converged","weight","female","3dar1",5.36630861767735,6.73655235452928
"3541",2,2012,1.21281221399179,0.0456729246561172,2010,0,"Converged","weight","female","3dar1",1.1232932816658,1.30233114631778
"3542",3,2012,1.46379329816218,0.0469913449263446,2009,0,"Converged","weight","female","3dar1",1.37169026210654,1.55589633421781
"3543",4,2012,1.6679177363169,0.0421738908847858,2008,0,"Converged","weight","female","3dar1",1.58525691018272,1.75057856245108
"3544",5,2012,1.87058164052031,0.0496155021586754,2007,0,"Converged","weight","female","3dar1",1.77333525628931,1.96782802475132
"3545",6,2012,2.14525384429489,0.0645573147085072,2006,0,"Converged","weight","female","3dar1",2.01872150746621,2.27178618112356
"3546",7,2012,2.49198555750758,0.084590654886673,2005,0,"Converged","weight","female","3dar1",2.3261878739297,2.65778324108546
"3547",8,2012,2.90249354544105,0.105878732211195,2004,0,"Converged","weight","female","3dar1",2.69497123030711,3.11001586057499
"3548",9,2012,3.31536148481703,0.121910534217027,2003,0,"Converged","weight","female","3dar1",3.07641683775166,3.55430613188241
"3549",10,2012,3.65935152341824,0.13057264688703,2002,0,"Converged","weight","female","3dar1",3.40342913551966,3.91527391131682
"3550",11,2012,3.90433883127439,0.13443083402153,2001,0,"Converged","weight","female","3dar1",3.64085439659219,4.16782326595659
"3551",12,2012,4.06914478613046,0.138401455982448,2000,0,"Converged","weight","female","3dar1",3.79787793240486,4.34041163985606
"3552",13,2012,4.19638993521233,0.141652104032522,1999,0,"Converged","weight","female","3dar1",3.91875181130859,4.47402805911607
"3553",14,2012,4.31010470848698,0.147846427871173,1998,0,"Converged","weight","female","3dar1",4.02032570985948,4.59988370711448
"3554",15,2012,4.41574908219542,0.155705799498748,1997,0,"Converged","weight","female","3dar1",4.11056571517787,4.72093244921296
"3555",16,2012,4.53251115743278,0.167439501164616,1996,0,"Converged","weight","female","3dar1",4.20432973515013,4.86069257971543
"3556",17,2012,4.669689310377,0.181472352372652,1995,0,"Converged","weight","female","3dar1",4.3140034997266,5.0253751210274
"3557",18,2012,4.82815038769393,0.201981642058015,1994,0,"Converged","weight","female","3dar1",4.43226636926022,5.22403440612764
"3558",19,2012,5.00466863708592,0.223815145133235,1993,0,"Converged","weight","female","3dar1",4.56599095262477,5.44334632154706
"3559",20,2012,5.18715011368654,0.247036791286868,1992,0,"Converged","weight","female","3dar1",4.70295800276428,5.6713422246088
"3560",21,2012,5.36975469014376,0.26864773713275,1991,0,"Converged","weight","female","3dar1",4.84320512536357,5.89630425492395
"3561",22,2012,5.55283441302143,0.288649314707149,1990,0,"Converged","weight","female","3dar1",4.98708175619542,6.11858706984744
"3562",23,2012,5.72817932889373,0.305876379770265,1989,0,"Converged","weight","female","3dar1",5.12866162454401,6.32769703324345
"3563",24,2012,5.88725966113459,0.319566137683347,1988,0,"Converged","weight","female","3dar1",5.26091003127523,6.51360929099395
"3564",25,2012,6.01921772419177,0.329356114539791,1987,0,"Converged","weight","female","3dar1",5.37367973969378,6.66475570868976
"3565",26,2012,6.11511464785009,0.334944253419922,1986,0,"Converged","weight","female","3dar1",5.45862391114704,6.77160538455314
"3566",27,2012,6.17155710622304,0.336951733362671,1985,0,"Converged","weight","female","3dar1",5.51113170883221,6.83198250361388
"3567",28,2012,6.19212720376588,0.337266377978346,1984,0,"Converged","weight","female","3dar1",5.53108510292832,6.85316930460344
"3568",29,2012,6.18287669371793,0.338846192947532,1983,0,"Converged","weight","female","3dar1",5.51873815554077,6.8470152318951
"3569",30,2012,6.16268583662308,0.346317627094235,1982,0,"Converged","weight","female","3dar1",5.48390328751838,6.84146838572778
"3570",31,2012,6.15725936632051,0.366450914948106,1981,0,"Converged","weight","female","3dar1",5.43901557302223,6.8755031596188
"3571",2,2013,1.28381540169735,0.0495040075713106,2011,0,"Converged","weight","female","3dar1",1.18678754685759,1.38084325653712
"3572",3,2013,1.64904146216177,0.0580735366225703,2010,0,"Converged","weight","female","3dar1",1.53521733038153,1.76286559394201
"3573",4,2013,1.95061799177769,0.0569984951999214,2009,0,"Converged","weight","female","3dar1",1.83890094118585,2.06233504236954
"3574",5,2013,2.14150464405058,0.0553112104191088,2008,0,"Converged","weight","female","3dar1",2.03309467162913,2.24991461647204
"3575",6,2013,2.31745162910826,0.0623117632151752,2007,0,"Converged","weight","female","3dar1",2.19532057320652,2.43958268501001
"3576",7,2013,2.53938129912151,0.0712340669674408,2006,0,"Converged","weight","female","3dar1",2.39976252786533,2.6790000703777
"3577",8,2013,2.83888532351661,0.0877202061842246,2005,0,"Converged","weight","female","3dar1",2.66695371939553,3.01081692763769
"3578",9,2013,3.19541767402401,0.105499351397973,2004,0,"Converged","weight","female","3dar1",2.98863894528398,3.40219640276404
"3579",10,2013,3.53890525707853,0.119952822283697,2003,0,"Converged","weight","female","3dar1",3.30379772540248,3.77401278875458
"3580",11,2013,3.82278925584629,0.129572870215668,2002,0,"Converged","weight","female","3dar1",3.56882643022358,4.076752081469
"3581",12,2013,4.05161964350655,0.137329755837484,2001,0,"Converged","weight","female","3dar1",3.78245332206508,4.32078596494802
"3582",13,2013,4.25584956260823,0.147322231073125,2000,0,"Converged","weight","female","3dar1",3.9670979897049,4.54460113551155
"3583",14,2013,4.43604285118258,0.158544706112307,1999,0,"Converged","weight","female","3dar1",4.12529522720246,4.74679047516271
"3584",15,2013,4.59349639146436,0.169082244929698,1998,0,"Converged","weight","female","3dar1",4.26209519140215,4.92489759152656
"3585",16,2013,4.73594342403656,0.180221837807608,1997,0,"Converged","weight","female","3dar1",4.38270862193365,5.08917822613947
"3586",17,2013,4.87768580255493,0.195660802467918,1996,0,"Converged","weight","female","3dar1",4.49419062971781,5.26118097539205
"3587",18,2013,5.02550905536556,0.21406910432113,1995,0,"Converged","weight","female","3dar1",4.60593361089614,5.44508449983497
"3588",19,2013,5.17861732166947,0.233084931410747,1994,0,"Converged","weight","female","3dar1",4.7217708561044,5.63546378723453
"3589",20,2013,5.3263257959789,0.251859144372381,1993,0,"Converged","weight","female","3dar1",4.83268187300904,5.81996971894877
"3590",21,2013,5.46625952245417,0.26905521774658,1992,0,"Converged","weight","female","3dar1",4.93891129567087,5.99360774923746
"3591",22,2013,5.59922670457546,0.284995183758009,1991,0,"Converged","weight","female","3dar1",5.04063614440976,6.15781726474116
"3592",23,2013,5.72815706816604,0.29919127451462,1990,0,"Converged","weight","female","3dar1",5.14174217011739,6.3145719662147
"3593",24,2013,5.85159403317315,0.311802177593473,1989,0,"Converged","weight","female","3dar1",5.24046176508994,6.46272630125635
"3594",25,2013,5.96539191299929,0.322277067839601,1988,0,"Converged","weight","female","3dar1",5.33372886003368,6.59705496596491
"3595",26,2013,6.0654602977208,0.32996594394497,1987,0,"Converged","weight","female","3dar1",5.41872704758866,6.71219354785295
"3596",27,2013,6.14841334916915,0.335101734346921,1986,0,"Converged","weight","female","3dar1",5.49161394984919,6.80521274848912
"3597",28,2013,6.21040911528843,0.340256298162655,1985,0,"Converged","weight","female","3dar1",5.54350677088962,6.87731145968723
"3598",29,2013,6.24904503287623,0.347173820401617,1984,0,"Converged","weight","female","3dar1",5.56858434488906,6.9295057208634
"3599",30,2013,6.26907837072683,0.359504956021478,1983,0,"Converged","weight","female","3dar1",5.56444865692473,6.97370808452893
"3600",31,2013,6.28398067344408,0.383824320618244,1982,0,"Converged","weight","female","3dar1",5.53168500503232,7.03627634185584
"3601",2,2014,1.28389438432697,0.0473313265674511,2012,0,"Converged","weight","female","3dar1",1.19112498425476,1.37666378439917
"3602",3,2014,1.72462310785192,0.0631184493043459,2011,0,"Converged","weight","female","3dar1",1.6009109472154,1.84833526848843
"3603",4,2014,2.15685873739113,0.0598536547821621,2010,0,"Converged","weight","female","3dar1",2.03954557401809,2.27417190076417
"3604",5,2014,2.42467576947736,0.0568606495388157,2009,0,"Converged","weight","female","3dar1",2.31322889638128,2.53612264257344
"3605",6,2014,2.57133129948669,0.0591914436499762,2008,0,"Converged","weight","female","3dar1",2.45531606993273,2.68734652904064
"3606",7,2014,2.73905405916601,0.0705143653371495,2007,0,"Converged","weight","female","3dar1",2.6008459031052,2.87726221522683
"3607",8,2014,3.01050028581486,0.0925952636942582,2006,0,"Converged","weight","female","3dar1",2.82901356897411,3.19198700265561
"3608",9,2014,3.33333015390452,0.11109332755681,2005,0,"Converged","weight","female","3dar1",3.11558723189318,3.55107307591587
"3609",10,2014,3.64223962739649,0.123480106735142,2004,0,"Converged","weight","female","3dar1",3.40021861819561,3.88426063659737
"3610",11,2014,3.90701393810464,0.133397714049694,2003,0,"Converged","weight","female","3dar1",3.64555441856723,4.16847345764204
"3611",12,2014,4.13825242669739,0.1438545458786,2002,0,"Converged","weight","female","3dar1",3.85629751677533,4.42020733661944
"3612",13,2014,4.35002186963162,0.15243852920471,2001,0,"Converged","weight","female","3dar1",4.05124235239039,4.64880138687285
"3613",14,2014,4.52906205401643,0.16257264222456,2000,0,"Converged","weight","female","3dar1",4.21041967525629,4.84770443277657
"3614",15,2014,4.67656009136929,0.174969519281444,1999,0,"Converged","weight","female","3dar1",4.33361983357766,5.01950034916092
"3615",16,2014,4.80646842693717,0.187019010585412,1998,0,"Converged","weight","female","3dar1",4.43991116618976,5.17302568768458
"3616",17,2014,4.93114502299968,0.201212145524003,1997,0,"Converged","weight","female","3dar1",4.53676921777264,5.32552082822673
"3617",18,2014,5.05956750880075,0.217230239144119,1996,0,"Converged","weight","female","3dar1",4.63379624007828,5.48533877752323
"3618",19,2014,5.1893446433818,0.2336127511523,1995,0,"Converged","weight","female","3dar1",4.73146365112329,5.64722563564031
"3619",20,2014,5.31617125618795,0.24908957299472,1994,0,"Converged","weight","female","3dar1",4.8279556931183,5.80438681925761
"3620",21,2014,5.43713316027157,0.264992162635069,1993,0,"Converged","weight","female","3dar1",4.91774852150683,5.9565177990363
"3621",22,2014,5.54935787513959,0.279505087156134,1992,0,"Converged","weight","female","3dar1",5.00152790431357,6.09718784596562
"3622",23,2014,5.65622045558181,0.292850720800249,1991,0,"Converged","weight","female","3dar1",5.08223304281332,6.2302078683503
"3623",24,2014,5.7560363273015,0.305103136445633,1990,0,"Converged","weight","female","3dar1",5.15803417986806,6.35403847473494
"3624",25,2014,5.85024845502472,0.315229077548104,1989,0,"Converged","weight","female","3dar1",5.23239946303043,6.468097447019
"3625",26,2014,5.9386073945724,0.323374434563692,1988,0,"Converged","weight","female","3dar1",5.30479350282757,6.57242128631724
"3626",27,2014,6.0219252729731,0.329716074672797,1987,0,"Converged","weight","female","3dar1",5.37568176661442,6.66816877933179
"3627",28,2014,6.09890496701826,0.33663558553078,1986,0,"Converged","weight","female","3dar1",5.43909921937794,6.75871071465859
"3628",29,2014,6.16596955036854,0.346199261914629,1985,0,"Converged","weight","female","3dar1",5.48741899701587,6.84452010372121
"3629",30,2014,6.22471339581716,0.362770036258968,1984,0,"Converged","weight","female","3dar1",5.51368412474958,6.93574266688474
"3630",31,2014,6.2825960233163,0.391993493829158,1983,0,"Converged","weight","female","3dar1",5.51428877541116,7.05090327122145
"3631",2,2015,1.23479925053803,0.0382567571226404,2013,0,"Converged","weight","female","3dar1",1.15981600657765,1.3097824944984
"3632",3,2015,1.63936183471735,0.055550628402069,2012,0,"Converged","weight","female","3dar1",1.53048260304929,1.7482410663854
"3633",4,2015,2.17786142597965,0.0690170608547027,2011,0,"Converged","weight","female","3dar1",2.04258798670443,2.31313486525487
"3634",5,2015,2.63533379605808,0.0681022837268234,2010,0,"Converged","weight","female","3dar1",2.50185331995351,2.76881427216266
"3635",6,2015,2.90715091473956,0.0675909709532624,2009,0,"Converged","weight","female","3dar1",2.77467261167116,3.03962921780795
"3636",7,2015,3.08722076758281,0.0752115730697886,2008,0,"Converged","weight","female","3dar1",2.93980608436602,3.23463545079959
"3637",8,2015,3.27607482146739,0.0869080937132636,2007,0,"Converged","weight","female","3dar1",3.10573495778939,3.44641468514538
"3638",9,2015,3.50069525184296,0.100943568075531,2006,0,"Converged","weight","female","3dar1",3.30284585841492,3.698544645271
"3639",10,2015,3.73093463765324,0.112289717725254,2005,0,"Converged","weight","female","3dar1",3.51084679091174,3.95102248439474
"3640",11,2015,3.94608329958856,0.12494349399848,2004,0,"Converged","weight","female","3dar1",3.70119405135154,4.19097254782558
"3641",12,2015,4.14677047504603,0.137856624868211,2003,0,"Converged","weight","female","3dar1",3.87657149030434,4.41696945978772
"3642",13,2015,4.34397687652238,0.152033225763541,2002,0,"Converged","weight","female","3dar1",4.04599175402584,4.64196199901892
"3643",14,2015,4.52825018311134,0.165493348256077,2001,0,"Converged","weight","female","3dar1",4.20388322052943,4.85261714569325
"3644",15,2015,4.69503412480781,0.177116392359608,2000,0,"Converged","weight","female","3dar1",4.34788599578298,5.04218225383264
"3645",16,2015,4.84876182046633,0.188061506484877,1999,0,"Converged","weight","female","3dar1",4.48016126775598,5.21736237317669
"3646",17,2015,4.99289351166039,0.199990660454965,1998,0,"Converged","weight","female","3dar1",4.60091181716866,5.38487520615212
"3647",18,2015,5.13205224116718,0.217177202140881,1997,0,"Converged","weight","female","3dar1",4.70638492497105,5.5577195573633
"3648",19,2015,5.26081098771945,0.232490324167236,1996,0,"Converged","weight","female","3dar1",4.80512995235167,5.71649202308723
"3649",20,2015,5.37924885384015,0.247619739695227,1995,0,"Converged","weight","female","3dar1",4.89391416403751,5.8645835436428
"3650",21,2015,5.48075456796822,0.26146778724411,1994,0,"Converged","weight","female","3dar1",4.96827770496977,5.99323143096668
"3651",22,2015,5.56555407733694,0.275517640304014,1993,0,"Converged","weight","female","3dar1",5.02553950234107,6.10556865233281
"3652",23,2015,5.64187730903205,0.287918583553882,1992,0,"Converged","weight","female","3dar1",5.07755688526645,6.20619773279766
"3653",24,2015,5.71134098072792,0.299966395217619,1991,0,"Converged","weight","female","3dar1",5.12340684610138,6.29927511535445
"3654",25,2015,5.77861312036111,0.310372638291141,1990,0,"Converged","weight","female","3dar1",5.17028274931047,6.38694349141174
"3655",26,2015,5.84710956042291,0.317985337975841,1989,0,"Converged","weight","female","3dar1",5.22385829799026,6.47036082285556
"3656",27,2015,5.91302360973148,0.322664029187254,1988,0,"Converged","weight","female","3dar1",5.28060211252446,6.54544510693849
"3657",28,2015,5.97720112413267,0.325897673651514,1987,0,"Converged","weight","female","3dar1",5.3384416837757,6.61596056448964
"3658",29,2015,6.03584725875034,0.330326987898046,1986,0,"Converged","weight","female","3dar1",5.38840636247017,6.68328815503052
"3659",30,2015,6.09562096505955,0.34216138349574,1985,0,"Converged","weight","female","3dar1",5.4249846534079,6.7662572767112
"3660",31,2015,6.17077242851517,0.371105594129132,1984,0,"Converged","weight","female","3dar1",5.44340546402207,6.89813939300827
"3661",2,2016,1.1513486228236,0.0237248461771287,2014,0,"Converged","weight","female","3dar1",1.10484792431643,1.19784932133077
"3662",3,2016,1.43411516486018,0.0369120795837407,2013,0,"Converged","weight","female","3dar1",1.36176748887605,1.50646284084431
"3663",4,2016,1.85591825837659,0.0592530195616369,2012,0,"Converged","weight","female","3dar1",1.73978234003578,1.9720541767174
"3664",5,2016,2.33839822789612,0.0761587658073908,2011,0,"Converged","weight","female","3dar1",2.18912704691364,2.48766940887861
"3665",6,2016,2.73784064489234,0.0845212766413307,2010,0,"Converged","weight","female","3dar1",2.57217894267533,2.90350234710935
"3666",7,2016,3.01864472671801,0.0896586509678068,2009,0,"Converged","weight","female","3dar1",2.84291377082111,3.19437568261491
"3667",8,2016,3.236652294856,0.0947408947380999,2008,0,"Converged","weight","female","3dar1",3.05096014116932,3.42234444854267
"3668",9,2016,3.4182300843699,0.10377318884549,2007,0,"Converged","weight","female","3dar1",3.21483463423273,3.62162553450706
"3669",10,2016,3.60093929576834,0.119578426614807,2006,0,"Converged","weight","female","3dar1",3.36656557960331,3.83531301193336
"3670",11,2016,3.80580093800751,0.138018697801467,2005,0,"Converged","weight","female","3dar1",3.53528429031663,4.07631758569838
"3671",12,2016,4.01856197400763,0.154359719241449,2004,0,"Converged","weight","female","3dar1",3.71601692429439,4.32110702372087
"3672",13,2016,4.22300824630683,0.168076673151109,2003,0,"Converged","weight","female","3dar1",3.89357796693066,4.552438525683
"3673",14,2016,4.4056200925617,0.180862616257989,2002,0,"Converged","weight","female","3dar1",4.05112936469604,4.76011082042736
"3674",15,2016,4.56529103144955,0.193666774384316,2001,0,"Converged","weight","female","3dar1",4.18570415365629,4.94487790924281
"3675",16,2016,4.71565183645598,0.205844810244038,2000,0,"Converged","weight","female","3dar1",4.31219600837766,5.11910766453429
"3676",17,2016,4.86466858482217,0.218109786894973,1999,0,"Converged","weight","female","3dar1",4.43717340250803,5.29216376713632
"3677",18,2016,5.01484968115744,0.230813548763509,1998,0,"Converged","weight","female","3dar1",4.56245512558096,5.46724423673392
"3678",19,2016,5.16159250141048,0.244071417852134,1997,0,"Converged","weight","female","3dar1",4.6832125224203,5.63997248040067
"3679",20,2016,5.3004878208192,0.258442360363707,1996,0,"Converged","weight","female","3dar1",4.79394079450633,5.80703484713206
"3680",21,2016,5.42718786469023,0.271799196494603,1995,0,"Converged","weight","female","3dar1",4.8944614395608,5.95991428981965
"3681",22,2016,5.53964650536217,0.285829589031704,1994,0,"Converged","weight","female","3dar1",4.97942051086003,6.09987249986431
"3682",23,2016,5.63910622301754,0.298602961554165,1993,0,"Converged","weight","female","3dar1",5.05384441837137,6.2243680276637
"3683",24,2016,5.72583822930919,0.310246604217787,1992,0,"Converged","weight","female","3dar1",5.11775488504233,6.33392157357605
"3684",25,2016,5.80417074034017,0.319840305725027,1991,0,"Converged","weight","female","3dar1",5.17728374111912,6.43105773956123
"3685",26,2016,5.87944544060299,0.327411694723941,1990,0,"Converged","weight","female","3dar1",5.23771851894406,6.52117236226191
"3686",27,2016,5.95172443398043,0.333371272604973,1989,0,"Converged","weight","female","3dar1",5.29831673967468,6.60513212828618
"3687",28,2016,6.02062495498283,0.339512514130727,1988,0,"Converged","weight","female","3dar1",5.35518042728661,6.68606948267905
"3688",29,2016,6.08344327862092,0.347814677822516,1987,0,"Converged","weight","female","3dar1",5.40172651008879,6.76516004715305
"3689",30,2016,6.14311852683943,0.362640280279427,1986,0,"Converged","weight","female","3dar1",5.43234357749176,6.85389347618711
"3690",31,2016,6.20918984426394,0.390792984867358,1985,0,"Converged","weight","female","3dar1",5.44323559392391,6.97514409460396
"3691",2,2017,1.27344353929075,0.0330988132041285,2015,0,"Converged","weight","female","3dar1",1.20856986541065,1.33831721317084
"3692",3,2017,1.5751497951053,0.0332381436858672,2014,0,"Converged","weight","female","3dar1",1.510003033481,1.6402965567296
"3693",4,2017,1.89085242325224,0.050970256875965,2013,0,"Converged","weight","female","3dar1",1.79095071977535,1.99075412672913
"3694",5,2017,2.27270836130963,0.0717910719767296,2012,0,"Converged","weight","female","3dar1",2.13199786023524,2.41341886238402
"3695",6,2017,2.69058709621984,0.0897968863154062,2011,0,"Converged","weight","female","3dar1",2.51458519904164,2.86658899339803
"3696",7,2017,3.07744075131962,0.106557439238984,2010,0,"Converged","weight","female","3dar1",2.86858817041121,3.28629333222803
"3697",8,2017,3.40359354841556,0.120812740163867,2009,0,"Converged","weight","female","3dar1",3.16680057769438,3.64038651913674
"3698",9,2017,3.63868777710721,0.132686462959058,2008,0,"Converged","weight","female","3dar1",3.37862230970745,3.89875324450696
"3699",10,2017,3.81915297584948,0.143758298234503,2007,0,"Converged","weight","female","3dar1",3.53738671130986,4.10091924038911
"3700",11,2017,3.98887295699907,0.155032794110682,2006,0,"Converged","weight","female","3dar1",3.68500868054213,4.292737233456
"3701",12,2017,4.16665925372061,0.168067381046116,2005,0,"Converged","weight","female","3dar1",3.83724718687022,4.49607132057099
"3702",13,2017,4.34788662756997,0.18045547797315,2004,0,"Converged","weight","female","3dar1",3.9941938907426,4.70157936439735
"3703",14,2017,4.50976308088009,0.190948256276541,2003,0,"Converged","weight","female","3dar1",4.13550449857807,4.88402166318211
"3704",15,2017,4.64997825074926,0.20096197129661,2002,0,"Converged","weight","female","3dar1",4.25609278700791,5.04386371449062
"3705",16,2017,4.77742149818084,0.211297890040347,2001,0,"Converged","weight","female","3dar1",4.36327763370176,5.19156536265992
"3706",17,2017,4.905878841347,0.224529600482208,2000,0,"Converged","weight","female","3dar1",4.46580082440187,5.34595685829213
"3707",18,2017,5.03717384769026,0.238703511182635,1999,0,"Converged","weight","female","3dar1",4.56931496577229,5.50503272960822
"3708",19,2017,5.16982763369995,0.253316645910793,1998,0,"Converged","weight","female","3dar1",4.6733270077148,5.6663282596851
"3709",20,2017,5.30068824860791,0.267182498358389,1997,0,"Converged","weight","female","3dar1",4.77701055182546,5.82436594539035
"3710",21,2017,5.42830888695624,0.279910389488469,1996,0,"Converged","weight","female","3dar1",4.87968452355885,5.97693325035364
"3711",22,2017,5.54985385000754,0.29160464682878,1995,0,"Converged","weight","female","3dar1",4.97830874222313,6.12139895779195
"3712",23,2017,5.66083862619216,0.301044541665863,1994,0,"Converged","weight","female","3dar1",5.07079132452707,6.25088592785725
"3713",24,2017,5.75591907130968,0.307661684265183,1993,0,"Converged","weight","female","3dar1",5.15290217014992,6.35893597246944
"3714",25,2017,5.83860770219244,0.312639132937487,1992,0,"Converged","weight","female","3dar1",5.22583500163496,6.45138040274991
"3715",26,2017,5.91741365176373,0.316059795526021,1991,0,"Converged","weight","female","3dar1",5.29793645253273,6.53689085099473
"3716",27,2017,5.99319236969364,0.318480853713013,1990,0,"Converged","weight","female","3dar1",5.36896989641613,6.61741484297114
"3717",28,2017,6.06703538868672,0.321086178630259,1989,0,"Converged","weight","female","3dar1",5.43770647857141,6.69636429880203
"3718",29,2017,6.13262904276745,0.327073825780849,1988,0,"Converged","weight","female","3dar1",5.49156434423699,6.77369374129792
"3719",30,2017,6.19270960906127,0.340431878995354,1987,0,"Converged","weight","female","3dar1",5.52546312623038,6.85995609189217
"3720",31,2017,6.25296896928688,0.3709661006897,1986,0,"Converged","weight","female","3dar1",5.52587541193507,6.98006252663869
"3721",2,2018,1.25495643999924,0.0337938147344144,2016,0,"Converged","weight","female","3dar1",1.18872056311979,1.32119231687869
"3722",3,2018,1.58325277658794,0.0338427239940613,2015,0,"Converged","weight","female","3dar1",1.51692103755958,1.6495845156163
"3723",4,2018,1.84655556659082,0.0353630601436387,2014,0,"Converged","weight","female","3dar1",1.77724396870929,1.91586716447235
"3724",5,2018,2.08463425929096,0.0513680208295089,2013,0,"Converged","weight","female","3dar1",1.98395293846513,2.1853155801168
"3725",6,2018,2.39519567425011,0.0743559909024226,2012,0,"Converged","weight","female","3dar1",2.24945793208136,2.54093341641886
"3726",7,2018,2.7475275055876,0.0975793351891844,2011,0,"Converged","weight","female","3dar1",2.5562720086168,2.9387830025584
"3727",8,2018,3.12028769916945,0.11938994853018,2010,0,"Converged","weight","female","3dar1",2.8862834000503,3.35429199828861
"3728",9,2018,3.45643041338935,0.140266023578229,2009,0,"Converged","weight","female","3dar1",3.18150900717602,3.73135181960268
"3729",10,2018,3.73832172390602,0.158553886615981,2008,0,"Converged","weight","female","3dar1",3.42755610613869,4.04908734167334
"3730",11,2018,3.97293781444421,0.175350190929947,2007,0,"Converged","weight","female","3dar1",3.62925144022151,4.31662418866691
"3731",12,2018,4.17917991468576,0.191501053874243,2006,0,"Converged","weight","female","3dar1",3.80383784909225,4.55452198027928
"3732",13,2018,4.37765175093072,0.20561758614645,2005,0,"Converged","weight","female","3dar1",3.97464128208368,4.78066221977776
"3733",14,2018,4.56658223849534,0.216872962706509,2004,0,"Converged","weight","female","3dar1",4.14151123159059,4.9916532454001
"3734",15,2018,4.73697196436674,0.224153510797146,2003,0,"Converged","weight","female","3dar1",4.29763108320433,5.17631284552915
"3735",16,2018,4.88525365407841,0.229324323500865,2002,0,"Converged","weight","female","3dar1",4.43577798001672,5.33472932814011
"3736",17,2018,5.01802616813325,0.233431522252236,2001,0,"Converged","weight","female","3dar1",4.56050038451887,5.47555195174763
"3737",18,2018,5.14067298216069,0.239213920296138,2000,0,"Converged","weight","female","3dar1",4.67181369838026,5.60953226594112
"3738",19,2018,5.25739764388117,0.248480918492206,1999,0,"Converged","weight","female","3dar1",4.77037504363645,5.7444202441259
"3739",20,2018,5.36993840204163,0.25814973665077,1998,0,"Converged","weight","female","3dar1",4.86396491820612,5.87591188587714
"3740",21,2018,5.48347668105949,0.267713197387749,1997,0,"Converged","weight","female","3dar1",4.9587588141795,6.00819454793947
"3741",22,2018,5.59670520736959,0.275319967605418,1996,0,"Converged","weight","female","3dar1",5.05707807086297,6.1363323438762
"3742",23,2018,5.70498358863344,0.280219129153834,1995,0,"Converged","weight","female","3dar1",5.15575409549193,6.25421308177496
"3743",24,2018,5.79230594986552,0.278869887067481,1994,0,"Converged","weight","female","3dar1",5.24572097121326,6.33889092851778
"3744",25,2018,5.861554678106,0.275018176097954,1993,0,"Converged","weight","female","3dar1",5.32251905295401,6.40059030325799
"3745",26,2018,5.92089163229182,0.27232852076423,1992,0,"Converged","weight","female","3dar1",5.38712773159393,6.45465553298971
"3746",27,2018,5.97373167352877,0.269804114546256,1991,0,"Converged","weight","female","3dar1",5.4449156090181,6.50254773803943
"3747",28,2018,6.02979143133902,0.268614450639013,1990,0,"Converged","weight","female","3dar1",5.50330710808656,6.55627575459149
"3748",29,2018,6.0818829272843,0.27001318230753,1989,0,"Converged","weight","female","3dar1",5.55265708996155,6.61110876460706
"3749",30,2018,6.1330403789931,0.279250600161604,1988,0,"Converged","weight","female","3dar1",5.58570920267635,6.68037155530984
"3750",31,2018,6.19460616181454,0.310292375287029,1987,0,"Converged","weight","female","3dar1",5.58643310625196,6.80277921737712
"3751",2,2019,1.25545684018722,0.0354943161375156,2017,0,"Converged","weight","female","3dar1",1.18588798055769,1.32502569981675
"3752",3,2019,1.49512269660916,0.0324995913791342,2016,0,"Converged","weight","female","3dar1",1.43142349750605,1.55882189571226
"3753",4,2019,1.82876975371614,0.0443593886929622,2015,0,"Converged","weight","female","3dar1",1.74182535187794,1.91571415555435
"3754",5,2019,2.1493053891921,0.053561202738135,2014,0,"Converged","weight","female","3dar1",2.04432543182536,2.25428534655885
"3755",6,2019,2.38911836859574,0.0665015196333887,2013,0,"Converged","weight","female","3dar1",2.2587753901143,2.51946134707718
"3756",7,2019,2.63892294268466,0.0907014681163395,2012,0,"Converged","weight","female","3dar1",2.46114806517663,2.81669782019268
"3757",8,2019,2.98237678716165,0.121421206707018,2011,0,"Converged","weight","female","3dar1",2.74439122201589,3.2203623523074
"3758",9,2019,3.35704512415465,0.149169156896692,2010,0,"Converged","weight","female","3dar1",3.06467357663714,3.64941667167217
"3759",10,2019,3.70672531025766,0.169696498046759,2009,0,"Converged","weight","female","3dar1",3.37412017408601,4.0393304464293
"3760",11,2019,3.99486975824188,0.186035023657438,2008,0,"Converged","weight","female","3dar1",3.6302411118733,4.35949840461046
"3761",12,2019,4.2274953697917,0.201932755156787,2007,0,"Converged","weight","female","3dar1",3.8317071696844,4.623283569899
"3762",13,2019,4.43387996549163,0.217165557950549,2006,0,"Converged","weight","female","3dar1",4.00823547190855,4.8595244590747
"3763",14,2019,4.62494514680294,0.230577551715798,2005,0,"Converged","weight","female","3dar1",4.17301314543998,5.0768771481659
"3764",15,2019,4.79476383691559,0.24045572714813,2004,0,"Converged","weight","female","3dar1",4.32347061170526,5.26605706212592
"3765",16,2019,4.93788872593725,0.246603873644713,2003,0,"Converged","weight","female","3dar1",4.45454513359361,5.42123231828089
"3766",17,2019,5.05572438983732,0.249941569986925,2002,0,"Converged","weight","female","3dar1",4.56583891266294,5.54560986701169
"3767",18,2019,5.15523056896061,0.254099955961528,2001,0,"Converged","weight","female","3dar1",4.65719465527602,5.6532664826452
"3768",19,2019,5.25068459114793,0.259847549762857,2000,0,"Converged","weight","female","3dar1",4.74138339361273,5.75998578868313
"3769",20,2019,5.3530629563646,0.267604302280366,1999,0,"Converged","weight","female","3dar1",4.82855852389508,5.87756738883412
"3770",21,2019,5.47129862355687,0.276810347334797,1998,0,"Converged","weight","female","3dar1",4.92875034278067,6.01384690433307
"3771",22,2019,5.60941024402707,0.287786235601134,1997,0,"Converged","weight","female","3dar1",5.04534922224885,6.17347126580529
"3772",23,2019,5.77030859834465,0.300282434076118,1996,0,"Converged","weight","female","3dar1",5.18175502755546,6.35886216913384
"3773",24,2019,5.92880219024816,0.31000999634387,1995,0,"Converged","weight","female","3dar1",5.32118259741417,6.53642178308214
"3774",25,2019,6.07416898536426,0.314949350256403,1994,0,"Converged","weight","female","3dar1",5.45686825886171,6.69146971186681
"3775",26,2019,6.19731146307966,0.314996145073397,1993,0,"Converged","weight","female","3dar1",5.5799190187358,6.81470390742352
"3776",27,2019,6.29883416607478,0.310036059710393,1992,0,"Converged","weight","female","3dar1",5.69116348904241,6.90650484310715
"3777",28,2019,6.37145164227491,0.306896403761023,1991,0,"Converged","weight","female","3dar1",5.76993469090331,6.97296859364652
"3778",29,2019,6.41389150970152,0.309274365953439,1990,0,"Converged","weight","female","3dar1",5.80771375243278,7.02006926697026
"3779",30,2019,6.436172409754,0.318443298808182,1989,0,"Converged","weight","female","3dar1",5.81202354408997,7.06032127541804
"3780",31,2019,6.44572015,0.34348996200228,1988,0,"Converged","weight","female","3dar1",5.77247982447553,7.11896047552447
"3781",2,2020,1.28897957693323,0.0409929070298064,2018,0,"Converged","weight","female","3dar1",1.20863347915481,1.36932567471165
"3782",3,2020,1.58085862397506,0.0366042873666858,2017,0,"Converged","weight","female","3dar1",1.50911422073635,1.65260302721376
"3783",4,2020,1.82885566280014,0.0386119234427375,2016,0,"Converged","weight","female","3dar1",1.75317629285238,1.90453503274791
"3784",5,2020,2.12375885839359,0.0515580524345846,2015,0,"Converged","weight","female","3dar1",2.02270507562181,2.22481264116538
"3785",6,2020,2.41675727080004,0.066370665731148,2014,0,"Converged","weight","female","3dar1",2.28667076596699,2.54684377563309
"3786",7,2020,2.66126695298554,0.0896265772327295,2013,0,"Converged","weight","female","3dar1",2.48559886160939,2.83693504436169
"3787",8,2020,2.93999437109215,0.119281359064049,2012,0,"Converged","weight","female","3dar1",2.70620290732661,3.17378583485768
"3788",9,2020,3.26904258255414,0.147820244577279,2011,0,"Converged","weight","female","3dar1",2.97931490318268,3.55877026192561
"3789",10,2020,3.62445217089345,0.169610140614202,2010,0,"Converged","weight","female","3dar1",3.29201629528961,3.95688804649729
"3790",11,2020,3.96023412500492,0.187186822370281,2009,0,"Converged","weight","female","3dar1",3.59334795315917,4.32712029685067
"3791",12,2020,4.25004860011862,0.205380327880589,2008,0,"Converged","weight","female","3dar1",3.84750315747267,4.65259404276458
"3792",13,2020,4.49797661137819,0.224059300553447,2007,0,"Converged","weight","female","3dar1",4.05882038229344,4.93713284046295
"3793",14,2020,4.71437216615054,0.239192041997513,2006,0,"Converged","weight","female","3dar1",4.24555576383541,5.18318856846566
"3794",15,2020,4.89643816038438,0.250842249576364,2005,0,"Converged","weight","female","3dar1",4.4047873512147,5.38808896955405
"3795",16,2020,5.04617079869904,0.258520864397096,2004,0,"Converged","weight","female","3dar1",4.53946990448073,5.55287169291735
"3796",17,2020,5.17019683708899,0.262796215065806,2003,0,"Converged","weight","female","3dar1",4.65511625556001,5.68527741861796
"3797",18,2020,5.27624845843483,0.266389015629267,2002,0,"Converged","weight","female","3dar1",4.75412598780147,5.7983709290682
"3798",19,2020,5.38205128259995,0.270271293032611,2001,0,"Converged","weight","female","3dar1",4.85231954825603,5.91178301694387
"3799",20,2020,5.49741000595447,0.276613664360783,2000,0,"Converged","weight","female","3dar1",4.95524722380734,6.0395727881016
"3800",21,2020,5.63034836466718,0.285579449210993,1999,0,"Converged","weight","female","3dar1",5.07061264421364,6.19008408512073
"3801",22,2020,5.78229362260302,0.295881491847492,1998,0,"Converged","weight","female","3dar1",5.20236589858193,6.3622213466241
"3802",23,2020,5.95257380075174,0.306829227696299,1997,0,"Converged","weight","female","3dar1",5.351188514467,6.55395908703649
"3803",24,2020,6.12190199059988,0.319405028142848,1996,0,"Converged","weight","female","3dar1",5.4958681354399,6.74793584575986
"3804",25,2020,6.28085947207382,0.33165085614929,1995,0,"Converged","weight","female","3dar1",5.63082379402121,6.93089515012643
"3805",26,2020,6.42273030640403,0.343058081874759,1994,0,"Converged","weight","female","3dar1",5.75033646592951,7.09512414687856
"3806",27,2020,6.5465194866062,0.352221673742867,1993,0,"Converged","weight","female","3dar1",5.85616500607018,7.23687396714222
"3807",28,2020,6.64658853303037,0.360387543535668,1992,0,"Converged","weight","female","3dar1",5.94022894770046,7.35294811836027
"3808",29,2020,6.71462422398436,0.36949865920138,1991,0,"Converged","weight","female","3dar1",5.99040685194966,7.43884159601907
"3809",30,2020,6.75205160585978,0.382807976402254,1990,0,"Converged","weight","female","3dar1",6.00174797211136,7.5023552396082
"3810",31,2020,6.75276740622678,0.40630070900989,1989,0,"Converged","weight","female","3dar1",5.9564180165674,7.54911679588616
"3811",2,2021,1.30101401466745,0.0480823061428049,2019,0,"Converged","weight","female","3dar1",1.20677269462755,1.39525533470734
"3812",3,2021,1.68771438271478,0.0521235589291181,2018,0,"Converged","weight","female","3dar1",1.58555220721371,1.78987655821585
"3813",4,2021,1.98946865453387,0.0448521478997895,2017,0,"Converged","weight","female","3dar1",1.90155844465029,2.07737886441746
"3814",5,2021,2.17193235766642,0.0473363823202995,2016,0,"Converged","weight","female","3dar1",2.07915304831863,2.2647116670142
"3815",6,2021,2.35333292654083,0.0577383345908906,2015,0,"Converged","weight","female","3dar1",2.24016579074269,2.46650006233898
"3816",7,2021,2.52814322303308,0.0752895608199794,2014,0,"Converged","weight","female","3dar1",2.38057568382592,2.67571076224024
"3817",8,2021,2.73087941113841,0.0959712436886777,2013,0,"Converged","weight","female","3dar1",2.5427757735086,2.91898304876821
"3818",9,2021,2.98427820599809,0.121243639267054,2012,0,"Converged","weight","female","3dar1",2.74664067303467,3.22191573896152
"3819",10,2021,3.27787695272087,0.145899520141905,2011,0,"Converged","weight","female","3dar1",2.99191389324273,3.563840012199
"3820",11,2021,3.5831662946193,0.169829646854549,2010,0,"Converged","weight","female","3dar1",3.25030018678439,3.91603240245422
"3821",12,2021,3.87781818718852,0.193523355227332,2009,0,"Converged","weight","female","3dar1",3.49851241094295,4.25712396343409
"3822",13,2021,4.14786183733367,0.214544656764408,2008,0,"Converged","weight","female","3dar1",3.72735431007543,4.56836936459191
"3823",14,2021,4.38596108465185,0.231615063726688,2007,0,"Converged","weight","female","3dar1",3.93199555974754,4.83992660955616
"3824",15,2021,4.58908705171337,0.244892748836265,2006,0,"Converged","weight","female","3dar1",4.10909726399429,5.06907683943245
"3825",16,2021,4.76317043456548,0.255963720646258,2005,0,"Converged","weight","female","3dar1",4.26148154209882,5.26485932703215
"3826",17,2021,4.91919633938356,0.265508414804318,2004,0,"Converged","weight","female","3dar1",4.3987998463671,5.43959283240003
"3827",18,2021,5.0694394954007,0.274549981663818,2003,0,"Converged","weight","female","3dar1",4.53132153133961,5.60755745946178
"3828",19,2021,5.22228493400478,0.283131146698612,2002,0,"Converged","weight","female","3dar1",4.6673478864755,5.77722198153406
"3829",20,2021,5.38146048000482,0.290328884914353,2001,0,"Converged","weight","female","3dar1",4.81241586557269,5.95050509443695
"3830",21,2021,5.55194731637496,0.296019633975028,2000,0,"Converged","weight","female","3dar1",4.97174883378391,6.13214579896602
"3831",22,2021,5.73904404272357,0.299631238095401,1999,0,"Converged","weight","female","3dar1",5.15176681605658,6.32632126939055
"3832",23,2021,5.94152671997373,0.299104216351052,1998,0,"Converged","weight","female","3dar1",5.35528245592567,6.52777098402179
"3833",24,2021,6.14019328317143,0.303914199744873,1997,0,"Converged","weight","female","3dar1",5.54452145167148,6.73586511467138
"3834",25,2021,6.3237399742783,0.311126955316416,1996,0,"Converged","weight","female","3dar1",5.71393114185813,6.93354880669848
"3835",26,2021,6.48499284490138,0.322596708012275,1995,0,"Converged","weight","female","3dar1",5.85270329719732,7.11728239260544
"3836",27,2021,6.62277443518347,0.33539460259166,1994,0,"Converged","weight","female","3dar1",5.96540101410381,7.28014785626312
"3837",28,2021,6.73980411494328,0.350363033631284,1993,0,"Converged","weight","female","3dar1",6.05309256902596,7.42651566086059
"3838",29,2021,6.82911783290027,0.364642711919749,1992,0,"Converged","weight","female","3dar1",6.11441811753757,7.54381754826298
"3839",30,2021,6.89189716169219,0.38416953107465,1991,0,"Converged","weight","female","3dar1",6.13892488078587,7.6448694425985
"3840",31,2021,6.92167670413745,0.416205343781868,1990,0,"Converged","weight","female","3dar1",6.10591423032499,7.73743917794991
"3841",2,2022,1.26742567139912,0.0494162386978868,2020,0,"Converged","weight","female","3dar1",1.17056984355126,1.36428149924697
"3842",3,2022,1.61207513028334,0.056363763985933,2019,0,"Converged","weight","female","3dar1",1.50160215287091,1.72254810769576
"3843",4,2022,1.92786000622159,0.0573544012778366,2018,0,"Converged","weight","female","3dar1",1.81544537971703,2.04027463272615
"3844",5,2022,2.18159329721699,0.0551960716561869,2017,0,"Converged","weight","female","3dar1",2.07340899677086,2.28977759766312
"3845",6,2022,2.34408836606971,0.0568373464331688,2016,0,"Converged","weight","female","3dar1",2.2326871670607,2.45548956507873
"3846",7,2022,2.46534611238463,0.0673929257468821,2015,0,"Converged","weight","female","3dar1",2.33325597792074,2.59743624684852
"3847",8,2022,2.61286334958916,0.0847318053679971,2014,0,"Converged","weight","female","3dar1",2.44678901106788,2.77893768811043
"3848",9,2022,2.79587054997089,0.107186342460409,2013,0,"Converged","weight","female","3dar1",2.58578531874849,3.00595578119329
"3849",10,2022,3.00604151426846,0.132837610977689,2012,0,"Converged","weight","female","3dar1",2.74567979675219,3.26640323178473
"3850",11,2022,3.23982097246317,0.161083108772088,2011,0,"Converged","weight","female","3dar1",2.92409807926987,3.55554386565646
"3851",12,2022,3.49178855559515,0.190632872572049,2010,0,"Converged","weight","female","3dar1",3.11814812535393,3.86542898583636
"3852",13,2022,3.74712246395716,0.217479126644097,2009,0,"Converged","weight","female","3dar1",3.32086337573473,4.17338155217959
"3853",14,2022,3.99156740544495,0.239499282753608,2008,0,"Converged","weight","female","3dar1",3.52214881124787,4.46098599964202
"3854",15,2022,4.21591836647202,0.256519211974332,2007,0,"Converged","weight","female","3dar1",3.71314071100233,4.71869602194171
"3855",16,2022,4.4195327546411,0.270346114670251,2006,0,"Converged","weight","female","3dar1",3.88965436988741,4.94941113939479
"3856",17,2022,4.60846053989284,0.282725653388572,2005,0,"Converged","weight","female","3dar1",4.05431825925124,5.16260282053444
"3857",18,2022,4.79024377936114,0.29518751289721,2004,0,"Converged","weight","female","3dar1",4.21167625408261,5.36881130463968
"3858",19,2022,4.9661850615239,0.306348675983232,2003,0,"Converged","weight","female","3dar1",4.36574165659676,5.56662846645103
"3859",20,2022,5.13906480040761,0.316266567484011,2002,0,"Converged","weight","female","3dar1",4.51918232813894,5.75894727267627
"3860",21,2022,5.31247609544424,0.326325321350163,2001,0,"Converged","weight","female","3dar1",4.67287846559792,5.95207372529056
"3861",22,2022,5.49740562751158,0.337796088528413,2000,0,"Converged","weight","female","3dar1",4.83532529399589,6.15948596102727
"3862",23,2022,5.69800058689032,0.351206975818953,1999,0,"Converged","weight","female","3dar1",5.00963491428517,6.38636625949547
"3863",24,2022,5.90911704128444,0.366279035594219,1998,0,"Converged","weight","female","3dar1",5.19121013151977,6.62702395104911
"3864",25,2022,6.1201816438339,0.381490436691758,1997,0,"Converged","weight","female","3dar1",5.37246038791805,6.86790289974974
"3865",26,2022,6.32153000007736,0.396959507669874,1996,0,"Converged","weight","female","3dar1",5.54348936504441,7.09957063511031
"3866",27,2022,6.50779671133598,0.41247570618177,1995,0,"Converged","weight","female","3dar1",5.69934432721971,7.31624909545225
"3867",28,2022,6.67582012413363,0.428472465643662,1994,0,"Converged","weight","female","3dar1",5.83601409147205,7.51562615679521
"3868",29,2022,6.82027888340764,0.444521000812905,1993,0,"Converged","weight","female","3dar1",5.94901772181434,7.69154004500093
"3869",30,2022,6.93714483687142,0.463107039682698,1992,0,"Converged","weight","female","3dar1",6.02945503909333,7.84483463464951
"3870",31,2022,7.01920210930566,0.488412258965276,1991,0,"Converged","weight","female","3dar1",6.06191408173371,7.9764901368776
"3871",2,2023,1.28103432414701,0.0564508066551099,2021,0,"Converged","weight","female","3dar1",1.170390743103,1.39167790519103
"3872",3,2023,1.65431372810197,0.0832379562875151,2020,0,"Converged","weight","female","3dar1",1.49116733377844,1.8174601224255
"3873",4,2023,1.99319713689402,0.105855023953511,2019,0,"Converged","weight","female","3dar1",1.78572128994514,2.20067298384291
"3874",5,2023,2.27484299425018,0.122685709797514,2018,0,"Converged","weight","female","3dar1",2.03437900304706,2.51530698545331
"3875",6,2023,2.47800696775148,0.134998737386454,2017,0,"Converged","weight","female","3dar1",2.21340944247403,2.74260449302893
"3876",7,2023,2.62113258651794,0.145195580360694,2016,0,"Converged","weight","female","3dar1",2.33654924901098,2.9057159240249
"3877",8,2023,2.74567860985059,0.155575483718875,2015,0,"Converged","weight","female","3dar1",2.4407506617616,3.05060655793959
"3878",9,2023,2.87382111024854,0.167858732645057,2014,0,"Converged","weight","female","3dar1",2.54481799426422,3.20282422623285
"3879",10,2023,3.01462872901287,0.182775346150497,2013,0,"Converged","weight","female","3dar1",2.65638905055789,3.37286840746784
"3880",11,2023,3.17365570003043,0.200673527813278,2012,0,"Converged","weight","female","3dar1",2.7803355855164,3.56697581454445
"3881",12,2023,3.35251392378215,0.221439162563424,2011,0,"Converged","weight","female","3dar1",2.91849316515784,3.78653468240646
"3882",13,2023,3.5462597976889,0.243705027142331,2010,0,"Converged","weight","female","3dar1",3.06859794448993,4.02392165088787
"3883",14,2023,3.74724141510394,0.265822596463155,2009,0,"Converged","weight","female","3dar1",3.22622912603615,4.26825370417172
"3884",15,2023,3.94790693394056,0.286420446174881,2008,0,"Converged","weight","female","3dar1",3.38652285943779,4.50929100844333
"3885",16,2023,4.14367664154531,0.305000290281045,2007,0,"Converged","weight","female","3dar1",3.54587607259446,4.74147721049616
"3886",17,2023,4.33376639648481,0.321722109164534,2006,0,"Converged","weight","female","3dar1",3.70319106252232,4.9643417304473
"3887",18,2023,4.51984538285073,0.33721906131428,2005,0,"Converged","weight","female","3dar1",3.85889602267474,5.18079474302672
"3888",19,2023,4.7023571201841,0.351450267698609,2004,0,"Converged","weight","female","3dar1",4.01351459549483,5.39119964487338
"3889",20,2023,4.88258734881744,0.364617216578522,2003,0,"Converged","weight","female","3dar1",4.16793760432354,5.59723709331135
"3890",21,2023,5.06259096601542,0.377412642768762,2002,0,"Converged","weight","female","3dar1",4.32286218618865,5.80231974584219
"3891",22,2023,5.24829821165788,0.390900143593424,2001,0,"Converged","weight","female","3dar1",4.48213393021477,6.01446249310099
"3892",23,2023,5.44409370348095,0.405975750345159,2000,0,"Converged","weight","female","3dar1",4.64838123280443,6.23980617415746
"3893",24,2023,5.65008108323368,0.422822514385822,1999,0,"Converged","weight","female","3dar1",4.82134895503747,6.4788132114299
"3894",25,2023,5.86227463607347,0.440910372463168,1998,0,"Converged","weight","female","3dar1",4.99809030604566,6.72645896610127
"3895",26,2023,6.07498975849047,0.459863931217179,1997,0,"Converged","weight","female","3dar1",5.1736564533048,6.97632306367614
"3896",27,2023,6.28308479398976,0.479390250375747,1996,0,"Converged","weight","female","3dar1",5.34347990325329,7.22268968472622
"3897",28,2023,6.48208664518306,0.499461783077958,1995,0,"Converged","weight","female","3dar1",5.50314155035026,7.46103174001586
"3898",29,2023,6.66660667053187,0.519879337903399,1994,0,"Converged","weight","female","3dar1",5.64764316824121,7.68557017282253
"3899",30,2023,6.83154953024579,0.541360705370098,1993,0,"Converged","weight","female","3dar1",5.7704825477204,7.89261651277118
"3900",31,2023,6.97027456910661,0.565668307764618,1992,0,"Converged","weight","female","3dar1",5.86156468588796,8.07898445232526
"3901",2,2024,1.2876909140179,0.0585407777807988,2022,0,"Converged","weight","female","3dar1",1.17295098956753,1.40243083846826
"3902",3,2024,1.67830347250477,0.0921509902704883,2021,0,"Converged","weight","female","3dar1",1.49768753157461,1.85891941343492
"3903",4,2024,2.03745991453835,0.124429715508467,2020,0,"Converged","weight","female","3dar1",1.79357767214175,2.28134215693495
"3904",5,2024,2.34461790200053,0.151449191254606,2019,0,"Converged","weight","female","3dar1",2.0477774871415,2.64145831685956
"3905",6,2024,2.5824211570521,0.172707549304072,2018,0,"Converged","weight","female","3dar1",2.24391436041612,2.92092795368808
"3906",7,2024,2.75433396053712,0.18922831063504,2017,0,"Converged","weight","female","3dar1",2.38344647169244,3.1252214493818
"3907",8,2024,2.88307991045653,0.202546398770558,2016,0,"Converged","weight","female","3dar1",2.48608896886624,3.28007085204683
"3908",9,2024,2.98997519852513,0.214376161709376,2015,0,"Converged","weight","female","3dar1",2.56979792157476,3.41015247547551
"3909",10,2024,3.09070805442806,0.226143046410424,2014,0,"Converged","weight","female","3dar1",2.64746768346363,3.53394842539249
"3910",11,2024,3.19693491971233,0.238931236364624,2013,0,"Converged","weight","female","3dar1",2.72862969643767,3.665240142987
"3911",12,2024,3.31605259547901,0.253499941572891,2012,0,"Converged","weight","female","3dar1",2.81919270999614,3.81291248096188
"3912",13,2024,3.45017762073808,0.269986442343731,2011,0,"Converged","weight","female","3dar1",2.92100419374437,3.97935104773179
"3913",14,2024,3.59780002699104,0.288022116326102,2010,0,"Converged","weight","female","3dar1",3.03327667899188,4.1623233749902
"3914",15,2024,3.7554685947746,0.306909668101775,2009,0,"Converged","weight","female","3dar1",3.15392564529512,4.35701154425408
"3915",16,2024,3.91970346397314,0.32596022454089,2008,0,"Converged","weight","female","3dar1",3.28082142387299,4.55858550407328
"3916",17,2024,4.08821297303263,0.344674778643449,2007,0,"Converged","weight","female","3dar1",3.41265040689147,4.76377553917379
"3917",18,2024,4.26004847518449,0.36284786780167,2006,0,"Converged","weight","female","3dar1",3.54886665429321,4.97123029607576
"3918",19,2024,4.43429272545028,0.380245157422712,2005,0,"Converged","weight","female","3dar1",3.68901221690176,5.17957323399879
"3919",20,2024,4.61066520567653,0.396821674889855,2004,0,"Converged","weight","female","3dar1",3.83289472289241,5.38843568846065
"3920",21,2024,4.78958615973802,0.412842346662314,2003,0,"Converged","weight","female","3dar1",3.98041516027989,5.59875715919616
"3921",22,2024,4.97366685593004,0.428990238483432,2002,0,"Converged","weight","female","3dar1",4.13284598850251,5.81448772335756
"3922",23,2024,5.16579710843893,0.446109769510303,2001,0,"Converged","weight","female","3dar1",4.29142196019873,6.04017225667912
"3923",24,2024,5.36737857927692,0.464765320443269,2000,0,"Converged","weight","female","3dar1",4.45643855120811,6.27831860734573
"3924",25,2024,5.57756235839257,0.485075557186677,1999,0,"Converged","weight","female","3dar1",4.62681426630668,6.52831045047845
"3925",26,2024,5.79374194387161,0.506909204496755,1998,0,"Converged","weight","female","3dar1",4.80019990305797,6.78728398468525
"3926",27,2024,6.01253107973765,0.530042746248003,1997,0,"Converged","weight","female","3dar1",4.97364729709157,7.05141486238374
"3927",28,2024,6.23015850096426,0.554300103779347,1996,0,"Converged","weight","female","3dar1",5.14373029755674,7.31658670437178
"3928",29,2024,6.4420004894562,0.579455004668766,1995,0,"Converged","weight","female","3dar1",5.30626868030542,7.57773229860698
"3929",30,2024,6.64306879138249,0.605584328411165,1994,0,"Converged","weight","female","3dar1",5.45612350769661,7.83001407506837
"3930",31,2024,6.82729815058276,0.633271348662544,1993,0,"Converged","weight","female","3dar1",5.58608630720417,8.06850999396134
"3931",2,2025,1.2909336880877,0.0592618271194633,2023,0,"Converged","weight","female","3dar1",1.17478050693355,1.40708686924185
"3932",3,2025,1.69158489651395,0.0956036414861984,2022,0,"Converged","weight","female","3dar1",1.504201759201,1.8789680338269
"3933",4,2025,2.06574575961956,0.132940357400982,2021,0,"Converged","weight","female","3dar1",1.80518265911363,2.32630886012548
"3934",5,2025,2.39364275922625,0.166690373556074,2020,0,"Converged","weight","female","3dar1",2.06692962705635,2.72035589139616
"3935",6,2025,2.65990627622204,0.195385170520288,2019,0,"Converged","weight","female","3dar1",2.27695134200228,3.0428612104418
"3936",7,2025,2.86102632815848,0.218988878343971,2018,0,"Converged","weight","female","3dar1",2.4318081266043,3.29024452971267
"3937",8,2025,3.00746045727999,0.238048190967105,2017,0,"Converged","weight","female","3dar1",2.54088600298447,3.47403491157552
"3938",9,2025,3.11487027449001,0.253487045491852,2016,0,"Converged","weight","female","3dar1",2.61803566532598,3.61170488365404
"3939",10,2025,3.19904687111734,0.266435133116431,2015,0,"Converged","weight","female","3dar1",2.67683401020914,3.72125973202555
"3940",11,2025,3.27405977656802,0.278059008321604,2014,0,"Converged","weight","female","3dar1",2.72906412025768,3.81905543287837
"3941",12,2025,3.35093135571128,0.289462893521121,2013,0,"Converged","weight","female","3dar1",2.78358408440988,3.91827862701268
"3942",13,2025,3.43659223235783,0.301512790663099,2012,0,"Converged","weight","female","3dar1",2.84562716265816,4.02755730205751
"3943",14,2025,3.53436787092122,0.314756490948192,2011,0,"Converged","weight","female","3dar1",2.91744514866277,4.15129059317968
"3944",15,2025,3.64490699485213,0.3294047215625,2010,0,"Converged","weight","female","3dar1",2.99927374058963,4.29054024911463
"3945",16,2025,3.76740767863735,0.345406764446422,2009,0,"Converged","weight","female","3dar1",3.09041042032236,4.44440493695234
"3946",17,2025,3.90065700266658,0.362546308528917,2008,0,"Converged","weight","female","3dar1",3.1900662379499,4.61124776738325
"3947",18,2025,4.04359359358845,0.380548101300955,2007,0,"Converged","weight","female","3dar1",3.29771931503858,4.78946787213832
"3948",19,2025,4.19506952778408,0.399048860886207,2006,0,"Converged","weight","female","3dar1",3.41293376044711,4.97720529512104
"3949",20,2025,4.35417437150924,0.417738652252753,2005,0,"Converged","weight","female","3dar1",3.53540661309384,5.17294212992463
"3950",21,2025,4.52039554946887,0.43648092593178,2004,0,"Converged","weight","female","3dar1",3.66489293464258,5.37589816429516
"3951",22,2025,4.6944097027597,0.455473154636754,2003,0,"Converged","weight","female","3dar1",3.80168231967166,5.58713708584774
"3952",23,2025,4.87754329964136,0.475189051596875,2002,0,"Converged","weight","female","3dar1",3.94617275851149,5.80891384077124
"3953",24,2025,5.07089085840543,0.496148995233988,2001,0,"Converged","weight","female","3dar1",4.09843882774681,6.04334288906404
"3954",25,2025,5.27460892636003,0.518733494725655,2000,0,"Converged","weight","female","3dar1",4.25789127669775,6.29132657602231
"3955",26,2025,5.48774100055565,0.54312333223412,1999,0,"Converged","weight","female","3dar1",4.42321926937677,6.55226273173452
"3956",27,2025,5.70844225806084,0.569337896121571,1998,0,"Converged","weight","female","3dar1",4.59253998166257,6.82434453445912
"3957",28,2025,5.93415163630235,0.597306255599872,1997,0,"Converged","weight","female","3dar1",4.7634313753266,7.1048718972781
"3958",29,2025,6.16142829964078,0.62686291455399,1996,0,"Converged","weight","female","3dar1",4.93277698711496,7.3900796121666
"3959",30,2025,6.38612854797662,0.657889931477241,1995,0,"Converged","weight","female","3dar1",5.09666428228123,7.67559281367202
"3960",31,2025,6.6031162758169,0.690448819852302,1994,0,"Converged","weight","female","3dar1",5.24983658890639,7.95639596272741
